t,sender,messageID,attackerType,position_x,position_y,position_z,speed_x,speed_y,speed_z,speed,heading,direction,lane_position,message_interval,distance_difference,acceleration,speed_change_rate,position_change_rate,message_frequency,communication_rate,packet_count,neighbor_count,position_anomaly_score,GPS_consistency,speed_anomaly_score,trajectory_deviation,acceleration_anomaly,message_consistency,message_frequency_anomaly,trajectory_consistency,communication_behavior_score,vehicle_id,timestamp,attack_label,is_malicious
130.46815643378443,1012,1012055,0,-0.4755971018735808,-1.216383839221718,0.0,-0.06649188858177275,-15.18284542853341,0.0,-0.2686569264893571,0.927679299170554,0.927679299170554,-1.1027312723296967,-1.7980115664798668,-0.21083771494179077,0.0,0.0,-0.02892274567553175,2.1046020134003918,2.1046020134003918,1.4273904133974298,0.2102442417296108,-0.22941573387056177,-0.23210003321797068,0.0,0.0,0.0,0.0,0.0,0.0,1.5524126728109728,0.2828402657505764,1.3217069001308606,0,0
131.67212047660243,1002,1002053,4,0.21648529956808682,0.8704714574674692,0.0,150.0,150.0,0.0,4.330898892721817,-1.1802296948739384,-1.1802296948739384,0.11128480729932706,-0.8543203065122273,-0.22282282213147617,0.0,0.0,-0.1764010449469536,0.4750247030900213,0.4750247030900213,1.3142551098256388,0.2102442417296108,-0.22941573387056177,-0.23224408360441126,0.0,0.0,0.0,0.0,0.0,0.0,1.3398412151773689,-1.4500979051501004,1.4426813000619336,4,1
115.23373003343491,1007,1007023,0,0.33460337904136045,-0.36095107937375037,0.0,-8.744406652123791,6.787743277081043,0.0,-0.36471904919391884,-0.2687837795106529,-0.2687837795106529,-1.1027312723296967,-0.6212997158072526,-0.22512225915712755,0.0,0.0,-0.1850801266228355,0.1488679136946459,0.1488679136946459,-0.3827744437512261,0.2102442417296108,-0.22941573387056177,-0.23227172080338654,0.0,0.0,0.0,0.0,0.0,0.0,-0.3726475138844526,-0.583628819699762,-0.20904944020195165,0,0
100.77431436390975,1016,1016000,0,-0.742006825584601,0.09127654108809607,0.0,-13.28709936806187,3.646546868613464,0.0,-0.3014597953260249,-0.05800679269001393,-0.05800679269001393,1.325300886928351,-0.2626679390523189,-0.26356477564364394,0.0,0.0,-0.22076960836443846,-0.19989314642610573,-0.19989314642610573,-1.6838304348268225,0.2102442417296108,-0.22941573387056177,-0.23273376584545316,0.0,0.0,0.0,0.0,0.0,0.0,-1.6915968161914585,0.9760155341108472,-1.6619326424947165,0,0
124.46726891638214,1012,1012041,0,-0.4753220676795172,-1.156286440215026,0.0,-0.06649188858177275,-15.18284542853341,0.0,-0.2686569264893571,0.927679299170554,0.927679299170554,-1.1027312723296967,0.17236444731134956,-0.21083771494179077,0.0,0.0,-0.18818725131343775,-0.4814857966515361,-0.4814857966515361,0.6354432883948927,0.2102442417296108,-0.22941573387056177,-0.23210003321797068,0.0,0.0,0.0,0.0,0.0,0.0,0.6042884494509467,0.2828402657505764,0.7187372592996945,0,0
119.00010508705503,1002,1002031,4,0.24089697269472657,0.8013385415609875,0.0,150.0,150.0,0.0,4.330898892721817,-1.1802296948739384,-1.1802296948739384,-1.1027312723296967,0.5454977966621882,-0.22282282213147617,0.0,0.0,-0.19901362430014816,-0.6519448452738598,-0.6519448452738598,0.06976677053593783,0.2102442417296108,-0.22941573387056177,-0.23224408360441126,0.0,0.0,0.0,0.0,0.0,0.0,0.02968014240978493,-1.4500979051501004,0.1693962158332546,4,1
131.01455687640552,1008,1008056,0,-0.6314687224554114,0.0761072236094181,0.0,-9.085401407639898,-18.474491846838987,0.0,-0.14243628509563758,0.6844255480753929,0.6844255480753929,-1.1027312723296967,0.4983066417110139,-0.1920685655401895,0.0,0.0,-0.18192357954402724,-0.6329895187312968,-0.6329895187312968,1.483958065183325,0.2102442417296108,-0.22941573387056177,-0.23187444464528034,0.0,0.0,0.0,0.0,0.0,0.0,1.4412791889328156,-0.41033500260969424,1.3766092587706125,0,0
136.5245394798855,1014,1014058,0,0.018866041707748468,0.699633758811035,0.0,-8.136546240266938,20.588589061973188,0.0,-0.10622813487034453,-0.555931766616366,-0.555931766616366,1.325300886928351,0.7970533434493456,-0.18668437343317387,0.0,0.0,-0.1831604246963765,-0.7429192484752214,-0.7429192484752214,1.597093368755116,-6.949424530684173,-0.22941573387056177,-0.2318097314189895,0.0,0.0,0.0,0.0,0.0,0.0,1.547386182971155,0.6294278999307118,1.930252735968216,0,0
126.52339454276553,1009,1009049,0,-0.6788700052039138,-0.7164911860717411,0.0,14.64923024777079,8.610220672323951,0.0,-0.22640391027819448,-1.3167376214261457,-1.3167376214261457,0.11128480729932706,-1.5490069403182376,-0.2045546445566401,0.0,0.0,-0.08804753272565248,2.1046020134003918,2.1046020134003918,1.0879845026820567,0.2102442417296108,-0.22941573387056177,-0.2320245162699209,0.0,0.0,0.0,0.0,0.0,0.0,1.2139073348281102,-0.2370411855196266,0.9253369209078887,0,0
125.89283936752466,1016,1016041,0,-0.90296166051511,0.1335473079349886,0.0,-13.28709936806187,3.646546868613464,0.0,-0.3014597953260249,-0.05800679269001393,-0.05800679269001393,1.325300886928351,1.2512790453908451,-0.21571553792857157,0.0,0.0,-0.20044187898949495,-0.8736067290957501,-0.8736067290957501,0.6354432883948927,0.2102442417296108,-0.22941573387056177,-0.23215866033536844,0.0,0.0,0.0,0.0,0.0,0.0,0.5802891532274345,0.9760155341108472,0.8619786882403636,0,0
118.0430228796377,1006,1006029,0,0.34586547136488693,-0.8367502465693807,0.0,-1.5496980895381303,-23.93157344232101,0.0,-0.06317160540549178,0.8952833310040319,0.8952833310040319,0.11128480729932706,1.4230578151379547,-0.18028181973580326,0.0,0.0,-0.18706561064581453,-0.9144931217201763,-0.9144931217201763,-0.04336853303585316,0.2102442417296108,-0.22941573387056177,-0.2317327783872213,0.0,0.0,0.0,0.0,0.0,0.0,-0.09922392586680467,-0.7569226367898296,0.07322852177486931,0,0
111.38256207414868,1006,1006019,0,0.3504441175532924,-0.7690881075176397,0.0,-1.5496980895381303,-23.93157344232101,0.0,-0.06317160540549178,0.8952833310040319,0.8952833310040319,-1.1027312723296967,-0.05753371245514782,-0.18028181973580326,0.0,0.0,-0.16378590686365466,-0.3469155244203141,-0.3469155244203141,-0.6090450508948081,0.2102442417296108,-0.22941573387056177,-0.2317327783872213,0.0,0.0,0.0,0.0,0.0,0.0,-0.6286615760422712,-0.7569226367898296,-0.5960150939418734,0,0
103.21997775948982,1008,1008004,0,-0.49188414027684296,0.3477200753164691,0.0,-9.085401407639898,-18.474491846838987,0.0,-0.14243628509563758,0.6844255480753929,0.6844255480753929,1.325300886928351,0.5879613074712661,-0.1920685655401895,0.0,0.0,-0.18317228407860303,-0.6684529369617309,-0.6684529369617309,-1.4575598276832404,0.2102442417296108,-0.22941573387056177,-0.23187444464528034,0.0,0.0,0.0,0.0,0.0,0.0,-1.4946042366697811,-0.41033500260969424,-1.4161921957773937,0,0
129.7912926883494,1010,1010056,0,-0.9561755596086597,0.0455412330357312,0.0,-3.330296274990087,9.95568497806392,0.0,-0.3780720260386732,-0.5847070204353849,-0.5847070204353849,1.325300886928351,0.5203801100733326,-0.22710786162743654,0.0,0.0,-0.20112213660630915,-0.641937624903839,-0.641937624903839,1.483958065183325,0.2102442417296108,-0.22941573387056177,-0.23229558598862335,0.0,0.0,0.0,0.0,0.0,0.0,1.4407315307159083,-0.06374736842955891,1.2536955787566384,0,0
115.54890691165151,1017,1017030,0,-0.756203527579295,0.6990786072410525,0.0,4.783669788272565,13.354964151385625,0.0,-0.2919440134913492,-0.9430101894797384,-0.9430101894797384,1.325300886928351,-0.510220021884465,-0.2143005306131605,0.0,0.0,-0.17803793740595594,0.02503065648102546,0.02503065648102546,0.013199118750042335,0.2102442417296108,-0.22941573387056177,-0.2321416531991472,0.0,0.0,0.0,0.0,0.0,0.0,0.014696068095695416,1.1493093512009147,-0.17738044315685772,0,0
103.89385028655997,1011,1011005,0,0.5815674882549476,-0.28011775124155974,0.0,-11.712368884762107,21.247785241361655,0.0,-0.056623791325879136,-0.48745613496279744,-0.48745613496279744,0.11128480729932706,-1.777058996344587,-0.17930815251816654,0.0,0.0,0.07064966969861772,2.1046020134003918,2.1046020134003918,-1.400992175897345,0.2102442417296108,-0.22941573387056177,-0.23172107576856757,0.0,0.0,0.0,0.0,0.0,0.0,-1.2684651437128807,0.10954644866050875,-1.3484814322553058,0,0
110.92359046638903,1019,1019021,0,0.5288444370037158,-0.8497403467827646,0.0,-17.376302103923766,9.800501167249662,0.0,-0.15733784321247446,-0.19003518656051338,-0.19003518656051338,1.325300886928351,-0.4092652533150419,-0.19428444376362033,0.0,0.0,-0.16406178265676272,-0.07420050893595925,-0.07420050893595925,-0.4959097473230171,0.2102442417296108,-0.22941573387056177,-0.23190107754136866,0.0,0.0,0.0,0.0,0.0,0.0,-0.4991352645707566,1.4958969853810502,-0.6421325965079503,0,0
131.54190850398285,1001,1001057,1,3.6038708037597713,3.5344370345646494,0.0,-5.958580837432313,10.181873359807902,0.0,-0.34772753564590486,-0.4736501414509813,-0.4736501414509813,-1.1027312723296967,-1.7970378638825275,-0.26356477564364394,0.0,0.0,-0.22076960836443846,2.1046020134003918,2.1046020134003918,1.5405257169692206,0.2102442417296108,4.358898943540674,4.358585241966482,0.0,0.0,0.0,0.0,0.0,0.0,1.6652477854719265,-1.623391722240168,1.429597591004789,1,1
131.88918019204863,1020,1020059,0,0.0012178013445386235,0.05251555863997697,0.0,5.181994831053066,9.975893117410907,0.0,-0.3607064661279383,-1.015626401212372,-1.015626401212372,-1.1027312723296967,1.2301883325749836,-0.2245255836037462,0.0,0.0,-0.20408269860609354,-0.8683045990507652,-0.8683045990507652,1.6536610205410116,-0.2670670097646414,-0.22941573387056177,-0.23226454929105175,0.0,0.0,0.0,0.0,0.0,0.0,1.596129677751808,1.6691908024711177,1.4644914770202522,0,0
105.09999099262028,1005,1005008,0,-1.0637732255175574,-0.8435346742473716,0.0,-7.753988978814018,21.08743772142768,0.0,-0.09852599186506747,-0.5688275486850495,-0.5688275486850495,-1.1027312723296967,0.3398828633118113,-0.1855390562237065,0.0,0.0,-0.17573277463938114,-0.5642060273437391,-0.5642060273437391,-1.2312892205396586,0.2102442417296108,-0.22941573387056177,-0.23179596571927485,0.0,0.0,0.0,0.0,0.0,0.0,-1.2625537029855698,-0.9302164538798973,-1.2272883210336747,0,0
128.5695945171651,1011,1011053,0,0.415465065554388,0.008238503078125856,0.0,-11.712368884762107,21.247785241361655,0.0,-0.056623791325879136,-0.48745613496279744,-0.48745613496279744,1.325300886928351,-1.0714416964885374,-0.17930815251816654,0.0,0.0,-0.11137741707272358,0.9000243562796404,0.9000243562796404,1.3142551098256388,0.2102442417296108,-0.22941573387056177,-0.23172107576856757,0.0,0.0,0.0,0.0,0.0,0.0,1.3658528144771305,0.10954644866050875,1.1309392522387944,0,0
123.60374401994252,1018,1018041,0,0.36878948336076106,0.19385269473014546,0.0,10.7390102939936,-2.217324012489014,0.0,-0.36715165865048555,1.6647215517221783,1.6647215517221783,0.11128480729932706,-0.7117076571902725,-0.2254839908820019,0.0,0.0,-0.1832699593753183,0.26329438346088024,0.26329438346088024,0.6354432883948927,0.2102442417296108,-0.22941573387056177,-0.23227606849873303,0.0,0.0,0.0,0.0,0.0,0.0,0.6498718363221939,1.3226031682909825,0.6319702110680756,0,0
103.14638651224192,1001,1001003,1,3.6038708037597713,3.5344370345646494,0.0,-5.958580837432313,10.181873359807902,0.0,-0.34772753564590486,-0.4736501414509813,-0.4736501414509813,-1.1027312723296967,0.4020372781241694,-0.26356477564364394,0.0,0.0,-0.22076960836443846,-0.5921898476994274,-0.5921898476994274,-1.514127479469136,0.2102442417296108,4.358898943540674,4.358585241966482,0.0,0.0,0.0,0.0,0.0,0.0,-1.5463542011460882,-1.623391722240168,-1.4235866499798273,1,1
103.99669335707043,1013,1013005,0,-1.0937626053826628,0.30790464573189374,0.0,8.966626336535008,-6.622551768963632,0.0,-0.36291050996570695,1.4322867854548724,1.4322867854548724,0.11128480729932706,-0.021537142482638855,-0.22485332736753919,0.0,0.0,-0.1947199817386779,-0.36986051600380315,-0.36986051600380315,-1.400992175897345,0.2102442417296108,-0.22941573387056177,-0.23226848848117165,0.0,0.0,0.0,0.0,0.0,0.0,-1.4199116856431602,0.4561340828406441,-1.3381477525941163,0,0
111.23675708029951,1013,1013019,0,-1.0566734370562063,0.2816909733359461,0.0,8.966626336535008,-6.622551768963632,0.0,-0.36291050996570695,1.4322867854548724,1.4322867854548724,-1.1027312723296967,0.17587437717808188,-0.22485332736753919,0.0,0.0,-0.19688343447803203,-0.4833385803432373,-0.4833385803432373,-0.6090450508948081,0.2102442417296108,-0.22941573387056177,-0.23226848848117165,0.0,0.0,0.0,0.0,0.0,0.0,-0.6370111872461487,0.4561340828406441,-0.6106655909754657,0,0
126.82766211794987,1013,1013046,0,-0.9851443267123261,0.2311360337151901,0.0,8.966626336535008,-6.622551768963632,0.0,-0.36291050996570695,1.4322867854548724,1.4322867854548724,0.11128480729932706,-1.5214753966210064,-0.22485332736753919,0.0,0.0,-0.13722916075005465,2.1046020134003918,2.1046020134003918,0.9182815473243703,0.2102442417296108,-0.22941573387056177,-0.23226848848117165,0.0,0.0,0.0,0.0,0.0,0.0,1.0446546658366789,0.4561340828406441,0.9559097503424405,0,0
114.89879834470518,1017,1017028,0,-0.759030237064261,0.691526864405422,0.0,4.783669788272565,13.354964151385625,0.0,-0.2919440134913492,-0.9430101894797384,-0.9430101894797384,-1.1027312723296967,1.5622206904090288,-0.2143005306131605,0.0,0.0,-0.20156997035029606,-0.9448795785056844,-0.9448795785056844,-0.09993618482174865,0.2102442417296108,-0.22941573387056177,-0.2321416531991472,0.0,0.0,0.0,0.0,0.0,0.0,-0.15750124921617775,1.1493093512009147,-0.24270340213186323,0,0
126.47547096265745,1006,1006044,0,0.33899750208227863,-0.9382434551469921,0.0,-1.5496980895381303,-23.93157344232101,0.0,-0.06317160540549178,0.8952833310040319,0.8952833310040319,0.11128480729932706,0.7906150167282437,-0.18028181973580326,0.0,0.0,-0.17994067751157597,-0.7407816146024474,-0.7407816146024474,0.8051462437525793,0.2102442417296108,-0.22941573387056177,-0.2317327783872213,0.0,0.0,0.0,0.0,0.0,0.0,0.7576712256882921,-0.7569226367898296,0.9205215558804137,0,0
101.4643615597092,1018,1018002,0,0.24504699271765265,0.21830209649922286,0.0,10.7390102939936,-2.217324012489014,0.0,-0.36715165865048555,1.6647215517221783,1.6647215517221783,0.11128480729932706,-0.8052972337231546,-0.22548399088200255,0.0,0.0,-0.1807556015416908,0.39736238058037626,0.39736238058037626,-1.5706951312550315,0.2102442417296108,-0.22941573387056177,-0.23227606849873303,0.0,0.0,0.0,0.0,0.0,0.0,-1.542207387941148,1.3226031682909825,-1.5925966470105248,0,0
116.1943466925201,1001,1001025,1,3.6038708037597713,3.5344370345646494,0.0,-5.958580837432313,10.181873359807902,0.0,-0.34772753564590486,-0.4736501414509813,-0.4736501414509813,-1.1027312723296967,-1.7718616081715504,-0.26356477564364394,0.0,0.0,-0.22076960836443846,2.1046020134003918,2.1046020134003918,-0.26963914017943513,0.2102442417296108,4.358898943540674,4.358585241966482,0.0,0.0,0.0,0.0,0.0,0.0,-0.1401140171033392,-1.623391722240168,-0.11252660416722958,1,1
119.54023989318121,1020,1020039,0,-0.029403028663197613,-0.00389446127805431,0.0,5.181994831053066,9.975893117410907,0.0,-0.3607064661279383,-1.015626401212372,-1.015626401212372,1.325300886928351,-0.677856350644562,-0.2245255836037462,0.0,0.0,-0.18318050656960042,0.21885909028067105,0.21885909028067105,0.5223079848231018,0.2102442417296108,-0.22941573387056177,-0.23226454929105175,0.0,0.0,0.0,0.0,0.0,0.0,0.5343171142867464,1.6691908024711177,0.22366900283448415,0,0
131.66646413302283,1012,1012057,0,-0.4756363924727327,-1.22496918193696,0.0,-0.06649188858177275,-15.18284542853341,0.0,-0.2686569264893571,0.927679299170554,0.927679299170554,-1.1027312723296967,0.23449196991193047,-0.21083771494179077,0.0,0.0,-0.18901836411028353,-0.5134917179850226,-0.5134917179850226,1.5405257169692206,0.2102442417296108,-0.22941573387056177,-0.23210003321797068,0.0,0.0,0.0,0.0,0.0,0.0,1.505010466314326,0.2828402657505764,1.4421129502225607,0,0
126.94351372728202,1003,1003049,16,0.7073546593198027,-1.152475996677677,0.0,17.146246693248383,-17.401030956562966,0.0,-0.05271875687869985,1.3481221050231313,1.3481221050231313,0.11128480729932706,-1.1727776615123362,-0.17872746956371346,0.0,0.0,-0.09976928267746443,1.1598103450096087,1.1598103450096087,1.0879845026820567,0.2102442417296108,-0.22941573387056177,-0.23171409647312494,0.0,0.0,0.0,0.0,0.0,0.0,1.1560824822300084,-1.2768040880600326,0.9675505289882901,0,0
106.3363939958884,1005,1005013,0,-1.07522796380576,-0.8137242410388938,0.0,-7.753988978814018,21.08743772142768,0.0,-0.09852599186506747,-0.5688275486850495,-0.5688275486850495,1.325300886928351,-1.666514628132285,-0.1855390562237065,0.0,0.0,-0.006704834477327696,2.1046020134003918,2.1046020134003918,-0.948450961610181,0.2102442417296108,-0.22941573387056177,-0.23179596571927485,0.0,0.0,0.0,0.0,0.0,0.0,-0.8171246930690641,-0.9302164538798973,-1.1030544518532908,0,0
125.51965018067973,1006,1006042,0,0.33991323131995976,-0.924711027336644,0.0,-1.5496980895381303,-23.93157344232101,0.0,-0.06317160540549178,0.8952833310040319,0.8952833310040319,-1.1027312723296967,-1.250159493476784,-0.18028181973580326,0.0,0.0,-0.09232042953873092,1.39546935682772,1.39546935682772,0.6920109401807882,0.2102442417296108,-0.22941573387056177,-0.2317327783872213,0.0,0.0,0.0,0.0,0.0,0.0,0.7755828180082369,-0.7569226367898296,0.8244806099475432,0,0
119.15154981752443,1006,1006031,0,0.3449497421272058,-0.8502826743797289,0.0,-1.5496980895381303,-23.93157344232101,0.0,-0.06317160540549178,0.8952833310040319,0.8952833310040319,1.325300886928351,0.6900576283304267,-0.18028181973580326,0.0,0.0,-0.17852061157096424,-0.7061592834026212,-0.7061592834026212,0.06976677053593783,0.2102442417296108,-0.22941573387056177,-0.2317327783872213,0.0,0.0,0.0,0.0,0.0,0.0,0.02636201207654006,-0.7569226367898296,0.18461339403766003,0,0
108.13622298849063,1007,1007012,0,0.3630226556112164,-0.38206128985051396,0.0,-8.744406652123791,6.787743277081043,0.0,-0.36471904919391884,-0.2687837795106529,-0.2687837795106529,-1.1027312723296967,-0.6305733503694261,-0.22512225915712755,0.0,0.0,-0.1848693891544522,0.15999890581754536,0.15999890581754536,-1.0050186133960766,0.2102442417296108,-0.22941573387056177,-0.23227172080338654,0.0,0.0,0.0,0.0,0.0,0.0,-0.9925593743592828,-0.583628819699762,-0.9222074957855866,0,0
123.24450276552847,1020,1020046,0,-0.01868573816048993,0.01584904569325664,0.0,5.181994831053066,9.975893117410907,0.0,-0.3607064661279383,-1.015626401212372,-1.015626401212372,1.325300886928351,0.5947027659001524,-0.2245255836037462,0.0,0.0,-0.20028978187555463,-0.6710276178183481,-0.6710276178183481,0.9182815473243703,0.2102442417296108,-0.22941573387056177,-0.23226454929105175,0.0,0.0,0.0,0.0,0.0,0.0,0.8747755489245671,1.6691908024711177,0.5958736221022569,0,0
121.8301879645712,1009,1009038,0,-0.7264799280390765,-0.7432693895518077,0.0,14.64923024777079,8.610220672323951,0.0,-0.22640391027819448,-1.3167376214261457,-1.3167376214261457,0.11128480729932706,1.5490628194841995,-0.2045546445566401,0.0,0.0,-0.19769103874719918,-0.9421030680471821,-0.9421030680471821,0.4657403330372063,0.2102442417296108,-0.22941573387056177,-0.2320245162699209,0.0,0.0,0.0,0.0,0.0,0.0,0.4068442471154936,-0.2370411855196266,0.453763161760789,0,0
106.63337391376528,1015,1015010,0,-0.25893089524673246,0.4862223466609735,0.0,10.904135631270758,11.576128422838552,0.0,-0.25184069638838796,-1.1641709918683423,-1.1641709918683423,-1.1027312723296967,1.487729109437946,-0.20833712287022454,0.0,0.0,-0.19881122009594507,-0.9288993697266523,-0.9288993697266523,-1.1181539169678676,0.2102442417296108,-0.22941573387056177,-0.23206997831328452,0.0,0.0,0.0,0.0,0.0,0.0,-1.1720392134549187,0.8027217170207794,-1.0732138867873735,0,0
111.44955070302193,1015,1015019,0,-0.2299358532803616,0.5156787905351421,0.0,10.904135631270758,11.576128422838552,0.0,-0.25184069638838796,-1.1641709918683423,-1.1641709918683423,0.11128480729932706,-1.4688385661128613,-0.20833712287022454,0.0,0.0,-0.11015374372959914,2.1046020134003918,2.1046020134003918,-0.6090450508948081,0.2102442417296108,-0.22941573387056177,-0.23206997831328452,0.0,0.0,0.0,0.0,0.0,0.0,-0.47861935508620174,0.8027217170207794,-0.5892840713432429,0,0
130.81277811938799,1015,1015056,0,-0.1107340140852813,0.6367775042400572,0.0,10.904135631270758,11.576128422838552,0.0,-0.25184069638838796,-1.1641709918683423,-1.1641709918683423,1.325300886928351,1.5991718688169851,-0.20833712287022454,0.0,0.0,-0.1994551466694941,-0.9525740263330152,-0.9525740263330152,1.483958065183325,0.2102442417296108,-0.22941573387056177,-0.23206997831328452,0.0,0.0,0.0,0.0,0.0,0.0,1.421719398491202,0.8027217170207794,1.3563345136944223,0,0
132.82703543998232,1003,1003057,16,0.7478820872607495,-1.1918345780618664,0.0,17.146246693248383,-17.401030956562966,0.0,-0.05271875687869985,1.3481221050231313,1.3481221050231313,-1.1027312723296967,0.3315952226507504,-0.17872746956371346,0.0,0.0,-0.17164085584649763,-0.5603708979412729,-0.5603708979412729,1.5405257169692206,-0.2670670097646414,-0.22941573387056177,-0.23171409647312494,0.0,0.0,0.0,0.0,0.0,0.0,1.5021412817505935,-1.2768040880600326,1.5587272447059966,0,0
110.32567562485858,1008,1008016,0,-0.5240959669334356,0.2850401864609958,0.0,-9.085401407639898,-18.474491846838987,0.0,-0.14243628509563758,0.6844255480753929,0.6844255480753929,1.325300886928351,0.2302090944690346,-0.1920685655401895,0.0,0.0,-0.17764009446059162,-0.5113378238815561,-0.5113378238815561,-0.7787480062524946,0.2102442417296108,-0.22941573387056177,-0.23187444464528034,0.0,0.0,0.0,0.0,0.0,0.0,-0.8079775167032986,-0.41033500260969424,-0.7022111259254301,0,0
113.75942144640223,1004,1004023,3,0.31311421675257467,-0.6820260040524919,0.0,18.585679703128186,-1.280400464997585,0.0,-0.18816159957334697,1.7371753675310497,1.7371753675310497,1.325300886928351,-0.7038958495699412,2.884155936731383,0.0,0.0,2.8627422036163983,0.25286178598757253,0.25286178598757253,-0.3827744437512261,0.2102442417296108,-0.22941573387056177,-0.19490094734426142,0.0,0.0,0.0,0.0,0.0,0.0,-0.3662826923712753,-1.103510270969965,-0.3571880807979382,3,1
123.16471827085324,1008,1008043,0,-0.5965725769107693,0.14401043653618084,0.0,-9.085401407639898,-18.474491846838987,0.0,-0.14243628509563758,0.6844255480753929,0.6844255480753929,1.325300886928351,0.7922886856462347,-0.1920685655401895,0.0,0.0,-0.18573865091646555,-0.7413381856204557,-0.7413381856204557,0.7485785919666837,0.2102442417296108,-0.22941573387056177,-0.23187444464528034,0.0,0.0,0.0,0.0,0.0,0.0,0.7012196050893066,-0.41033500260969424,0.5878568699203995,0,0
106.07128234662329,1011,1011008,0,0.5711860868361627,-0.2620954853465794,0.0,-11.712368884762107,21.247785241361655,0.0,-0.056623791325879136,-0.48745613496279744,-0.48745613496279744,0.11128480729932706,0.9759316963888465,-0.17930815251816654,0.0,0.0,-0.18187273471356247,-0.7988456489739396,-0.7988456489739396,-1.2312892205396586,0.2102442417296108,-0.22941573387056177,-0.23172107576856757,0.0,0.0,0.0,0.0,0.0,0.0,-1.2769145425107007,0.10954644866050875,-1.1296928908298538,0,0
110.32466645583166,1004,1004017,3,0.28038684236945854,-0.5836219164445806,0.0,18.585679703128186,-1.280400464997585,0.0,-0.18816159957334697,1.7371753675310497,1.7371753675310497,0.11128480729932706,-0.21942376263127855,4.717025914779668,0.0,0.0,3.465434728945769,-0.23341877837019215,-0.23341877837019215,-0.7221803544665991,0.2102442417296108,-0.22941573387056177,-0.17287147155780783,0.0,0.0,0.0,0.0,0.0,0.0,-0.7345502550816306,-1.103510270969965,-0.7023125273071311,3,1
117.90197674934743,1009,1009032,0,-0.7524489768582562,-0.7578756823591167,0.0,14.64923024777079,8.610220672323951,0.0,-0.22640391027819448,-1.3167376214261457,-1.3167376214261457,1.325300886928351,0.10836523057547053,-0.2045546445566401,0.0,0.0,-0.18329416664016587,-0.4467150552862198,-0.4467150552862198,0.1263344223218333,0.2102442417296108,-0.22941573387056177,-0.2320245162699209,0.0,0.0,0.0,0.0,0.0,0.0,0.09865854442911963,-0.2370411855196266,0.059056195718911166,0,0
135.2141758267255,1002,1002059,4,0.20982757053354872,0.889325889078328,0.0,150.0,150.0,0.0,4.330898892721817,-1.1802296948739384,-1.1802296948739384,1.325300886928351,0.6841414004735843,-0.22282282213147617,0.0,0.0,-0.20005905367831694,-0.7040471311634514,-0.7040471311634514,1.6536610205410116,-5.517490776201416,-0.22941573387056177,-0.23224408360441126,0.0,0.0,0.0,0.0,0.0,0.0,1.6061828611005762,-1.4500979051501004,1.7985872949792248,4,1
112.28410417073891,1008,1008021,0,-0.5375175613736827,0.2589235661045486,0.0,-9.085401407639898,-18.474491846838987,0.0,-0.14243628509563758,0.6844255480753929,0.6844255480753929,-1.1027312723296967,-0.981672419896901,-0.1920685655401895,0.0,0.0,-0.1347778752603689,0.7059563907970252,0.7059563907970252,-0.4959097473230171,0.2102442417296108,-0.22941573387056177,-0.23187444464528034,0.0,0.0,0.0,0.0,0.0,0.0,-0.45138668756722566,-0.41033500260969424,-0.5054280745053703,0,0
130.56470438736642,1009,1009054,0,-0.6572291311879308,-0.7043192753989836,0.0,14.64923024777079,8.610220672323951,0.0,-0.22640391027819448,-1.3167376214261457,-1.3167376214261457,0.11128480729932706,0.9672389628997095,-0.2045546445566401,0.0,0.0,-0.1934529776538309,-0.796273845741485,-0.796273845741485,1.3708227616115343,0.2102442417296108,-0.22941573387056177,-0.2320245162699209,0.0,0.0,0.0,0.0,0.0,0.0,1.3184504528553613,-0.2370411855196266,1.3314080459572895,0,0
131.43768221630052,1001,1001056,1,3.6038708037597713,3.5344370345646494,0.0,-5.958580837432313,10.181873359807902,0.0,-0.34772753564590486,-0.4736501414509813,-0.4736501414509813,-1.1027312723296967,-0.8050539730675567,-0.26356477564364394,0.0,0.0,-0.22076960836443846,0.3969906068753071,0.3969906068753071,1.483958065183325,0.2102442417296108,4.358898943540674,4.358585241966482,0.0,0.0,0.0,0.0,0.0,0.0,1.504317899936289,-1.623391722240168,1.4191249255754275,1,1
122.68412739891387,1009,1009040,0,-0.7178235784326833,-0.7384006252827047,0.0,14.64923024777079,8.610220672323951,0.0,-0.22640391027819448,-1.3167376214261457,-1.3167376214261457,0.11128480729932706,-0.8049930730067617,-0.2045546445566401,0.0,0.0,-0.1587772576100544,0.39689755397873755,0.39689755397873755,0.5788756366089973,0.2102442417296108,-0.22941573387056177,-0.2320245162699209,0.0,0.0,0.0,0.0,0.0,0.0,0.6016313034565751,-0.2370411855196266,0.5395670620212071,0,0
121.36097988272691,1019,1019041,0,0.4261664509704551,-0.7943221040706069,0.0,-17.376302103923766,9.800501167249662,0.0,-0.15733784321247446,-0.19003518656051338,-0.19003518656051338,1.325300886928351,-1.4616218081512458,-0.19428444376362033,0.0,0.0,-0.08336172519962831,2.1046020134003918,2.1046020134003918,0.6354432883948927,0.2102442417296108,-0.22941573387056177,-0.23190107754136866,0.0,0.0,0.0,0.0,0.0,0.0,0.7625668841842936,1.4958969853810502,0.40661709748874925,0,0
130.5596926465026,1001,1001053,1,3.6038708037597713,3.5344370345646494,0.0,-5.958580837432313,10.181873359807902,0.0,-0.34772753564590486,-0.4736501414509813,-0.4736501414509813,-1.1027312723296967,0.8065681464363824,-0.26356477564364394,0.0,0.0,-0.22076960836443846,-0.7460615685864412,-0.7460615685864412,1.3142551098256388,0.2102442417296108,4.358898943540674,4.358585241966482,0.0,0.0,0.0,0.0,0.0,0.0,1.26510607934629,-1.623391722240168,1.330904465848543,1,1
113.43933064957842,1008,1008023,0,-0.5428861991497814,0.2484769179619697,0.0,-9.085401407639898,-18.474491846838987,0.0,-0.14243628509563758,0.6844255480753929,0.6844255480753929,-1.1027312723296967,0.6145843414596613,-0.1920685655401895,0.0,0.0,-0.1835277752027362,-0.678548944514569,-0.678548944514569,-0.3827744437512261,0.2102442417296108,-0.22941573387056177,-0.23187444464528034,0.0,0.0,0.0,0.0,0.0,0.0,-0.42328858054904833,-0.41033500260969424,-0.38935082876388594,0,0
104.10078511930521,1017,1017008,0,-0.787297331913921,0.6160094360491164,0.0,4.783669788272565,13.354964151385625,0.0,-0.2919440134913492,-0.9430101894797384,-0.9430101894797384,-1.1027312723296967,-1.043798668785123,-0.2143005306131605,0.0,0.0,-0.15833651473387922,0.8370561851994174,0.8370561851994174,-1.2312892205396586,0.2102442417296108,-0.22941573387056177,-0.2321416531991472,0.0,0.0,0.0,0.0,0.0,0.0,-1.1767911125622137,1.1493093512009147,-1.3276886042921061,0,0
109.50135471421899,1020,1020019,0,-0.06002385867093385,-0.06030448119608559,0.0,5.181994831053066,9.975893117410907,0.0,-0.3607064661279383,-1.015626401212372,-1.015626401212372,0.11128480729932706,0.2458925749195636,-0.2245255836037462,0.0,0.0,-0.19737046818477505,-0.5191884309597335,-0.5191884309597335,-0.6090450508948081,0.2102442417296108,-0.22941573387056177,-0.23226454929105175,0.0,0.0,0.0,0.0,0.0,0.0,-0.6392053347994329,1.6691908024711177,-0.7850389546385291,0,0
105.72114848299238,1008,1008009,0,-0.50530573471709,0.3216034549600219,0.0,-9.085401407639898,-18.474491846838987,0.0,-0.14243628509563758,0.6844255480753929,0.6844255480753929,-1.1027312723296967,-1.5149505200241664,-0.1920685655401895,0.0,0.0,-0.06794586869565857,2.1046020134003918,2.1046020134003918,-1.174721568753763,0.2102442417296108,-0.22941573387056177,-0.23187444464528034,0.0,0.0,0.0,0.0,0.0,0.0,-1.0427949183909724,-0.41033500260969424,-1.164874368466974,0,0
105.63694230899058,1002,1002009,4,0.26530864582136626,0.7322056256545056,0.0,150.0,150.0,0.0,4.330898892721817,-1.1802296948739384,-1.1802296948739384,-1.1027312723296967,-0.1893497065054585,-0.22282282213147617,0.0,0.0,-0.19106669367445994,-0.2558843747620899,-0.2558843747620899,-1.174721568753763,0.2102442417296108,-0.22941573387056177,-0.23224408360441126,0.0,0.0,0.0,0.0,0.0,0.0,-1.1872656858859967,-1.4500979051501004,-1.1733354113287817,4,1
108.7848598739087,1008,1008014,0,-0.5187273291573369,0.29548683460357467,0.0,-9.085401407639898,-18.474491846838987,0.0,-0.14243628509563758,0.6844255480753929,0.6844255480753929,1.325300886928351,0.6457041017882362,-0.1920685655401895,0.0,0.0,-0.18393488164281535,-0.6901108356978467,-0.6901108356978467,-0.8918833098242855,0.2102442417296108,-0.22941573387056177,-0.23187444464528034,0.0,0.0,0.0,0.0,0.0,0.0,-0.9317542193492734,-0.41033500260969424,-0.8570324114841087,0,0
121.94461352629534,1003,1003039,16,0.6566953743936191,-1.1032777699474405,0.0,17.146246693248383,-17.401030956562966,0.0,-0.05271875687869985,1.3481221050231313,1.3481221050231313,1.325300886928351,1.2127539595574819,-0.17872746956371346,0.0,0.0,-0.1843215637909843,-0.8638721988261497,-0.8638721988261497,0.5223079848231018,0.2102442417296108,-0.22941573387056177,-0.23171409647312494,0.0,0.0,0.0,0.0,0.0,0.0,0.4680498309367642,-1.2768040880600326,0.4652606510329393,0,0
132.24768616202007,1009,1009057,0,-0.6442446067783411,-0.6970161289953292,0.0,14.64923024777079,8.610220672323951,0.0,-0.22640391027819448,-1.3167376214261457,-1.3167376214261457,1.325300886928351,0.746153168902313,-0.2045546445566401,0.0,0.0,-0.1914038507904608,-0.7257645797569584,-0.7257645797569584,1.5405257169692206,-0.2670670097646414,-0.22941573387056177,-0.2320245162699209,0.0,0.0,0.0,0.0,0.0,0.0,1.4920185577770229,-0.2370411855196266,1.500514184548536,0,0
119.13985101845915,1012,1012032,0,-0.47514525998333346,-1.1176523979964381,0.0,-0.06649188858177275,-15.18284542853341,0.0,-0.2686569264893571,0.927679299170554,0.927679299170554,-1.1027312723296967,-0.6799459537993185,-0.21083771494179077,0.0,0.0,-0.1699313265683357,0.22154475886307184,0.22154475886307184,0.1263344223218333,0.2102442417296108,-0.22941573387056177,-0.23210003321797068,0.0,0.0,0.0,0.0,0.0,0.0,0.13955859313110958,0.2828402657505764,0.18343789780479672,0,0
127.25825534241386,1019,1019054,0,0.35942576004883564,-0.7583002463077043,0.0,-17.376302103923766,9.800501167249662,0.0,-0.15733784321247446,-0.19003518656051338,-0.19003518656051338,-1.1027312723296967,-0.5274086463104213,-0.19428444376362033,0.0,0.0,-0.16005888850700833,0.043118415495673315,0.043118415495673315,1.3708227616115343,0.2102442417296108,-0.22941573387056177,-0.23190107754136866,0.0,0.0,0.0,0.0,0.0,0.0,1.369824459847504,1.4958969853810502,0.9991757907650377,0,0
125.34669606931915,1007,1007040,0,0.2906826788879467,-0.3283262086369339,0.0,-8.744406652123791,6.787743277081043,0.0,-0.36471904919391884,-0.2687837795106529,-0.2687837795106529,-1.1027312723296967,0.8143340151270813,-0.22512225915712755,0.0,0.0,-0.20207165419850806,-0.7486115950599469,-0.7486115950599469,0.5788756366089973,0.2102442417296108,-0.22941573387056177,-0.23227172080338654,0.0,0.0,0.0,0.0,0.0,0.0,0.531521775706653,-0.583628819699762,0.8071021674913333,0,0
125.96691712945061,1001,1001044,1,3.6038708037597713,3.5344370345646494,0.0,-5.958580837432313,10.181873359807902,0.0,-0.34772753564590486,-0.4736501414509813,-0.4736501414509813,-1.1027312723296967,-1.1264188478291868,-0.26356477564364394,0.0,0.0,-0.22076960836443846,1.0348846791289614,1.0348846791289614,0.8051462437525793,0.2102442417296108,4.358898943540674,4.358585241966482,0.0,0.0,0.0,0.0,0.0,0.0,0.8663487734839054,-1.623391722240168,0.8694220274751909,1,1
117.4088592838997,1019,1019035,0,0.4569698467804333,-0.8109475768842542,0.0,-17.376302103923766,9.800501167249662,0.0,-0.15733784321247446,-0.19003518656051338,-0.19003518656051338,-1.1027312723296967,-0.901625486447823,-0.19428444376362033,0.0,0.0,-0.1425758410883156,0.5555207529579627,0.5555207529579627,0.2960373776795198,0.2102442417296108,-0.22941573387056177,-0.23190107754136866,0.0,0.0,0.0,0.0,0.0,0.0,0.3292518664123043,1.4958969853810502,0.009507714737334283,0,0
118.55950905739162,1014,1014030,0,0.0861773629951435,0.536644461756485,0.0,-8.136546240266938,20.588589061973188,0.0,-0.10622813487034453,-0.555931766616366,-0.555931766616366,1.325300886928351,1.0369037975975888,-0.18668437343317387,0.0,0.0,-0.1859462608485366,-0.8164965489093341,-0.8164965489093341,0.013199118750042335,0.2102442417296108,-0.22941573387056177,-0.2318097314189895,0.0,0.0,0.0,0.0,0.0,0.0,-0.03680860561916952,0.6294278999307118,0.1251250927723131,0,0
135.73342406922796,1007,1007057,0,0.24676197873453298,-0.2957013379001175,0.0,-8.744406652123791,6.787743277081043,0.0,-0.36471904919391884,-0.2687837795106529,-0.2687837795106529,0.11128480729932706,0.9448115598681529,-0.22512225915712755,0.0,0.0,-0.20284715416680582,-0.7895729110739079,-0.7895729110739079,1.5405257169692206,-5.517490776201416,-0.22941573387056177,-0.23227172080338654,0.0,0.0,0.0,0.0,0.0,0.0,1.4881132445991259,-0.583628819699762,1.8507613984557487,0,0
129.12101079202662,1007,1007046,0,0.2751812553043889,-0.316811548376881,0.0,-8.744406652123791,6.787743277081043,0.0,-0.36471904919391884,-0.2687837795106529,-0.2687837795106529,0.11128480729932706,1.0521335428121208,-0.22512225915712755,0.0,0.0,-0.20343840178599035,-0.8208021587360067,-0.8208021587360067,0.9182815473243703,0.2102442417296108,-0.22941573387056177,-0.23227172080338654,0.0,0.0,0.0,0.0,0.0,0.0,0.8656087759297723,-0.583628819699762,1.186345602089133,0,0
127.41012722887112,1017,1017048,0,-0.730763142214601,0.7670442927617276,0.0,4.783669788272565,13.354964151385625,0.0,-0.2919440134913492,-0.9430101894797384,-0.9430101894797384,-1.1027312723296967,0.7920649826689925,-0.2143005306131605,0.0,0.0,-0.19662983019793556,-0.7412638302455798,-0.7412638302455798,1.0314168508961612,0.2102442417296108,-0.22941573387056177,-0.2321416531991472,0.0,0.0,0.0,0.0,0.0,0.0,0.9833119375741515,1.1493093512009147,1.014435889636067,0,0
128.858958152524,1017,1017052,0,-0.725109723244669,0.7821477784329888,0.0,4.783669788272565,13.354964151385625,0.0,-0.2919440134913492,-0.9430101894797384,-0.9430101894797384,-1.1027312723296967,-1.3505606568675885,-0.2143005306131605,0.0,0.0,-0.13581922201918933,1.7651422846803484,1.7651422846803484,1.2576874580397432,0.2102442417296108,-0.22941573387056177,-0.2321416531991472,0.0,0.0,0.0,0.0,0.0,0.0,1.3623837740612266,1.1493093512009147,1.1600145326495646,0,0
113.58294176064307,1008,1008024,0,-0.5455705180378309,0.24325359389068027,0.0,-9.085401407639898,-18.474491846838987,0.0,-0.14243628509563758,0.6844255480753929,0.6844255480753929,0.11128480729932706,-1.6443473576367351,-0.1920685655401895,0.0,0.0,-0.03242829334625888,2.1046020134003918,2.1046020134003918,-0.32620679196533064,0.2102442417296108,-0.22941573387056177,-0.23187444464528034,0.0,0.0,0.0,0.0,0.0,0.0,-0.1965315734338164,-0.41033500260969424,-0.3749207732417824,0,0
119.58567360465919,1005,1005033,0,-1.12104691695857,-0.6944825082049825,0.0,-7.753988978814018,21.08743772142768,0.0,-0.09852599186506747,-0.5688275486850495,-0.5688275486850495,1.325300886928351,-1.7812333498517336,-0.1855390562237065,0.0,0.0,0.051781760733227156,2.1046020134003918,2.1046020134003918,0.18290207410772882,0.2102442417296108,-0.22941573387056177,-0.23179596571927485,0.0,0.0,0.0,0.0,0.0,0.0,0.311226433540477,-0.9302164538798973,0.22823418566986672,0,0
125.63215148966412,1012,1012043,0,-0.47536135827866915,-1.1648717829302677,0.0,-0.06649188858177275,-15.18284542853341,0.0,-0.2686569264893571,0.927679299170554,0.927679299170554,-1.1027312723296967,-0.689784545801427,-0.21083771494179077,0.0,0.0,-0.16960037425767877,0.23428963977481096,0.23428963977481096,0.7485785919666837,0.2102442417296108,-0.22941573387056177,-0.23210003321797068,0.0,0.0,0.0,0.0,0.0,0.0,0.7609317480744131,0.2828402657505764,0.8357847501559101,0,0
104.20935761752533,1008,1008005,0,-0.49456845916489234,0.34249675124517964,0.0,-9.085401407639898,-18.474491846838987,0.0,-0.14243628509563758,0.6844255480753929,0.6844255480753929,0.11128480729932706,1.6346024268598673,-0.1920685655401895,0.0,0.0,-0.19343136684935178,-0.9598126084338103,-0.9598126084338103,-1.400992175897345,0.2102442417296108,-0.22941573387056177,-0.23187444464528034,0.0,0.0,0.0,0.0,0.0,0.0,-1.4560190031884253,-0.41033500260969424,-1.3167792312925164,0,0
126.0899257725819,1007,1007042,0,0.28551553769342747,-0.32448798855024963,0.0,-8.744406652123791,6.787743277081043,0.0,-0.36471904919391884,-0.2687837795106529,-0.2687837795106529,0.11128480729932706,-1.6708635385377226,-0.22512225915712755,0.0,0.0,-0.11443695762469994,2.1046020134003918,2.1046020134003918,0.6920109401807882,0.2102442417296108,-0.22941573387056177,-0.23227172080338654,0.0,0.0,0.0,0.0,0.0,0.0,0.8189844405147708,-0.583628819699762,0.8817819454294799,0,0
123.56561849491855,1019,1019048,0,0.39022915585881385,-0.7749257191213517,0.0,-17.376302103923766,9.800501167249662,0.0,-0.15733784321247446,-0.19003518656051338,-0.19003518656051338,0.11128480729932706,-0.6316229673993518,-0.19428444376362033,0.0,0.0,-0.15602768550851578,0.16126703053655278,0.16126703053655278,1.0314168508961612,0.2102442417296108,-0.22941573387056177,-0.23190107754136866,0.0,0.0,0.0,0.0,0.0,0.0,1.038550267606057,1.4958969853810502,0.6281393553715577,0,0
111.05245083108781,1001,1001016,1,3.6038708037597713,3.5344370345646494,0.0,-5.958580837432313,10.181873359807902,0.0,-0.34772753564590486,-0.4736501414509813,-0.4736501414509813,-1.1027312723296967,0.46826377327778057,-0.26356477564364394,0.0,0.0,-0.22076960836443846,-0.6205730152996369,-0.6205730152996369,-0.7787480062524946,0.2102442417296108,4.358898943540674,4.358585241966482,0.0,0.0,0.0,0.0,0.0,0.0,-0.8146631269320959,-1.623391722240168,-0.6291846971189893,1,1
109.95942456803628,1007,1007015,0,0.3552719438194375,-0.3763039597204875,0.0,-8.744406652123791,6.787743277081043,0.0,-0.36471904919391884,-0.2687837795106529,-0.2687837795106529,1.325300886928351,-0.4084496793314255,-0.22512225915712755,0.0,0.0,-0.18931768434324922,-0.07495664853489993,-0.07495664853489993,-0.83531565803839,0.2102442417296108,-0.22941573387056177,-0.23227172080338654,0.0,0.0,0.0,0.0,0.0,0.0,-0.837686881180236,-0.583628819699762,-0.7390120603781678,0,0
105.11092012427754,1013,1013007,0,-1.0884641527645975,0.3041598353896155,0.0,8.966626336535008,-6.622551768963632,0.0,-0.36291050996570695,1.4322867854548724,1.4322867854548724,0.11128480729932706,-0.4633693718186693,-0.22485332736753919,0.0,0.0,-0.18809669447491903,-0.022453889280002547,-0.022453889280002547,-1.2878568723255541,0.2102442417296108,-0.22941573387056177,-0.23226848848117165,0.0,0.0,0.0,0.0,0.0,0.0,-1.285813962764523,0.4561340828406441,-1.2261901610413626,0,0
127.50487519600401,1010,1010051,0,-0.9512558115465436,0.031467295461909954,0.0,-3.330296274990087,9.95568497806392,0.0,-0.3780720260386732,-0.5847070204353849,-0.5847070204353849,1.325300886928351,1.2419294277541288,-0.22710786162743654,0.0,0.0,-0.2052396073462085,-0.8712642838323477,-0.8712642838323477,1.2011198062538477,0.2102442417296108,-0.22941573387056177,-0.23229558598862335,0.0,0.0,0.0,0.0,0.0,0.0,1.144608083114074,-0.06374736842955891,1.0239561726851871,0,0
107.76438816770901,1016,1016010,0,-0.7812641023969202,0.10158648422148449,0.0,-13.28709936806187,3.646546868613464,0.0,-0.3014597953260249,-0.05800679269001393,-0.05800679269001393,0.11128480729932706,1.179190515811355,-0.21571553792857157,0.0,0.0,-0.20000836856371584,-0.8552105152513823,-0.8552105152513823,-1.1181539169678676,0.2102442417296108,-0.22941573387056177,-0.23215866033536844,0.0,0.0,0.0,0.0,0.0,0.0,-1.1675291745852776,0.9760155341108472,-0.9595694872718504,0,0
127.79057758122431,1001,1001048,1,3.6038708037597713,3.5344370345646494,0.0,-5.958580837432313,10.181873359807902,0.0,-0.34772753564590486,-0.4736501414509813,-0.4736501414509813,-1.1027312723296967,0.2468323859348071,-0.26356477564364394,0.0,0.0,-0.22076960836443846,-0.5196556731982545,-0.5196556731982545,1.0314168508961612,0.2102442417296108,4.358898943540674,4.358585241966482,0.0,0.0,0.0,0.0,0.0,0.0,0.996875201777809,-1.623391722240168,1.052663570399495,1,1
117.46862794814362,1005,1005029,0,-1.111883126328008,-0.7183308547717648,0.0,-7.753988978814018,21.08743772142768,0.0,-0.09852599186506747,-0.5688275486850495,-0.5688275486850495,-1.1027312723296967,1.177575890305447,-0.1855390562237065,0.0,0.0,-0.18689895794994077,-0.8547894920795046,-0.8547894920795046,-0.04336853303585316,0.2102442417296108,-0.22941573387056177,-0.23179596571927485,0.0,0.0,0.0,0.0,0.0,0.0,-0.09556983608273226,-0.9302164538798973,0.01551327473285222,0,0
135.30369684241464,1005,1005059,0,-1.180611556057223,-0.5394682555208978,0.0,-7.753988978814018,21.08743772142768,0.0,-0.09852599186506747,-0.5688275486850495,-0.5688275486850495,0.11128480729932706,-1.1259850017397774,-0.1855390562237065,0.0,0.0,-0.11432785726787682,1.0337664530785593,1.0337664530785593,1.6536610205410116,-5.517490776201416,-0.22941573387056177,-0.23179596571927485,0.0,0.0,0.0,0.0,0.0,0.0,1.7125436787429782,-0.9302164538798973,1.8075823735439185,0,0
118.50358856566523,1011,1011032,0,0.48813487548588286,-0.11791735818673658,0.0,-11.712368884762107,21.247785241361655,0.0,-0.056623791325879136,-0.48745613496279744,-0.48745613496279744,1.325300886928351,-0.40268438158480657,-0.17930815251816654,0.0,0.0,-0.15205564732673288,-0.0802822450385228,-0.0802822450385228,0.1263344223218333,0.2102442417296108,-0.22941573387056177,-0.23172107576856757,0.0,0.0,0.0,0.0,0.0,0.0,0.12108562962534186,0.10954644866050875,0.11950619744831543,0,0
114.20061473596262,1016,1016020,0,-0.8205213792092394,0.1118964273548729,0.0,-13.28709936806187,3.646546868613464,0.0,-0.3014597953260249,-0.05800679269001393,-0.05800679269001393,0.11128480729932706,1.0896474660950504,-0.21571553792857157,0.0,0.0,-0.19944344575821885,-0.8312377567720318,-0.8312377567720318,-0.5524773991089126,0.2102442417296108,-0.22941573387056177,-0.23215866033536844,0.0,0.0,0.0,0.0,0.0,0.0,-0.6018863870533931,0.9760155341108472,-0.3128569450164584,0,0
113.49837787129096,1019,1019028,0,0.4929071418920745,-0.8303439618335093,0.0,-17.376302103923766,9.800501167249662,0.0,-0.15733784321247446,-0.19003518656051338,-0.19003518656051338,0.11128480729932706,-0.4136920210071668,-0.19428444376362033,0.0,0.0,-0.16392133863199754,-0.0700843016839367,-0.0700843016839367,-0.09993618482174865,0.2102442417296108,-0.22941573387056177,-0.23190107754136866,0.0,0.0,0.0,0.0,0.0,0.0,-0.10396044267848666,1.4958969853810502,-0.3834177593695947,0,0
124.96707862267374,1001,1001042,1,3.6038708037597713,3.5344370345646494,0.0,-5.958580837432313,10.181873359807902,0.0,-0.34772753564590486,-0.4736501414509813,-0.4736501414509813,-1.1027312723296967,-1.4224490531410359,-0.26356477564364394,0.0,0.0,-0.22076960836443846,2.0883986436348008,2.0883986436348008,0.6920109401807882,0.2102442417296108,4.358898943540674,4.358585241966482,0.0,0.0,0.0,0.0,0.0,0.0,0.8179927325016343,-1.623391722240168,0.7689581771576977,1,1
103.09171900123093,1014,1014005,0,0.146276757001743,0.3911183036720654,0.0,-8.136546240266938,20.588589061973188,0.0,-0.10622813487034453,-0.555931766616366,-0.555931766616366,1.325300886928351,0.21293360052418261,-0.186684373433175,0.0,0.0,-0.17406023528706793,-0.5025722454194563,-0.5025722454194563,-1.400992175897345,0.2102442417296108,-0.22941573387056177,-0.2318097314189895,0.0,0.0,0.0,0.0,0.0,0.0,-1.428034149513497,0.6294278999307118,-1.4290796457048498,0,0
124.43850271374416,1007,1007038,0,0.29584982008246596,-0.3321644287236182,0.0,-8.744406652123791,6.787743277081043,0.0,-0.36471904919391884,-0.2687837795106529,-0.2687837795106529,-1.1027312723296967,1.5155971966428423,-0.22512225915712755,0.0,0.0,-0.20559955704729893,-0.9349527289907155,-0.9349527289907155,0.4657403330372063,0.2102442417296108,-0.22941573387056177,-0.23227172080338654,0.0,0.0,0.0,0.0,0.0,0.0,0.407281875130007,-0.583628819699762,0.7158468290387705,0,0
112.8010379354671,1004,1004021,3,-0.057308560635172985,-0.2552621638041437,0.0,18.585679703128186,-1.280400464997585,0.0,-0.18816159957334697,1.7371753675310497,1.7371753675310497,-1.1027312723296967,-1.5383407883661109,5.687576044699425,0.0,0.0,12.948774464170029,2.1046020134003918,2.1046020134003918,-0.4959097473230171,0.2102442417296108,-0.22941573387056177,-0.16120631754105988,0.0,0.0,0.0,0.0,0.0,0.0,-0.36578424242524765,-1.103510270969965,-0.45348652993421296,3,1
123.19007440994238,1009,1009041,0,-0.7134954036294867,-0.7359662431481532,0.0,14.64923024777079,8.610220672323951,0.0,-0.22640391027819448,-1.3167376214261457,-1.3167376214261457,1.325300886928351,-0.2396120498388988,-0.2045546445566401,0.0,0.0,-0.17664588387110405,-0.21795150409585112,-0.21795150409585112,0.6354432883948927,0.2102442417296108,-0.22941573387056177,-0.2320245162699209,0.0,0.0,0.0,0.0,0.0,0.0,0.6204177530121573,-0.2370411855196266,0.5904046567327847,0,0
105.70938463041468,1020,1020011,0,-0.07227219067402835,-0.0828684891632981,0.0,5.181994831053066,9.975893117410907,0.0,-0.3607064661279383,-1.015626401212372,-1.015626401212372,0.11128480729932706,0.22432180780270525,-0.2245255836037462,0.0,0.0,-0.19716236622463637,-0.5083646429882875,-0.5083646429882875,-1.061586265181972,0.2102442417296108,-0.22941573387056177,-0.23226454929105175,0.0,0.0,0.0,0.0,0.0,0.0,-1.089883328348271,1.6691908024711177,-1.1660564012817862,0,0
106.98560558033684,1014,1014011,0,0.13185290244015996,0.4260445816123261,0.0,-8.136546240266938,20.588589061973188,0.0,-0.10622813487034453,-0.555931766616366,-0.555931766616366,1.325300886928351,1.0686801844564289,-0.186684373433175,0.0,0.0,-0.18628468002166196,-0.8254346083692785,-0.8254346083692785,-1.061586265181972,0.2102442417296108,-0.22941573387056177,-0.2318097314189895,0.0,0.0,0.0,0.0,0.0,0.0,-1.1092892192180215,0.6294278999307118,-1.0378216217488927,0,0
118.90620836218633,1018,1018033,0,0.3434064083570465,0.19886795663149548,0.0,10.7390102939936,-2.217324012489014,0.0,-0.36715165865048555,1.6647215517221783,1.6647215517221783,-1.1027312723296967,1.3353337135676828,-0.22548399088200255,0.0,0.0,-0.20497631435255043,-0.8941095061688843,-0.8941095061688843,0.18290207410772882,0.2102442417296108,-0.22941573387056177,-0.23227606849873303,0.0,0.0,0.0,0.0,0.0,0.0,0.12769385444961057,1.3226031682909825,0.15996146567252986,0,0
112.11317126164458,1015,1015020,0,-0.22671418195076481,0.518951728743383,0.0,10.904135631270758,11.576128422838552,0.0,-0.25184069638838796,-1.1641709918683423,-1.1641709918683423,0.11128480729932706,0.3716704629712403,-0.20833712287022454,0.0,0.0,-0.18928579180519045,-0.5786867009603495,-0.5786867009603495,-0.5524773991089126,0.2102442417296108,-0.22941573387056177,-0.23206997831328452,0.0,0.0,0.0,0.0,0.0,0.0,-0.58642929946002,0.8027217170207794,-0.5226034264018933,0,0
111.43917487205735,1003,1003023,16,0.5756405185117255,-1.0245606071790618,0.0,17.146246693248383,-17.401030956562966,0.0,-0.05271875687869985,1.3481221050231313,1.3481221050231313,-1.1027312723296967,0.5218190113643425,-0.17872746956371346,0.0,0.0,-0.17507298816217276,-0.6425158875724964,-0.6425158875724964,-0.3827744437512261,0.2102442417296108,-0.22941573387056177,-0.23171409647312494,0.0,0.0,0.0,0.0,0.0,0.0,-0.4210832200700728,-1.2768040880600326,-0.5903266356392562,0,0
106.4455535103922,1012,1012010,0,-0.4747130633926621,-1.023213628128779,0.0,-0.06649188858177275,-15.18284542853341,0.0,-0.2686569264893571,0.927679299170554,0.927679299170554,0.11128480729932706,-1.4191326708929786,-0.21083771494179077,0.0,0.0,-0.12187505406755358,2.0721783709045862,2.0721783709045862,-1.1181539169678676,0.2102442417296108,-0.22941573387056177,-0.23210003321797068,0.0,0.0,0.0,0.0,0.0,0.0,-0.9883618126126545,0.2828402657505764,-1.0920860954122165,0,0
127.54405491519287,1017,1017049,0,-0.729349787472118,0.7708201641795429,0.0,4.783669788272565,13.354964151385625,0.0,-0.2919440134913492,-0.9430101894797384,-0.9430101894797384,1.325300886928351,-1.6818889002718853,-0.2143005306131605,0.0,0.0,-0.08161035663658454,2.1046020134003918,2.1046020134003918,1.0879845026820567,0.2102442417296108,-0.22941573387056177,-0.2321416531991472,0.0,0.0,0.0,0.0,0.0,0.0,1.2139073348281102,1.1493093512009147,1.0278929538927446,0,0
120.52110832163267,1006,1006033,0,0.34403401288952473,-0.8638151021900771,0.0,-1.5496980895381303,-23.93157344232101,0.0,-0.06317160540549178,0.8952833310040319,0.8952833310040319,0.11128480729932706,0.6735949213700732,-0.18028181973580326,0.0,0.0,-0.17827866238478823,-0.700260370811488,-0.700260370811488,0.18290207410772882,0.2102442417296108,-0.22941573387056177,-0.2317327783872213,0.0,0.0,0.0,0.0,0.0,0.0,0.13955816068063742,-0.7569226367898296,0.322226738217938,0,0
111.60078421366288,1014,1014018,0,0.11502507211831281,0.4667919058759636,0.0,-8.136546240266938,20.588589061973188,0.0,-0.10622813487034453,-0.555931766616366,-0.555931766616366,-1.1027312723296967,-0.3293878527598154,-0.18668437343317387,0.0,0.0,-0.16052645504301144,-0.14512874887568153,-0.14512874887568153,-0.6656127026807036,0.2102442417296108,-0.22941573387056177,-0.2318097314189895,0.0,0.0,0.0,0.0,0.0,0.0,-0.6727290122960243,0.6294278999307118,-0.5740881165234991,0,0
113.09292365087289,1006,1006021,0,0.34952838831561134,-0.7826205353279878,0.0,-1.5496980895381303,-23.93157344232101,0.0,-0.06317160540549178,0.8952833310040319,0.8952833310040319,0.11128480729932706,1.3981024639475037,-0.18028181973580326,0.0,0.0,-0.18683192208694913,-0.908795609758751,-0.908795609758751,-0.4959097473230171,0.2102442417296108,-0.22941573387056177,-0.2317327783872213,0.0,0.0,0.0,0.0,0.0,0.0,-0.5502156670539572,-0.7569226367898296,-0.424157830725705,0,0
119.09384910512806,1011,1011033,0,0.4846744083462879,-0.11190993622174314,0.0,-11.712368884762107,21.247785241361655,0.0,-0.056623791325879136,-0.48745613496279744,-0.48745613496279744,1.325300886928351,0.0872619649317045,-0.17930815251816654,0.0,0.0,-0.16676747484769733,-0.4348232746309842,-0.4348232746309842,0.18290207410772882,0.2102442417296108,-0.22941573387056177,-0.23172107576856757,0.0,0.0,0.0,0.0,0.0,0.0,0.1558039230790811,0.10954644866050875,0.17881562200336576,0,0
109.68359910258475,1019,1019019,0,0.5391122356070418,-0.8552821710539804,0.0,-17.376302103923766,9.800501167249662,0.0,-0.15733784321247446,-0.19003518656051338,-0.19003518656051338,0.11128480729932706,0.18771344483555402,-0.19428444376362033,0.0,0.0,-0.17823333823120727,-0.48954790392489933,-0.48954790392489933,-0.6090450508948081,0.2102442417296108,-0.22941573387056177,-0.23190107754136866,0.0,0.0,0.0,0.0,0.0,0.0,-0.63739122152551,1.4958969853810502,-0.7667270244319174,0,0
124.1376921867204,1010,1010045,0,-0.9453521138720042,0.01457857037332445,0.0,-3.330296274990087,9.95568497806392,0.0,-0.3780720260386732,-0.5847070204353849,-0.5847070204353849,-1.1027312723296967,-1.8080954490432497,-0.22710786162743654,0.0,0.0,-0.08471806105849292,2.1046020134003918,2.1046020134003918,0.8617138955384748,0.2102442417296108,-0.22941573387056177,-0.23229558598862335,0.0,0.0,0.0,0.0,0.0,0.0,0.9882371095062018,-0.06374736842955891,0.6856213640701712,0,0
118.301128494994,1001,1001031,1,3.6038708037597713,3.5344370345646494,0.0,-5.958580837432313,10.181873359807902,0.0,-0.34772753564590486,-0.4736501414509813,-0.4736501414509813,-1.1027312723296967,-1.6332946794081133,-0.26356477564364394,0.0,0.0,-0.22076960836443846,2.1046020134003918,2.1046020134003918,0.06976677053593783,0.2102442417296108,4.358898943540674,4.358585241966482,0.0,0.0,0.0,0.0,0.0,0.0,0.198391320879523,-1.623391722240168,0.09916299392362664,1,1
101.06826760360417,1005,1005001,0,-1.047736591914074,-0.8852692807392406,0.0,-7.753988978814018,21.08743772142768,0.0,-0.09852599186506747,-0.5688275486850495,-0.5688275486850495,-1.1027312723296967,0.013456887156693171,-0.1855390562237065,0.0,0.0,-0.16909437358645213,-0.39145142314147574,-0.39145142314147574,-1.627262783040927,0.2102442417296108,-0.22941573387056177,-0.23179596571927485,0.0,0.0,0.0,0.0,0.0,0.0,-1.6469033568080678,-0.9302164538798973,-1.6323961982861392,0,0
111.06469489157124,1011,1011017,0,0.5400418825798078,-0.20802868766163832,0.0,-11.712368884762107,21.247785241361655,0.0,-0.056623791325879136,-0.48745613496279744,-0.48745613496279744,1.325300886928351,0.9460243259813631,-0.17930815251816654,0.0,0.0,-0.18150309599717024,-0.7899377080060225,-0.7899377080060225,-0.7221803544665991,0.2102442417296108,-0.22941573387056177,-0.23172107576856757,0.0,0.0,0.0,0.0,0.0,0.0,-0.7686113355831733,0.10954644866050875,-0.6279544129767526,0,0
105.0837710239079,1020,1020010,0,-0.07380323217441515,-0.08568899015919966,0.0,5.181994831053066,9.975893117410907,0.0,-0.3607064661279383,-1.015626401212372,-1.015626401212372,1.325300886928351,0.46055164749651867,-0.2245255836037462,0.0,0.0,-0.19925757322065835,-0.6173404367103716,-0.6173404367103716,-1.1181539169678676,0.2102442417296108,-0.22941573387056177,-0.23226454929105175,0.0,0.0,0.0,0.0,0.0,0.0,-1.1529706187794664,1.6691908024711177,-1.2289181047415734,0,0
122.35466427868126,1018,1018039,0,0.36244371460983243,0.19510651020548322,0.0,10.7390102939936,-2.217324012489014,0.0,-0.36715165865048555,1.6647215517221783,1.6647215517221783,1.325300886928351,-1.407052393988174,-0.2254839908820019,0.0,0.0,-0.15043211792403516,2.014239922802992,2.014239922802992,0.5223079848231018,0.2102442417296108,-0.22941573387056177,-0.23227606849873303,0.0,0.0,0.0,0.0,0.0,0.0,0.6442012670279403,1.3226031682909825,0.5064625822758889,0,0
108.75553732222376,1004,1004013,3,0.27749501688847594,-0.4423023872500725,0.0,18.585679703128186,-1.280400464997585,0.0,-0.18816159957334697,1.7371753675310497,1.7371753675310497,1.325300886928351,0.19208280680603654,6.950050787087089,0.0,0.0,4.200111178527962,-0.4918240150140411,-0.4918240150140411,-0.948450961610181,0.2102442417296108,-0.22941573387056177,-0.14603248791782972,0.0,0.0,0.0,0.0,0.0,0.0,-0.9760358661858441,-1.103510270969965,-0.8599787437402041,3,1
117.85405514719622,1001,1001029,1,3.6038708037597713,3.5344370345646494,0.0,-5.958580837432313,10.181873359807902,0.0,-0.34772753564590486,-0.4736501414509813,-0.4736501414509813,-1.1027312723296967,-0.624744665886723,-0.26356477564364394,0.0,0.0,-0.22076960836443846,0.15298754198115938,0.15298754198115938,-0.04336853303585316,0.2102442417296108,4.358898943540674,4.358585241966482,0.0,0.0,0.0,0.0,0.0,0.0,-0.03389003894230422,-1.623391722240168,0.05424102943669512,1,1
131.10135136575084,1005,1005053,0,-1.16686587011138,-0.5752407753710712,0.0,-7.753988978814018,21.08743772142768,0.0,-0.09852599186506747,-0.5688275486850495,-0.5688275486850495,-1.1027312723296967,1.3752699504333137,-0.1855390562237065,0.0,0.0,-0.1887712488926863,-0.9035131046161062,-0.9035131046161062,1.3142551098256388,0.2102442417296108,-0.22941573387056177,-0.23179596571927485,0.0,0.0,0.0,0.0,0.0,0.0,1.2554694449782415,-0.9302164538798973,1.3853303757578757,0,0
121.51003898640305,1012,1012037,0,-0.4752434864812133,-1.1391157547845425,0.0,-0.06649188858177275,-15.18284542853341,0.0,-0.2686569264893571,0.927679299170554,0.927679299170554,-1.1027312723296967,-1.1057981907492218,-0.21083771494179077,0.0,0.0,-0.1501656595840571,0.9827150657138568,0.9827150657138568,0.4091726812513108,0.2102442417296108,-0.22941573387056177,-0.23210003321797068,0.0,0.0,0.0,0.0,0.0,0.0,0.4682328999067176,0.2828402657505764,0.4215945677288719,0,0
125.03483037836385,1011,1011047,0,0.436227868391958,-0.02780602871183484,0.0,-11.712368884762107,21.247785241361655,0.0,-0.056623791325879136,-0.48745613496279744,-0.48745613496279744,0.11128480729932706,0.1262448090952138,-0.17930815251816654,0.0,0.0,-0.16767200194684848,-0.45662151611868096,-0.45662151611868096,0.9748491991102657,0.2102442417296108,-0.22941573387056177,-0.23172107576856757,0.0,0.0,0.0,0.0,0.0,0.0,0.944315576209973,0.10954644866050875,0.7757658787977763,0,0
131.83974744460113,1014,1014051,0,0.03569387202959723,0.6588864345473975,0.0,-8.136546240266938,20.588589061973188,0.0,-0.10622813487034453,-0.555931766616366,-0.555931766616366,0.11128480729932706,1.5600997634529243,-0.18668437343317387,0.0,0.0,-0.19079029490394273,-0.9444333440188879,-0.9444333440188879,1.2011198062538477,0.2102442417296108,-0.22941573387056177,-0.2318097314189895,0.0,0.0,0.0,0.0,0.0,0.0,1.1401298576368797,0.6294278999307118,1.4595244707420512,0,0
103.44884150272473,1015,1015006,0,-0.2718175805651195,0.4731305938280097,0.0,10.904135631270758,11.576128422838552,0.0,-0.25184069638838796,-1.1641709918683423,-1.1641709918683423,-1.1027312723296967,-0.7117263543322465,-0.20833712287022454,0.0,0.0,-0.16638408019890694,0.26331948460270976,0.26331948460270976,-1.3444245241114494,0.2102442417296108,-0.22941573387056177,-0.23206997831328452,0.0,0.0,0.0,0.0,0.0,0.0,-1.3247410989589123,0.8027217170207794,-1.3931959491959602,0,0
119.39393659945847,1008,1008034,0,-0.5724137069183247,0.19102035317778585,0.0,-9.085401407639898,-18.474491846838987,0.0,-0.14243628509563758,0.6844255480753929,0.6844255480753929,0.11128480729932706,0.012734210039538204,-0.1920685655401895,0.0,0.0,-0.1734033102723874,-0.3910124422896511,-0.3910124422896511,0.2394697258936243,0.2102442417296108,-0.22941573387056177,-0.23187444464528034,0.0,0.0,0.0,0.0,0.0,0.0,0.21490286939964226,-0.41033500260969424,0.20896843659114223,0,0
120.90293993776676,1013,1013036,0,-1.011636589802652,0.24986008542658122,0.0,8.966626336535008,-6.622551768963632,0.0,-0.36291050996570695,1.4322867854548724,1.4322867854548724,1.325300886928351,1.4146596197493753,-0.22485332736753919,0.0,0.0,-0.20506698360122372,-0.9125845245849878,-0.9125845245849878,0.3526050294654153,0.2102442417296108,-0.22941573387056177,-0.23226848848117165,0.0,0.0,0.0,0.0,0.0,0.0,0.2958157818686929,0.4561340828406441,0.36059320847266174,0,0
102.01979531251096,1013,1013002,0,-1.1017102843097606,0.31352186124531106,0.0,8.966626336535008,-6.622551768963632,0.0,-0.36291050996570695,1.4322867854548724,1.4322867854548724,1.325300886928351,1.109416761626483,-0.22485332736753919,0.0,0.0,-0.20361914391010869,-0.8366420079619576,-0.8366420079619576,-1.5706951312550315,0.2102442417296108,-0.22941573387056177,-0.23226848848117165,0.0,0.0,0.0,0.0,0.0,0.0,-1.6177331617812247,0.4561340828406441,-1.5367866206667278,0,0
134.15836294798123,1002,1002057,4,0.2120468135450614,0.883041078541375,0.0,150.0,150.0,0.0,4.330898892721817,-1.1802296948739384,-1.1802296948739384,1.325300886928351,-0.24248495215198168,-0.22282282213147617,0.0,0.0,-0.19026088832307775,-0.2157245115845135,-0.2157245115845135,1.5405257169692206,-4.562868273212912,-0.22941573387056177,-0.23224408360441126,0.0,0.0,0.0,0.0,0.0,0.0,1.5232349547330113,-1.4500979051501004,1.6924991354469603,4,1
111.0642287951734,1008,1008017,0,-0.5267802858214851,0.2798168623897064,0.0,-9.085401407639898,-18.474491846838987,0.0,-0.14243628509563758,0.6844255480753929,0.6844255480753929,-1.1027312723296967,0.6621757244151163,-0.1920685655401895,0.0,0.0,-0.18414678065711598,-0.696128803246361,-0.696128803246361,-0.7221803544665991,0.2102442417296108,-0.22941573387056177,-0.23187444464528034,0.0,0.0,0.0,0.0,0.0,0.0,-0.7628698729183342,-0.41033500260969424,-0.6280012463787747,0,0
122.05837826340372,1008,1008041,0,-0.5912039391346705,0.15445708467875974,0.0,-9.085401407639898,-18.474491846838987,0.0,-0.14243628509563758,0.6844255480753929,0.6844255480753929,1.325300886928351,-0.5833313565294203,-0.1920685655401895,0.0,0.0,-0.15595135843175925,0.10462591724576727,0.10462591724576727,0.6354432883948927,0.2102442417296108,-0.22941573387056177,-0.23187444464528034,0.0,0.0,0.0,0.0,0.0,0.0,0.6401607211866394,-0.41033500260969424,0.47669174059670244,0,0
108.65084495173367,1017,1017018,0,-0.773163784489091,0.6537681502272692,0.0,4.783669788272565,13.354964151385625,0.0,-0.2919440134913492,-0.9430101894797384,-0.9430101894797384,-1.1027312723296967,-0.018796046011397914,-0.2143005306131605,0.0,0.0,-0.18766045490978428,-0.37157673546751613,-0.37157673546751613,-0.6656127026807036,0.2102442417296108,-0.22941573387056177,-0.2321416531991472,0.0,0.0,0.0,0.0,0.0,0.0,-0.6865884925220859,1.1493093512009147,-0.870498241206055,0,0
102.55814831541332,1013,1013003,0,-1.0990610580007278,0.31164945607417194,0.0,8.966626336535008,-6.622551768963632,0.0,-0.36291050996570695,1.4322867854548724,1.4322867854548724,0.11128480729932706,-0.11397768411930473,-0.22485332736753919,0.0,0.0,-0.19356622643161167,-0.30934340066052407,-0.30934340066052407,-1.514127479469136,0.2102442417296108,-0.22941573387056177,-0.23226848848117165,0.0,0.0,0.0,0.0,0.0,0.0,-1.5290429200932196,0.4561340828406441,-1.4826928693909276,0,0
133.65315697025582,1002,1002056,4,0.21315643505081777,0.8798986732728986,0.0,150.0,150.0,0.0,4.330898892721817,-1.1802296948739384,-1.1802296948739384,0.11128480729932706,-0.5874419991591303,-0.22282282213147617,0.0,0.0,-0.1837389836473752,0.1093152749894329,0.1093152749894329,1.483958065183325,-3.1309345187301547,-0.22941573387056177,-0.23224408360441126,0.0,0.0,0.0,0.0,0.0,0.0,1.486711072718238,-1.4500979051501004,1.641735999818863,4,1
112.97144014470697,1014,1014020,0,0.11021712059778459,0.4784339985227172,0.0,-8.136546240266938,20.588589061973188,0.0,-0.10622813487034453,-0.555931766616366,-0.555931766616366,0.11128480729932706,1.3859661630064501,-0.18668437343317387,0.0,0.0,-0.18933495815464238,-0.9059961411873251,-0.9059961411873251,-0.5524773991089126,0.2102442417296108,-0.22941573387056177,-0.2318097314189895,0.0,0.0,0.0,0.0,0.0,0.0,-0.6064618852334835,0.6294278999307118,-0.43636450280001887,0,0
107.86622355711938,1019,1019016,0,0.5545139335120309,-0.863594907460804,0.0,-17.376302103923766,9.800501167249662,0.0,-0.15733784321247446,-0.19003518656051338,-0.19003518656051338,-1.1027312723296967,-0.7507487797076667,-0.19428444376362033,0.0,0.0,-0.15071009522258877,0.3171177599272709,0.3171177599272709,-0.7787480062524946,0.2102442417296108,-0.22941573387056177,-0.23190107754136866,0.0,0.0,0.0,0.0,0.0,0.0,-0.7572728760713436,1.4958969853810502,-0.9493370594853598,0,0
111.47235811225136,1010,1010023,0,-0.9237052223986932,-0.04734675495148905,0.0,-3.330296274990087,9.95568497806392,0.0,-0.3780720260386732,-0.5847070204353849,-0.5847070204353849,-1.1027312723296967,0.38141757334880394,-0.22710786162743654,0.0,0.0,-0.20006493161465252,-0.5830555334806254,-0.5830555334806254,-0.3827744437512261,0.2102442417296108,-0.22941573387056177,-0.23229558598862335,0.0,0.0,0.0,0.0,0.0,0.0,-0.4174440196771973,-0.06374736842955891,-0.5869923811038446,0,0
110.4614036184475,1019,1019020,0,0.5339783363053788,-0.8525112589183725,0.0,-17.376302103923766,9.800501167249662,0.0,-0.15733784321247446,-0.19003518656051338,-0.19003518656051338,0.11128480729932706,0.8143487521919434,-0.19428444376362033,0.0,0.0,-0.18707269521605463,-0.748616421685521,-0.748616421685521,-0.5524773991089126,0.2102442417296108,-0.22941573387056177,-0.23190107754136866,0.0,0.0,0.0,0.0,0.0,0.0,-0.5968296463107771,1.4958969853810502,-0.6885731666556189,0,0
104.24194748688147,1006,1006006,0,0.35639635759821964,-0.6811273267503763,0.0,-1.5496980895381303,-23.93157344232101,0.0,-0.06317160540549178,0.8952833310040319,0.8952833310040319,0.11128480729932706,1.297229271335167,-0.18028181973580326,0.0,0.0,-0.1858533430713945,-0.88493707909986,-0.88493707909986,-1.3444245241114494,0.2102442417296108,-0.22941573387056177,-0.2317327783872213,0.0,0.0,0.0,0.0,0.0,0.0,-1.3950187789621622,-0.7569226367898296,-1.3135045987046827,0,0
135.02637990813284,1005,1005058,0,-1.1783206083995825,-0.5454303421625935,0.0,-7.753988978814018,21.08743772142768,0.0,-0.09852599186506747,-0.5688275486850495,-0.5688275486850495,0.11128480729932706,-0.2788673863255845,-0.1855390562237065,0.0,0.0,-0.16123588871119224,-0.18694593553523886,-0.18694593553523886,1.597093368755116,-5.517490776201416,-0.22941573387056177,-0.23179596571927485,0.0,0.0,0.0,0.0,0.0,0.0,1.581413869650474,-0.9302164538798973,1.7797175465870083,0,0
115.56327423153724,1003,1003030,16,0.6111020179600539,-1.0589993658902275,0.0,17.146246693248383,-17.401030956562966,0.0,-0.05271875687869985,1.3481221050231313,1.3481221050231313,-1.1027312723296967,0.9975429253777524,-0.17872746956371346,0.0,0.0,-0.18186927586535862,-0.8051789004054365,-0.8051789004054365,0.013199118750042335,0.2102442417296108,-0.22941573387056177,-0.23171409647312494,0.0,0.0,0.0,0.0,0.0,0.0,-0.03611592237651379,-1.2768040880600326,-0.1759368137460285,0,0
134.22239262854268,1006,1006056,0,0.33350312665619203,-1.0194380220090826,0.0,-1.5496980895381303,-23.93157344232101,0.0,-0.06317160540549178,0.8952833310040319,0.8952833310040319,0.11128480729932706,1.2997206620193258,-0.18028181973580168,0.0,0.0,-0.18587819146648288,-0.8855429026323831,-0.8855429026323831,1.483958065183325,-4.562868273212912,-0.22941573387056177,-0.23173277838722126,0.0,0.0,0.0,0.0,0.0,0.0,1.425821958851494,-0.7569226367898296,1.698932842690882,0,0
134.53055837597236,1005,1005057,0,-1.176029660741942,-0.551392428804289,0.0,-7.753988978814018,21.08743772142768,0.0,-0.09852599186506747,-0.5688275486850495,-0.5688275486850495,1.325300886928351,1.4548027382145228,-0.1855390562237065,0.0,0.0,-0.18946735898743816,-0.9216283439548019,-0.9216283439548019,1.5405257169692206,-5.040179524707164,-0.22941573387056177,-0.23179596571927485,0.0,0.0,0.0,0.0,0.0,0.0,1.4800309485791765,-0.9302164538798973,1.729897360773464,0,0
133.2369288386644,1002,1002055,4,0.21426605655657413,0.8767562680044222,0.0,150.0,150.0,0.0,4.330898892721817,-1.1802296948739384,-1.1802296948739384,-1.1027312723296967,1.234488311911109,-0.22282282213147617,0.0,0.0,-0.20337666654949715,-0.8693908816786672,-0.8693908816786672,1.4273904133974298,-2.1763120157416505,-0.22941573387056177,-0.23224408360441126,0.0,0.0,0.0,0.0,0.0,0.0,1.3703929677910738,-1.4500979051501004,1.5999133650366415,4,1
125.24232148342513,1012,1012042,0,-0.47534171297909317,-1.160579111572647,0.0,-0.06649188858177275,-15.18284542853341,0.0,-0.2686569264893571,0.927679299170554,0.927679299170554,-1.1027312723296967,0.8036797578340544,-0.21083771494179077,0.0,0.0,-0.19503289875364857,-0.7451097647575491,-0.7451097647575491,0.6920109401807882,0.2102442417296108,-0.22941573387056177,-0.23210003321797068,0.0,0.0,0.0,0.0,0.0,0.0,0.6445712137346002,0.2828402657505764,0.7966146010462181,0,0
123.905405846669,1015,1015043,0,-0.15261574137003925,0.5942293075329249,0.0,10.904135631270758,11.576128422838552,0.0,-0.25184069638838796,-1.1641709918683423,-1.1641709918683423,-1.1027312723296967,-0.7975924686559243,-0.20833712287022454,0.0,0.0,-0.16305681906008354,0.3856498373744306,0.3856498373744306,0.7485785919666837,0.2102442417296108,-0.22941573387056177,-0.23206997831328452,0.0,0.0,0.0,0.0,0.0,0.0,0.7701955693042561,0.8027217170207794,0.6622812146964979,0,0
102.5877956155285,1009,1009003,0,-0.8779660461509576,-0.8284727642611103,0.0,14.64923024777079,8.610220672323951,0.0,-0.22640391027819448,-1.3167376214261457,-1.3167376214261457,-1.1027312723296967,0.2893704426758689,-0.2045546445566401,0.0,0.0,-0.18601783648471273,-0.5404349537249823,-0.5404349537249823,-1.514127479469136,0.2102442417296108,-0.22941573387056177,-0.2320245162699209,0.0,0.0,0.0,0.0,0.0,0.0,-1.5431866042933342,-0.2370411855196266,-1.4797139063875007,0,0
130.86958472266622,1014,1014050,0,0.03809784778986134,0.6530653882240206,0.0,-8.136546240266938,20.588589061973188,0.0,-0.10622813487034453,-0.555931766616366,-0.555931766616366,1.325300886928351,0.808566698921861,-0.18668437343317387,0.0,0.0,-0.18330429652824176,-0.7467190774741187,-0.7467190774741187,1.1445521544679522,0.2102442417296108,-0.22941573387056177,-0.2318097314189895,0.0,0.0,0.0,0.0,0.0,0.0,1.09581316830385,0.6294278999307118,1.3620424455755287,0,0
117.55995144388653,1002,1002029,4,0.24311621570623926,0.7950537310240345,0.0,150.0,150.0,0.0,4.330898892721817,-1.1802296948739384,-1.1802296948739384,0.11128480729932706,-0.28793273354032156,-0.22282282213147617,0.0,0.0,-0.18953615013354455,-0.17960488730888372,-0.17960488730888372,-0.04336853303585316,0.2102442417296108,-0.22941573387056177,-0.23224408360441126,0.0,0.0,0.0,0.0,0.0,0.0,-0.05424596379047577,-1.4500979051501004,0.024689466632444364,4,1
126.11662680100183,1020,1020051,0,-0.01103053065855587,0.02995155067276446,0.0,5.181994831053066,9.975893117410907,0.0,-0.3607064661279383,-1.015626401212372,-1.015626401212372,-1.1027312723296967,-0.03511263806045069,-0.2245255836037462,0.0,0.0,-0.19433478760061587,-0.36129677549391864,-0.36129677549391864,1.2011198062538477,0.2102442417296108,-0.22941573387056177,-0.23226454929105175,0.0,0.0,0.0,0.0,0.0,0.0,1.1758200391315499,1.6691908024711177,0.8844648668256057,0,0
105.23000648082467,1012,1012007,0,-0.4746541274939342,-1.0103356140559163,0.0,-0.06649188858177275,-15.18284542853341,0.0,-0.2686569264893571,0.927679299170554,0.927679299170554,0.11128480729932706,0.45425361085647414,-0.21083771494179077,0.0,0.0,-0.19164614052734183,-0.6146866527827433,-0.6146866527827433,-1.2878568723255541,0.2102442417296108,-0.22941573387056177,-0.23210003321797068,0.0,0.0,0.0,0.0,0.0,0.0,-1.322060866075643,0.2828402657505764,-1.21422435474573,0,0
118.60696673153976,1010,1010035,0,-0.935512617747772,-0.013569304774318051,0.0,-3.330296274990087,9.95568497806392,0.0,-0.3780720260386732,-0.5847070204353849,-0.5847070204353849,0.11128480729932706,1.306501162720142,-0.22710786162743654,0.0,0.0,-0.20552549955735194,-0.8871873370212615,-0.8871873370212615,0.2960373776795198,0.2102442417296108,-0.22941573387056177,-0.23229558598862335,0.0,0.0,0.0,0.0,0.0,0.0,0.24095263025664468,-0.06374736842955891,0.12989364353297964,0,0
124.55780222321395,1015,1015044,0,-0.14939407004044247,0.5975022457411658,0.0,10.904135631270758,11.576128422838552,0.0,-0.25184069638838796,-1.1641709918683423,-1.1641709918683423,-1.1027312723296967,0.3281555783924134,-0.20833712287022454,0.0,0.0,-0.18874412710215624,-0.5587718125757255,-0.5587718125757255,0.8051462437525793,0.2102442417296108,-0.22941573387056177,-0.23206997831328452,0.0,0.0,0.0,0.0,0.0,0.0,0.768810919576079,0.8027217170207794,0.7278340529565215,0,0
120.27286737191939,1005,1005034,0,-1.1233378646162104,-0.688520421563287,0.0,-7.753988978814018,21.08743772142768,0.0,-0.09852599186506747,-0.5688275486850495,-0.5688275486850495,0.11128480729932706,0.46306112697815915,-0.1855390562237065,0.0,0.0,-0.17781505682452586,-0.6183943524937225,-0.6183943524937225,0.2394697258936243,0.2102442417296108,-0.22941573387056177,-0.23179596571927485,0.0,0.0,0.0,0.0,0.0,0.0,0.20098622948745903,-0.9302164538798973,0.2972834684342381,0,0
105.92681996940834,1013,1013008,0,-1.085814926455565,0.30228743021847637,0.0,8.966626336535008,-6.622551768963632,0.0,-0.36291050996570695,1.4322867854548724,1.4322867854548724,1.325300886928351,0.9620400355849082,-0.22485332736753919,0.0,0.0,-0.20282007394543247,-0.7947289533276771,-0.7947289533276771,-1.2312892205396586,0.2102442417296108,-0.22941573387056177,-0.23226848848117165,0.0,0.0,0.0,0.0,0.0,0.0,-1.2766625850401803,0.4561340828406441,-1.1442084816404314,0,0
107.15925938374131,1009,1009010,0,-0.8476688225285814,-0.8114320893192498,0.0,14.64923024777079,8.610220672323951,0.0,-0.22640391027819448,-1.3167376214261457,-1.3167376214261457,-1.1027312723296967,0.10405397473260478,-0.2045546445566401,0.0,0.0,-0.1832240778650759,-0.44430334121732135,-0.44430334121732135,-1.1181539169678676,0.2102442417296108,-0.22941573387056177,-0.2320245162699209,0.0,0.0,0.0,0.0,0.0,0.0,-1.1423800887444886,-0.2370411855196266,-1.0203728741821176,0,0
132.03723064042816,1005,1005054,0,-1.1691568177690206,-0.5692786887293757,0.0,-7.753988978814018,21.08743772142768,0.0,-0.09852599186506747,-0.5688275486850495,-0.5688275486850495,1.325300886928351,1.427186715530904,-0.1855390562237065,0.0,0.0,-0.1892291085453113,-0.9154282273148954,-0.9154282273148954,1.3708227616115343,-0.2670670097646414,-0.22941573387056177,-0.23179596571927485,0.0,0.0,0.0,0.0,0.0,0.0,1.3111577503671654,-0.9302164538798973,1.4793675974983354,0,0
115.40295586711282,1012,1012023,0,-0.47496845228714973,-1.0790183557778503,0.0,-0.06649188858177275,-15.18284542853341,0.0,-0.2686569264893571,0.927679299170554,0.927679299170554,0.11128480729932706,0.43934674158966724,-0.21083771494179077,0.0,0.0,-0.19148172219336526,-0.6083549487312485,-0.6083549487312485,-0.3827744437512261,0.2102442417296108,-0.22941573387056177,-0.23210003321797068,0.0,0.0,0.0,0.0,0.0,0.0,-0.418992440357258,0.2828402657505764,-0.1920456153750039,0,0
125.61666649330455,1010,1010048,0,-0.9483039627092739,0.0230229329176172,0.0,-3.330296274990087,9.95568497806392,0.0,-0.3780720260386732,-0.5847070204353849,-0.5847070204353849,0.11128480729932706,-0.6960661316237281,-0.22710786162743654,0.0,0.0,-0.18524215361100005,0.24251394116723135,0.24251394116723135,1.0314168508961612,0.2102442417296108,-0.22941573387056177,-0.23229558598862335,0.0,0.0,0.0,0.0,0.0,0.0,1.0435228883312928,-0.06374736842955891,0.8342288165267382,0,0
115.4378397251985,1002,1002025,4,0.24755470172926466,0.7824841099501287,0.0,150.0,150.0,0.0,4.330898892721817,-1.1802296948739384,-1.1802296948739384,1.325300886928351,-0.3274549046675998,-0.22282282213147617,0.0,0.0,-0.18887732388235845,-0.14677019334706565,-0.14677019334706565,-0.26963914017943513,0.2102442417296108,-0.22941573387056177,-0.23224408360441126,0.0,0.0,0.0,0.0,0.0,0.0,-0.2779065806431649,-1.4500979051501004,-0.18854048262260198,4,1
106.34584599910289,1018,1018011,0,0.2736029520968315,0.21265992686020524,0.0,10.7390102939936,-2.217324012489014,0.0,-0.36715165865048555,1.6647215517221783,1.6647215517221783,1.325300886928351,-1.4729418082234345,-0.22548399088200255,0.0,0.0,-0.1440675345463584,2.1046020134003918,2.1046020134003918,-1.061586265181972,0.2102442417296108,-0.22941573387056177,-0.23227606849873303,0.0,0.0,0.0,0.0,0.0,0.0,-0.9299598057300184,1.3226031682909825,-1.1021047138408968,0,0
122.49430386685147,1003,1003041,16,0.6668272313788558,-1.1131174152934877,0.0,17.146246693248383,-17.401030956562966,0.0,-0.05271875687869985,1.3481221050231313,1.3481221050231313,0.11128480729932706,-1.710633385877631,-0.17872746956371346,0.0,0.0,0.032919067663650874,2.1046020134003918,2.1046020134003918,0.6354432883948927,0.2102442417296108,-0.22941573387056177,-0.23171409647312494,0.0,0.0,0.0,0.0,0.0,0.0,0.7625668841842936,-1.2768040880600326,0.5204935788710814,0,0
131.39656898520252,1013,1013057,0,-0.9560028373129674,0.21053957683265984,0.0,8.966626336535008,-6.622551768963632,0.0,-0.36291050996570695,1.4322867854548724,1.4322867854548724,-1.1027312723296967,-0.7705913794727846,-0.22485332736753919,0.0,0.0,-0.18107977888005755,0.3455994473395843,0.3455994473395843,1.5405257169692206,0.2102442417296108,-0.22941573387056177,-0.23226848848117165,0.0,0.0,0.0,0.0,0.0,0.0,1.557590121348582,0.4561340828406441,1.4149938649420333,0,0
122.31961052571283,1019,1019044,0,0.41076475306546595,-0.7860093676637832,0.0,-17.376302103923766,9.800501167249662,0.0,-0.15733784321247446,-0.19003518656051338,-0.19003518656051338,-1.1027312723296967,-1.7810485213213276,-0.19428444376362033,0.0,0.0,0.021126796168850888,2.1046020134003918,2.1046020134003918,0.8051462437525793,0.2102442417296108,-0.22941573387056177,-0.23190107754136866,0.0,0.0,0.0,0.0,0.0,0.0,0.9318195531757248,1.4958969853810502,0.5029403784725581,0,0
120.40783139187702,1004,1004033,3,0.06721927892744245,-0.2561340055907177,0.0,18.585679703128186,-1.280400464997585,0.0,-0.18816159957334697,1.7371753675310497,1.7371753675310497,-1.1027312723296967,1.3225960542636883,6.151465107427941,0.0,0.0,2.4493615301241785,-0.8910653947724291,-0.8910653947724291,0.18290207410772882,0.2102442417296108,-0.22941573387056177,-0.15563078136153208,0.0,0.0,0.0,0.0,0.0,0.0,0.1278801656742768,-1.103510270969965,0.31084466357462187,3,1
105.36626598804632,1005,1005009,0,-1.0660641731751979,-0.8375725876056761,0.0,-7.753988978814018,21.08743772142768,0.0,-0.09852599186506747,-0.5688275486850495,-0.5688275486850495,1.325300886928351,-1.1687933499569154,-0.1855390562237065,0.0,0.0,-0.10991391180736844,1.1486328787314746,1.1486328787314746,-1.174721568753763,0.2102442417296108,-0.22941573387056177,-0.23179596571927485,0.0,0.0,0.0,0.0,0.0,0.0,-1.101303874544998,-0.9302164538798973,-1.2005329889450864,0,0
103.65601251844572,1012,1012005,0,-0.47461483689478223,-1.0017502713406745,0.0,-0.06649188858177275,-15.18284542853341,0.0,-0.2686569264893571,0.927679299170554,0.927679299170554,0.11128480729932706,0.04223679120339497,-0.21083771494179077,0.0,0.0,-0.18629727909207186,-0.40870349505651316,-0.40870349505651316,-1.400992175897345,0.2102442417296108,-0.22941573387056177,-0.23210003321797068,0.0,0.0,0.0,0.0,0.0,0.0,-1.4222890240695456,0.2828402657505764,-1.3723793895491319,0,0
131.48747194086098,1009,1009056,0,-0.6485727815815376,-0.6994505111298807,0.0,14.64923024777079,8.610220672323951,0.0,-0.22640391027819448,-1.3167376214261457,-1.3167376214261457,0.11128480729932706,-0.2398615834216953,-0.2045546445566401,0.0,0.0,-0.17664026992483473,-0.21775833146325288,-0.21775833146325288,1.483958065183325,0.2102442417296108,-0.22941573387056177,-0.2320245162699209,0.0,0.0,0.0,0.0,0.0,0.0,1.4666929208709953,-0.2370411855196266,1.4241278009414875,0,0
108.16553025499849,1020,1020016,0,-0.06461698317209429,-0.06876598418379028,0.0,5.181994831053066,9.975893117410907,0.0,-0.3607064661279383,-1.015626401212372,-1.015626401212372,1.325300886928351,-0.12038895484048426,-0.2245255836037462,0.0,0.0,-0.19325138305482417,-0.3049467964589466,-0.3049467964589466,-0.7787480062524946,0.2102442417296108,-0.22941573387056177,-0.23226454929105175,0.0,0.0,0.0,0.0,0.0,0.0,-0.7953455988556204,1.6691908024711177,-0.9192626993852643,0,0
109.69854345802179,1008,1008015,0,-0.5214116480453863,0.2902635105322852,0.0,-9.085401407639898,-18.474491846838987,0.0,-0.14243628509563758,0.6844255480753929,0.6844255480753929,-1.1027312723296967,1.3411365333114755,-0.1920685655401895,0.0,0.0,-0.1911664656797724,-0.895489035319952,-0.895489035319952,-0.83531565803839,0.2102442417296108,-0.22941573387056177,-0.23187444464528034,0.0,0.0,0.0,0.0,0.0,0.0,-0.8879065919431691,-0.41033500260969424,-0.7652254144443628,0,0
114.5204500485156,1004,1004024,3,0.21377594207646222,-0.47335735784434374,0.0,18.585679703128186,-1.280400464997585,0.0,-0.18816159957334697,1.7371753675310497,1.7371753675310497,1.325300886928351,0.7493104317641808,2.552927168593955,0.0,0.0,1.1793274831042697,-0.7268458772223544,-0.7268458772223544,-0.32620679196533064,0.2102442417296108,-0.22941573387056177,-0.1988820241335873,0.0,0.0,0.0,0.0,0.0,0.0,-0.3698269806565919,-1.103510270969965,-0.28071986812975847,3,1
109.81351209992224,1004,1004016,3,-0.13256201012179553,-0.6745302788504791,0.0,18.585679703128186,-1.280400464997585,0.0,-0.18816159957334697,1.7371753675310497,1.7371753675310497,0.11128480729932706,-0.5324144823445548,6.293471243373149,0.0,0.0,5.542432622049537,0.04845616891097284,0.04845616891097284,-0.7787480062524946,0.2102442417296108,-0.22941573387056177,-0.15392399322554878,0.0,0.0,0.0,0.0,0.0,0.0,-0.7737159898487433,-1.103510270969965,-0.7536733564341889,3,1
122.66738962752268,1001,1001037,1,3.6038708037597713,3.5344370345646494,0.0,-5.958580837432313,10.181873359807902,0.0,-0.34772753564590486,-0.4736501414509813,-0.4736501414509813,-1.1027312723296967,1.5968775905507087,-0.26356477564364394,0.0,0.0,-0.22076960836443846,-0.9521006417612777,-0.9521006417612777,0.4091726812513108,0.2102442417296108,4.358898943540674,4.358585241966482,0.0,0.0,0.0,0.0,0.0,0.0,0.34981480115294483,-1.623391722240168,0.5378852494601828,1,1
110.00085211198204,1005,1005018,0,-1.0866827020939624,-0.783913807830416,0.0,-7.753988978814018,21.08743772142768,0.0,-0.09852599186506747,-0.5688275486850495,-0.5688275486850495,0.11128480729932706,-0.9961829369310077,-0.1855390562237065,0.0,0.0,-0.125794396205767,0.7353666757841374,0.7353666757841374,-0.6656127026807036,0.2102442417296108,-0.22941573387056177,-0.23179596571927485,0.0,0.0,0.0,0.0,0.0,0.0,-0.618839334975968,-0.9302164538798973,-0.7348494175655752,0,0
114.91742889071325,1009,1009027,0,-0.7740898508742392,-0.7700475930318742,0.0,14.64923024777079,8.610220672323951,0.0,-0.22640391027819448,-1.3167376214261457,-1.3167376214261457,1.325300886928351,-0.11426019540834796,-0.2045546445566401,0.0,0.0,-0.17929628400143774,-0.30915023419681315,-0.30915023419681315,-0.15650383660764414,0.2102442417296108,-0.22941573387056177,-0.2320245162699209,0.0,0.0,0.0,0.0,0.0,0.0,-0.17500974563764662,-0.2370411855196266,-0.24083140343127155,0,0
115.42369635648537,1009,1009028,0,-0.7697616760710425,-0.7676132108973227,0.0,14.64923024777079,8.610220672323951,0.0,-0.22640391027819448,-1.3167376214261457,-1.3167376214261457,-1.1027312723296967,-0.23836968303800227,-0.2045546445566401,0.0,0.0,-0.17667381309384736,-0.21891253243936282,-0.21891253243936282,-0.09993618482174865,0.2102442417296108,-0.22941573387056177,-0.2320245162699209,0.0,0.0,0.0,0.0,0.0,0.0,-0.11306929788307035,-0.2370411855196266,-0.18996160940232767,0,0
131.09829589763987,1007,1007049,0,0.26743054351261003,-0.31105421824685464,0.0,-8.744406652123791,6.787743277081043,0.0,-0.36471904919391884,-0.2687837795106529,-0.2687837795106529,-1.1027312723296967,0.8855906433912496,-0.22512225915712755,0.0,0.0,-0.2025032971472015,-0.7714106459295932,-0.7714106459295932,1.0879845026820567,0.2102442417296108,-0.22941573387056177,-0.23227172080338654,0.0,0.0,0.0,0.0,0.0,0.0,1.0378843938348963,-0.583628819699762,1.3850233620862977,0,0
129.6268668669345,1007,1007047,0,0.2725976847071293,-0.3148924383335389,0.0,-8.744406652123791,6.787743277081043,0.0,-0.36471904919391884,-0.2687837795106529,-0.2687837795106529,-1.1027312723296967,-0.23996459889466012,-0.22512225915712755,0.0,0.0,-0.19201976659477762,-0.2176785692636899,-0.2176785692636899,0.9748491991102657,0.2102442417296108,-0.22941573387056177,-0.23227172080338654,0.0,0.0,0.0,0.0,0.0,0.0,0.9589397956474488,-0.583628819699762,1.2371740595322924,0,0
103.88102215551099,1018,1018005,0,0.2545656458440456,0.216421373286217,0.0,10.7390102939936,-2.217324012489014,0.0,-0.36715165865048555,1.6647215517221783,1.6647215517221783,1.325300886928351,1.212888438996016,-0.22548399088200255,0.0,0.0,-0.2044098778217701,-0.8639065612414087,-0.8639065612414087,-1.400992175897345,0.2102442417296108,-0.22941573387056177,-0.23227606849873303,0.0,0.0,0.0,0.0,0.0,0.0,-1.4501491874102939,1.3226031682909825,-1.3497704038530414,0,0
121.73518329408836,1020,1020043,0,-0.023278862661650364,0.007387542705551946,0.0,5.181994831053066,9.975893117410907,0.0,-0.3607064661279383,-1.015626401212372,-1.015626401212372,-1.1027312723296967,0.14153179969035673,-0.2245255836037462,0.0,0.0,-0.19632807623406123,-0.4649715968167455,-0.4649715968167455,0.7485785919666837,0.2102442417296108,-0.22941573387056177,-0.23226454929105175,0.0,0.0,0.0,0.0,0.0,0.0,0.7181342941104684,1.6691908024711177,0.4442170851392567,0,0
100.8989030276164,1012,1012001,0,-0.47453625569647834,-0.984579585910191,0.0,-0.06649188858177275,-15.18284542853341,0.0,-0.2686569264893571,0.927679299170554,0.927679299170554,0.11128480729932706,0.7116576252726344,-0.21083771494179077,0.0,0.0,-0.19421980753784804,-0.7137978494692447,-0.7137978494692447,-1.627262783040927,0.2102442417296108,-0.22941573387056177,-0.23210003321797068,0.0,0.0,0.0,0.0,0.0,0.0,-1.6666321872069174,0.2828402657505764,-1.6494139639510883,0,0
116.93201816816317,1008,1008031,0,-0.5643607502541765,0.20669032539165416,0.0,-9.085401407639898,-18.474491846838987,0.0,-0.14243628509563758,0.6844255480753929,0.6844255480753929,1.325300886928351,-0.16191400872980036,-0.1920685655401895,0.0,0.0,-0.16934659675859526,-0.27580109805477426,-0.27580109805477426,0.06976677053593783,0.2102442417296108,-0.22941573387056177,-0.23187444464528034,0.0,0.0,0.0,0.0,0.0,0.0,0.05270157397647916,-0.41033500260969424,-0.03840531736923223,0,0
100.95463178866802,1003,1003000,16,0.45912416318150334,-0.9114046856995176,0.0,17.146246693248383,-17.401030956562966,0.0,-0.05271875687869985,1.3481221050231313,1.3481221050231313,0.11128480729932706,-0.2626679390523189,-0.26356477564364394,0.0,0.0,-0.22076960836443846,-0.19989314642610573,-0.19989314642610573,-1.6838304348268225,0.2102442417296108,-0.22941573387056177,-0.23273376584545316,0.0,0.0,0.0,0.0,0.0,0.0,-1.6915968161914585,-1.2768040880600326,-1.6438143337400872,0,0
119.32987837397151,1004,1004031,3,0.02830174370711474,-0.23438693291886017,0.0,18.585679703128186,-1.280400464997585,0.0,-0.18816159957334697,1.7371753675310497,1.7371753675310497,-1.1027312723296967,-0.5104602222542161,3.1897053313397663,0.0,0.0,2.7750129739736122,0.025280887780813,0.025280887780813,0.06976677053593783,0.2102442417296108,-0.22941573387056177,-0.1912285139088802,0.0,0.0,0.0,0.0,0.0,0.0,0.07112893953585182,-1.103510270969965,0.20253186115090227,3,1
114.2338186245285,1012,1012021,0,-0.47492916168799776,-1.0704330130626085,0.0,-0.06649188858177275,-15.18284542853341,0.0,-0.2686569264893571,0.927679299170554,0.927679299170554,0.11128480729932706,0.3357211843886592,-0.21083771494179077,0.0,0.0,-0.1902853588427952,-0.5622833307391634,-0.5622833307391634,-0.4959097473230171,0.2102442417296108,-0.22941573387056177,-0.23210003321797068,0.0,0.0,0.0,0.0,0.0,0.0,-0.5290077943259218,0.2828402657505764,-0.3095206157310475,0,0
123.9930493166933,1005,1005041,0,-1.139374498219694,-0.646785815071418,0.0,-7.753988978814018,21.08743772142768,0.0,-0.09852599186506747,-0.5688275486850495,-0.5688275486850495,0.11128480729932706,-0.7195414288133007,-0.1855390562237065,0.0,0.0,-0.14352834501467274,0.2738667930565058,0.2738667930565058,0.6354432883948927,0.2102442417296108,-0.22941573387056177,-0.23179596571927485,0.0,0.0,0.0,0.0,0.0,0.0,0.650518908102066,-0.9302164538798973,0.6710876373279003,0,0
114.73821680956402,1003,1003029,16,0.6060360894674356,-1.0540795432172039,0.0,17.146246693248383,-17.401030956562966,0.0,-0.05271875687869985,1.3481221050231313,1.3481221050231313,-1.1027312723296967,1.3899367110950058,-0.17872746956371346,0.0,0.0,-0.18611991475596354,-0.9069141062423739,-0.9069141062423739,-0.04336853303585316,0.2102442417296108,-0.22941573387056177,-0.23171409647312494,0.0,0.0,0.0,0.0,0.0,0.0,-0.0987600612207616,-1.2768040880600326,-0.25883864717476623,0,0
131.0041144663606,1020,1020058,0,-0.0003132401558481883,0.049695057644075405,0.0,5.181994831053066,9.975893117410907,0.0,-0.3607064661279383,-1.015626401212372,-1.015626401212372,-1.1027312723296967,0.9295483578854016,-0.2245255836037462,0.0,0.0,-0.2024802401709864,-0.7849576170084123,-0.7849576170084123,1.597093368755116,0.2102442417296108,-0.22941573387056177,-0.23226454929105175,0.0,0.0,0.0,0.0,0.0,0.0,1.5448132745245375,1.6691908024711177,1.3755600046034673,0,0
115.66114458864593,1008,1008028,0,-0.5563077935900284,0.22236029760552248,0.0,-9.085401407639898,-18.474491846838987,0.0,-0.14243628509563758,0.6844255480753929,0.6844255480753929,0.11128480729932706,0.2660954796848329,-0.1920685655401895,0.0,0.0,-0.17826742829563474,-0.5291542100211272,-0.5291542100211272,-0.09993618482174865,0.2102442417296108,-0.22941573387056177,-0.23187444464528034,0.0,0.0,0.0,0.0,0.0,0.0,-0.13205727150323265,-0.41033500260969424,-0.16610279271118822,0,0
114.12683694708714,1015,1015024,0,-0.21382749663237777,0.5320434815763468,0.0,10.904135631270758,11.576128422838552,0.0,-0.25184069638838796,-1.1641709918683423,-1.1641709918683423,1.325300886928351,0.9036414548839213,-0.20833712287022454,0.0,0.0,-0.19468025569252806,-0.7770199975724942,-0.7770199975724942,-0.32620679196533064,0.2102442417296108,-0.22941573387056177,-0.23206997831328452,0.0,0.0,0.0,0.0,0.0,0.0,-0.3728978281360452,0.8027217170207794,-0.32027014293602546,0,0
115.86656896235641,1007,1007024,0,0.3320198084441008,-0.3590319693304082,0.0,-8.744406652123791,6.787743277081043,0.0,-0.36471904919391884,-0.2687837795106529,-0.2687837795106529,0.11128480729932706,0.25233356569697124,-0.22512225915712755,0.0,0.0,-0.19778859147818542,-0.5223834934910306,-0.5223834934910306,-0.32620679196533064,0.2102442417296108,-0.22941573387056177,-0.23227172080338654,0.0,0.0,0.0,0.0,0.0,0.0,-0.35731310315674275,-0.583628819699762,-0.14546173578836188,0,0
103.11897236986874,1005,1005005,0,-1.056900382544636,-0.8614209341724584,0.0,-7.753988978814018,21.08743772142768,0.0,-0.09852599186506747,-0.5688275486850495,-0.5688275486850495,-1.1027312723296967,-0.7456813330572046,-0.1855390562237065,0.0,0.0,-0.1421410717396736,0.30996853557432386,0.30996853557432386,-1.400992175897345,0.2102442417296108,-0.22941573387056177,-0.23179596571927485,0.0,0.0,0.0,0.0,0.0,0.0,-1.378303555496999,-0.9302164538798973,-1.4263412251210064,0,0
129.37273773686974,1018,1018052,0,0.40369121149086856,0.18695670961578775,0.0,10.7390102939936,-2.217324012489014,0.0,-0.36715165865048555,1.6647215517221783,1.6647215517221783,-1.1027312723296967,-1.528721580118886,-0.2254839908820019,0.0,0.0,-0.1377045229554267,2.1046020134003918,2.1046020134003918,1.2576874580397432,0.2102442417296108,-0.22941573387056177,-0.23227606849873303,0.0,0.0,0.0,0.0,0.0,0.0,1.383160003819541,1.3226031682909825,1.2116391449324897,0,0
101.43468807638436,1010,1010002,0,-0.9030422805378054,-0.1064572927615383,0.0,-3.330296274990087,9.95568497806392,0.0,-0.3780720260386732,-0.5847070204353849,-0.5847070204353849,1.325300886928351,-1.343090258713597,-0.22710786162743654,0.0,0.0,-0.15845129794877869,1.734657494081312,1.734657494081312,-1.5706951312550315,0.2102442417296108,-0.22941573387056177,-0.23229558598862335,0.0,0.0,0.0,0.0,0.0,0.0,-1.460359827885857,-0.06374736842955891,-1.5955782409048784,0,0
116.21351485939418,1013,1013027,0,-1.0354796265839454,0.26671173196683323,0.0,8.966626336535008,-6.622551768963632,0.0,-0.36291050996570695,1.4322867854548724,1.4322867854548724,-1.1027312723296967,0.5410137386875572,-0.22485332736753919,0.0,0.0,-0.20006409978639197,-0.6501717798574677,-0.6501717798574677,-0.15650383660764414,0.2102442417296108,-0.22941573387056177,-0.23226848848117165,0.0,0.0,0.0,0.0,0.0,0.0,-0.1958815645479378,0.4561340828406441,-0.11060058528053332,0,0
120.19088889181151,1012,1012034,0,-0.4751845505824854,-1.12623774071168,0.0,-0.06649188858177275,-15.18284542853341,0.0,-0.2686569264893571,0.927679299170554,0.927679299170554,-1.1027312723296967,-1.4655013143824034,-0.21083771494179077,0.0,0.0,-0.11564130815214507,2.1046020134003918,2.1046020134003918,0.2394697258936243,0.2102442417296108,-0.22941573387056177,-0.23210003321797068,0.0,0.0,0.0,0.0,0.0,0.0,0.36764398987095426,0.2828402657505764,0.2890462644267998,0,0
121.46733644919256,1019,1019042,0,0.42103255166879205,-0.791551191934999,0.0,-17.376302103923766,9.800501167249662,0.0,-0.15733784321247446,-0.19003518656051338,-0.19003518656051338,1.325300886928351,-1.7887790139516495,-0.19428444376362033,0.0,0.0,0.02566191992218643,2.1046020134003918,2.1046020134003918,0.6920109401807882,0.2102442417296108,-0.22941573387056177,-0.23190107754136866,0.0,0.0,0.0,0.0,0.0,0.0,0.8189844405147708,1.4958969853810502,0.4173038134946493,0,0
107.44070485122025,1020,1020014,0,-0.06767906617286791,-0.07440698617559341,0.0,5.181994831053066,9.975893117410907,0.0,-0.3607064661279383,-1.015626401212372,-1.015626401212372,-1.1027312723296967,-0.5540661195096939,-0.2245255836037462,0.0,0.0,-0.18600566485180284,0.07191710947492234,0.07191710947492234,-0.8918833098242855,0.2102442417296108,-0.22941573387056177,-0.23226454929105175,0.0,0.0,0.0,0.0,0.0,0.0,-0.8851152034905687,1.6691908024711177,-0.9920932118909649,0,0
129.6422535568365,1012,1012053,0,-0.4755578112744288,-1.2077984965064765,0.0,-0.06649188858177275,-15.18284542853341,0.0,-0.2686569264893571,0.927679299170554,0.927679299170554,-1.1027312723296967,0.24897723197248972,-0.21083771494179077,0.0,0.0,-0.18920608184785104,-0.5207206755516569,-0.5207206755516569,1.3142551098256388,0.2102442417296108,-0.22941573387056177,-0.23210003321797068,0.0,0.0,0.0,0.0,0.0,0.0,1.2788978012253096,0.2828402657505764,1.2387201153210199,0,0
123.21956883725,1018,1018040,0,0.36561659898529675,0.19447960246781434,0.0,10.7390102939936,-2.217324012489014,0.0,-0.36715165865048555,1.6647215517221783,1.6647215517221783,0.11128480729932706,1.152025767668457,-0.2254839908820019,0.0,0.0,-0.20411293294450422,-0.84807317252583,-0.84807317252583,0.5788756366089973,0.2102442417296108,-0.22941573387056177,-0.23227606849873303,0.0,0.0,0.0,0.0,0.0,0.0,0.5254343479185403,1.3226031682909825,0.5933682590647094,0,0
127.12029596149497,1002,1002045,4,0.22536227161413763,0.8453322153196577,0.0,150.0,150.0,0.0,4.330898892721817,-1.1802296948739384,-1.1802296948739384,0.11128480729932706,0.9487734126134048,-0.22282282213147617,0.0,0.0,-0.20179901437371447,-0.7907635861257668,-0.7907635861257668,0.8617138955384748,0.2102442417296108,-0.22941573387056177,-0.23224408360441126,0.0,0.0,0.0,0.0,0.0,0.0,0.8110296947801813,-1.4500979051501004,0.9853136215241184,4,1
114.17363313285068,1019,1019029,0,0.4877732425904115,-0.8275730496979015,0.0,-17.376302103923766,9.800501167249662,0.0,-0.15733784321247446,-0.19003518656051338,-0.19003518656051338,0.11128480729932706,0.4167768904962946,-0.19428444376362033,0.0,0.0,-0.1819552329578579,-0.5986311496572922,-0.5986311496572922,-0.04336853303585316,0.2102442417296108,-0.22941573387056177,-0.23190107754136866,0.0,0.0,0.0,0.0,0.0,0.0,-0.0798919687942034,1.4958969853810502,-0.3155680585792894,0,0
107.30395715799678,1005,1005014,0,-1.0775189114634005,-0.8077621543971982,0.0,-7.753988978814018,21.08743772142768,0.0,-0.09852599186506747,-0.5688275486850495,-0.5688275486850495,0.11128480729932706,1.5500215639881978,-0.1855390562237065,0.0,0.0,-0.19026193584271575,-0.9423060356229185,-0.9423060356229185,-0.8918833098242855,0.2102442417296108,-0.22941573387056177,-0.23179596571927485,0.0,0.0,0.0,0.0,0.0,0.0,-0.9471895272055069,-0.9302164538798973,-1.005833630658744,0,0
113.31798404218242,1009,1009021,0,-0.8000588996934188,-0.7846538858391833,0.0,14.64923024777079,8.610220672323951,0.0,-0.22640391027819448,-1.3167376214261457,-1.3167376214261457,-1.1027312723296967,-0.9630553006348647,-0.2045546445566401,0.0,0.0,-0.15086271391045855,0.6692324088071812,0.6692324088071812,-0.4959097473230171,0.2102442417296108,-0.22941573387056177,-0.2320245162699209,0.0,0.0,0.0,0.0,0.0,0.0,-0.4536343352936233,-0.2370411855196266,-0.4015437452392349,0,0
125.22504874890689,1013,1013043,0,-0.9930920056394239,0.2367532492286074,0.0,8.966626336535008,-6.622551768963632,0.0,-0.36291050996570695,1.4322867854548724,1.4322867854548724,-1.1027312723296967,0.9391080696401822,-0.22485332736753919,0.0,0.0,-0.20268899453625663,-0.7878535373051984,-0.7878535373051984,0.7485785919666837,0.2102442417296108,-0.22941573387056177,-0.23226848848117165,0.0,0.0,0.0,0.0,0.0,0.0,0.6983726882030681,0.4561340828406441,0.794879035348905,0,0
123.03303743783307,1001,1001038,1,3.6038708037597713,3.5344370345646494,0.0,-5.958580837432313,10.181873359807902,0.0,-0.34772753564590486,-0.4736501414509813,-0.4736501414509813,-1.1027312723296967,-0.7835361846657543,-0.26356477564364394,0.0,0.0,-0.22076960836443846,0.364609930253002,0.364609930253002,0.4657403330372063,0.2102442417296108,4.358898943540674,4.358585241966482,0.0,0.0,0.0,0.0,0.0,0.0,0.4868200651108301,-1.623391722240168,0.5746255696568526,1,1
114.73427549441146,1010,1010028,0,-0.9286249704608094,-0.0332728173776678,0.0,-3.330296274990087,9.95568497806392,0.0,-0.3780720260386732,-0.5847070204353849,-0.5847070204353849,0.11128480729932706,0.9780799347196464,-0.22710786162743654,0.0,0.0,-0.20395073150597917,-0.7994790523432019,-0.7994790523432019,-0.09993618482174865,0.2102442417296108,-0.22941573387056177,-0.23229558598862335,0.0,0.0,0.0,0.0,0.0,0.0,-0.14860218260252672,-0.06374736842955891,-0.2592346708254428,0,0
117.10820860904438,1006,1006028,0,0.34632333598372744,-0.8299840326642066,0.0,-1.5496980895381303,-23.93157344232101,0.0,-0.06317160540549178,0.8952833310040319,0.8952833310040319,1.325300886928351,1.6311499381713783,-0.18028181973580326,0.0,0.0,-0.1888957406477774,-0.9591131391817603,-0.9591131391817603,-0.09993618482174865,0.2102442417296108,-0.22941573387056177,-0.2317327783872213,0.0,0.0,0.0,0.0,0.0,0.0,-0.1583723974021498,-0.7569226367898296,-0.020701688273044895,0,0
106.19324223379968,1019,1019013,0,0.5699156314170201,-0.8719076438676278,0.0,-17.376302103923766,9.800501167249662,0.0,-0.15733784321247446,-0.19003518656051338,-0.19003518656051338,1.325300886928351,-0.2734464745471945,-0.19428444376362033,0.0,0.0,-0.1680572839262698,-0.19130275894987955,-0.19130275894987955,-0.948450961610181,0.2102442417296108,-0.22941573387056177,-0.23190107754136866,0.0,0.0,0.0,0.0,0.0,0.0,-0.9576428194265464,1.4958969853810502,-1.1174383519548459,0,0
100.96180379805908,1014,1014001,0,0.15589266004279836,0.3678341183785583,0.0,-8.136546240266938,20.588589061973188,0.0,-0.10622813487034453,-0.555931766616366,-0.555931766616366,-1.1027312723296967,0.21806568790465872,-0.186684373433175,0.0,0.0,-0.1741593254222549,-0.5051893356747662,-0.5051893356747662,-1.627262783040927,0.2102442417296108,-0.22941573387056177,-0.2318097314189895,0.0,0.0,0.0,0.0,0.0,0.0,-1.6538645507380008,0.6294278999307118,-1.643093689683017,0,0
113.81194576058304,1003,1003028,16,0.6009701609748173,-1.04915972054418,0.0,17.146246693248383,-17.401030956562966,0.0,-0.05271875687869985,1.3481221050231313,1.3481221050231313,0.11128480729932706,0.4921739630904025,-0.17872746956371346,0.0,0.0,-0.1745700045076123,-0.6304774277206309,-0.6304774277206309,-0.09993618482174865,0.2102442417296108,-0.22941573387056177,-0.23171409647312494,0.0,0.0,0.0,0.0,0.0,0.0,-0.13825863877208094,-1.2768040880600326,-0.35191043365580027,0,0
114.04781356222662,1018,1018027,0,0.3243691021042606,0.20262940305750723,0.0,10.7390102939936,-2.217324012489014,0.0,-0.36715165865048555,1.6647215517221783,1.6647215517221783,-1.1027312723296967,0.9287062904546939,-0.22548399088200255,0.0,0.0,-0.2029244419774503,-0.7847016820337033,-0.7847016820337033,-0.15650383660764414,0.2102442417296108,-0.22941573387056177,-0.23227606849873303,0.0,0.0,0.0,0.0,0.0,0.0,-0.2041153075239188,1.3226031682909825,-0.32821041874496737,0,0
130.7900133902326,1006,1006051,0,0.3357924497503948,-0.9856069524832114,0.0,-1.5496980895381303,-23.93157344232101,0.0,-0.06317160540549178,0.8952833310040319,0.8952833310040319,1.325300886928351,-0.07808178016464118,-0.18028181973580168,0.0,0.0,-0.16323438136963297,-0.33346889650463934,-0.33346889650463934,1.2011198062538477,0.2102442417296108,-0.22941573387056177,-0.23173277838722126,0.0,0.0,0.0,0.0,0.0,0.0,1.177523211433454,-0.7569226367898296,1.3540471119521562,0,0
126.65235754668115,1013,1013045,0,-0.9877935530213586,0.2330084388863292,0.0,8.966626336535008,-6.622551768963632,0.0,-0.36291050996570695,1.4322867854548724,1.4322867854548724,-1.1027312723296967,1.4928993429903765,-0.22485332736753919,0.0,0.0,-0.20539956764144252,-0.9300293212415962,-0.9300293212415962,0.8617138955384748,0.2102442417296108,-0.22941573387056177,-0.23226848848117165,0.0,0.0,0.0,0.0,0.0,0.0,0.8025061007705562,0.4561340828406441,0.9382951334932778,0,0
112.88053275213062,1020,1020024,0,-0.05236865116899979,-0.04620197621657777,0.0,5.181994831053066,9.975893117410907,0.0,-0.3607064661279383,-1.015626401212372,-1.015626401212372,1.325300886928351,1.6153024647060366,-0.2245255836037462,0.0,0.0,-0.20576657383736865,-0.9558862271216738,-0.9558862271216738,-0.32620679196533064,0.2102442417296108,-0.22941573387056177,-0.23226454929105175,0.0,0.0,0.0,0.0,0.0,0.0,-0.38384512340175825,1.6691908024711177,-0.44549888462132503,0,0
110.86378346477296,1015,1015017,0,-0.23637919593955511,0.5091329141186601,0.0,10.904135631270758,11.576128422838552,0.0,-0.25184069638838796,-1.1641709918683423,-1.1641709918683423,-1.1027312723296967,0.9813842361662287,-0.20833712287022454,0.0,0.0,-0.1953175727776264,-0.8004516491906467,-0.8004516491906467,-0.7221803544665991,0.2102442417296108,-0.22941573387056177,-0.23206997831328452,0.0,0.0,0.0,0.0,0.0,0.0,-0.7692548288733517,0.8027217170207794,-0.6481420086455799,0,0
110.23917779896098,1016,1016014,0,-0.7969670131218479,0.10571046147483985,0.0,-13.28709936806187,3.646546868613464,0.0,-0.3014597953260249,-0.05800679269001393,-0.05800679269001393,1.325300886928351,-0.6203612666456454,-0.21571553792857157,0.0,0.0,-0.17637343383559437,0.14774878538086064,0.14774878538086064,-0.8918833098242855,0.2102442417296108,-0.22941573387056177,-0.23215866033536844,0.0,0.0,0.0,0.0,0.0,0.0,-0.8804740157787883,0.9760155341108472,-0.7109024341465726,0,0
109.09366867694197,1012,1012013,0,-0.47477199929139,-1.0360916422016415,0.0,-0.06649188858177275,-15.18284542853341,0.0,-0.2686569264893571,0.927679299170554,0.927679299170554,0.11128480729932706,0.6988538354367886,-0.21083771494179077,0.0,0.0,-0.19410258610826764,-0.7092836850044609,-0.7092836850044609,-0.948450961610181,0.2102442417296108,-0.22941573387056177,-0.23210003321797068,0.0,0.0,0.0,0.0,0.0,0.0,-0.9893452271634292,0.2828402657505764,-0.826003279124854,0,0
100.14758654952422,1012,1012000,0,-0.4745166103969024,-0.9802869145525701,0.0,-0.06649188858177275,-15.18284542853341,0.0,-0.2686569264893571,0.927679299170554,0.927679299170554,1.325300886928351,-0.2626679390523189,-0.26356477564364394,0.0,0.0,-0.22076960836443846,-0.19989314642610573,-0.19989314642610573,-1.6838304348268225,0.2102442417296108,-0.22941573387056177,-0.23273376584545316,0.0,0.0,0.0,0.0,0.0,0.0,-1.6915968161914585,0.2828402657505764,-1.7249063016481436,0,0
130.00045065575256,1013,1013053,0,-0.9665997425490979,0.21802919751721628,0.0,8.966626336535008,-6.622551768963632,0.0,-0.36291050996570695,1.4322867854548724,1.4322867854548724,-1.1027312723296967,0.8010228986501609,-0.22485332736753919,0.0,0.0,-0.20185736463285667,-0.7442326391140994,-0.7442326391140994,1.3142551098256388,0.2102442417296108,-0.22941573387056177,-0.23226848848117165,0.0,0.0,0.0,0.0,0.0,0.0,1.2652180168037093,0.4561340828406441,1.2747117874618237,0,0
125.193690890272,1009,1009046,0,-0.6918545296135037,-0.7237943324753957,0.0,14.64923024777079,8.610220672323951,0.0,-0.22640391027819448,-1.3167376214261457,-1.3167376214261457,-1.1027312723296967,0.6177154798830863,-0.2045546445566401,0.0,0.0,-0.190065822522887,-0.6797238037075853,-0.6797238037075853,0.9182815473243703,0.2102442417296108,-0.22941573387056177,-0.2320245162699209,0.0,0.0,0.0,0.0,0.0,0.0,0.8742433091895712,-0.2370411855196266,0.791728195293416,0,0
131.3247306458203,1002,1002052,4,0.21759492107384318,0.8673290521989928,0.0,150.0,150.0,0.0,4.330898892721817,-1.1802296948739384,-1.1802296948739384,-1.1027312723296967,-0.40363545195309164,-0.22282282213147617,0.0,0.0,-0.18752566646723337,-0.07940606283928234,-0.07940606283928234,1.2576874580397432,0.2102442417296108,-0.22941573387056177,-0.23224408360441126,0.0,0.0,0.0,0.0,0.0,0.0,1.249490381926361,-1.4500979051501004,1.4077755430572134,4,1
100.48760370439439,1007,1007000,0,0.3940255027783319,-0.40509061037061966,0.0,-8.744406652123791,6.787743277081043,0.0,-0.36471904919391884,-0.2687837795106529,-0.2687837795106529,0.11128480729932706,-0.2626679390523189,-0.26356477564364394,0.0,0.0,-0.22076960836443846,-0.19989314642610573,-0.19989314642610573,-1.6838304348268225,0.2102442417296108,-0.22941573387056177,-0.23273376584545316,0.0,0.0,0.0,0.0,0.0,0.0,-1.6915968161914585,-0.583628819699762,-1.6907413516879999,0,0
104.39049965065173,1001,1001005,1,3.6038708037597713,3.5344370345646494,0.0,-5.958580837432313,10.181873359807902,0.0,-0.34772753564590486,-0.4736501414509813,-0.4736501414509813,-1.1027312723296967,1.6214144274881221,-0.26356477564364394,0.0,0.0,-0.22076960836443846,-0.9571339337643034,-0.9571339337643034,-1.400992175897345,0.2102442417296108,4.358898943540674,4.358585241966482,0.0,0.0,0.0,0.0,0.0,0.0,-1.4558550580848595,-1.623391722240168,-1.2985780658254227,1,1
126.92311467340609,1014,1014043,0,0.0549256781117101,0.6123180639603831,0.0,-8.136546240266938,20.588589061973188,0.0,-0.10622813487034453,-0.555931766616366,-0.555931766616366,-1.1027312723296967,-1.5138340592446096,-0.18668437343317387,0.0,0.0,-0.05670406664886855,2.1046020134003918,2.1046020134003918,0.7485785919666837,0.2102442417296108,-0.22941573387056177,-0.2318097314189895,0.0,0.0,0.0,0.0,0.0,0.0,0.8754019968452477,0.6294278999307118,0.9655008304806613,0,0
124.41506395017123,1013,1013042,0,-0.9957412319484564,0.23862565439974653,0.0,8.966626336535008,-6.622551768963632,0.0,-0.36291050996570695,1.4322867854548724,1.4322867854548724,0.11128480729932706,-1.5350386713556508,-0.22485332736753919,0.0,0.0,-0.13552802211555126,2.1046020134003918,2.1046020134003918,0.6920109401807882,0.2102442417296108,-0.22941573387056177,-0.23226848848117165,0.0,0.0,0.0,0.0,0.0,0.0,0.8189844405147708,0.4561340828406441,0.7134917002662166,0,0
103.0646711427527,1015,1015005,0,-0.2750392518947163,0.4698576556197688,0.0,10.904135631270758,11.576128422838552,0.0,-0.25184069638838796,-1.1641709918683423,-1.1641709918683423,-1.1027312723296967,-1.1665579476904464,-0.20833712287022454,0.0,0.0,-0.14247399946660164,1.1423994512017763,1.1423994512017763,-1.400992175897345,0.2102442417296108,-0.22941573387056177,-0.23206997831328452,0.0,0.0,0.0,0.0,0.0,0.0,-1.3273556093997958,0.8027217170207794,-1.4317974166119984,0,0
119.8731568296982,1016,1016030,0,-0.8597786560215587,0.12220637048826131,0.0,-13.28709936806187,3.646546868613464,0.0,-0.3014597953260249,-0.05800679269001393,-0.05800679269001393,0.11128480729932706,-0.4261357971883162,-0.21571553792857157,0.0,0.0,-0.1812314543367414,-0.058403543802016476,-0.058403543802016476,0.013199118750042335,0.2102442417296108,-0.22941573387056177,-0.23215866033536844,0.0,0.0,0.0,0.0,0.0,0.0,0.009589576903594955,0.9760155341108472,0.2571205223065841,0,0
111.26066904484755,1015,1015018,0,-0.23315752460995834,0.5124058523269012,0.0,10.904135631270758,11.576128422838552,0.0,-0.25184069638838796,-1.1641709918683423,-1.1641709918683423,1.325300886928351,-0.6624308839517146,-0.20833712287022454,0.0,0.0,-0.1681264563287935,0.19925914255651073,0.19925914255651073,-0.6656127026807036,0.2102442417296108,-0.22941573387056177,-0.23206997831328452,0.0,0.0,0.0,0.0,0.0,0.0,-0.6516511601886319,0.8027217170207794,-0.6082629149324164,0,0
121.17023674184021,1019,1019040,0,0.4313003502721181,-0.7970930162062148,0.0,-17.376302103923766,9.800501167249662,0.0,-0.15733784321247446,-0.19003518656051338,-0.19003518656051338,0.11128480729932706,0.9965544776101949,-0.19428444376362033,0.0,0.0,-0.18899277403305192,-0.8048911002572501,-0.8048911002572501,0.5788756366089973,0.2102442417296108,-0.22941573387056177,-0.23190107754136866,0.0,0.0,0.0,0.0,0.0,0.0,0.5280772553947085,1.4958969853810502,0.3874512119729936,0,0
114.22632665364264,1005,1005024,0,-1.1004283880398056,-0.7481412879802426,0.0,-7.753988978814018,21.08743772142768,0.0,-0.09852599186506747,-0.5688275486850495,-0.5688275486850495,0.11128480729932706,1.542282805255703,-0.1855390562237065,0.0,0.0,-0.1901988670061072,-0.9406647620965157,-0.9406647620965157,-0.32620679196533064,0.2102442417296108,-0.22941573387056177,-0.23179596571927485,0.0,0.0,0.0,0.0,0.0,0.0,-0.38291351170274096,-0.9302164538798973,-0.3102734095438059,0,0
109.60206438662487,1002,1002016,4,0.25754129528107184,0.7542024625338407,0.0,150.0,150.0,0.0,4.330898892721817,-1.1802296948739384,-1.1802296948739384,0.11128480729932706,1.5756821754632395,-0.22282282213147617,0.0,0.0,-0.20494793723366486,-0.9477001353748304,-0.9477001353748304,-0.7787480062524946,0.2102442417296108,-0.22941573387056177,-0.23224408360441126,0.0,0.0,0.0,0.0,0.0,0.0,-0.8346845540170832,-1.4500979051501004,-0.7749196389835196,4,1
111.89613110537624,1020,1020023,0,-0.0538996926693866,-0.049022477212479335,0.0,5.181994831053066,9.975893117410907,0.0,-0.3607064661279383,-1.015626401212372,-1.015626401212372,1.325300886928351,1.6744915499190016,-0.2245255836037462,0.0,0.0,-0.20599570357585034,-0.9678037107706804,-0.9678037107706804,-0.3827744437512261,0.2102442417296108,-0.22941573387056177,-0.23226454929105175,0.0,0.0,0.0,0.0,0.0,0.0,-0.44099207517294436,1.6691908024711177,-0.5444116380525112,0,0
129.03521652343557,1020,1020055,0,-0.004906364657008624,0.04123355465637071,0.0,5.181994831053066,9.975893117410907,0.0,-0.3607064661279383,-1.015626401212372,-1.015626401212372,0.11128480729932706,1.5218665102191136,-0.2245255836037462,0.0,0.0,-0.20539004115649448,-0.9363020295514707,-0.9363020295514707,1.4273904133974298,0.2102442417296108,-0.22941573387056177,-0.23226454929105175,0.0,0.0,0.0,0.0,0.0,0.0,1.366297750408913,1.6691908024711177,1.177724987360444,0,0
126.67826644085223,1003,1003048,16,0.7022887308271843,-1.1475561740046534,0.0,17.146246693248383,-17.401030956562966,0.0,-0.05271875687869985,1.3481221050231313,1.3481221050231313,0.11128480729932706,-0.7646793625587239,-0.17872746956371346,0.0,0.0,-0.1341461456221207,0.3370311539960223,0.3370311539960223,1.0314168508961612,0.2102442417296108,-0.22941573387056177,-0.23171409647312494,0.0,0.0,0.0,0.0,0.0,0.0,1.0493077021507426,-1.2768040880600326,0.9408984611789519,0,0
102.37959263448481,1018,1018003,0,0.24821987709311696,0.21767518876155423,0.0,10.7390102939936,-2.217324012489014,0.0,-0.36715165865048555,1.6647215517221783,1.6647215517221783,0.11128480729932706,1.3471359796052107,-0.22548399088200255,0.0,0.0,-0.20502884638819882,-0.8969105652344627,-0.8969105652344627,-1.514127479469136,0.2102442417296108,-0.22941573387056177,-0.23227606849873303,0.0,0.0,0.0,0.0,0.0,0.0,-1.5650042709599583,1.3226031682909825,-1.5006341579895908,0,0
109.34349967236007,1006,1006015,0,0.35227557602865467,-0.7420232518969433,0.0,-1.5496980895381303,-23.93157344232101,0.0,-0.06317160540549178,0.8952833310040319,0.8952833310040319,-1.1027312723296967,-0.19094348875144732,-0.18028181973580326,0.0,0.0,-0.16000404224993836,-0.25471067289589633,-0.25471067289589633,-0.83531565803839,0.2102442417296108,-0.22941573387056177,-0.2317327783872213,0.0,0.0,0.0,0.0,0.0,0.0,-0.8486885128735956,-0.7569226367898296,-0.8009002414260319,0,0
113.03733285900114,1019,1019027,0,0.49804104119373754,-0.8331148739691173,0.0,-17.376302103923766,9.800501167249662,0.0,-0.15733784321247446,-0.19003518656051338,-0.19003518656051338,-1.1027312723296967,0.2902150000716315,-0.19428444376362033,0.0,0.0,-0.17998342358830344,-0.5408403248775405,-0.5408403248775405,-0.15650383660764414,0.2102442417296108,-0.22941573387056177,-0.23190107754136866,0.0,0.0,0.0,0.0,0.0,0.0,-0.18919006262210228,1.4958969853810502,-0.42974359778286525,0,0
125.80983351898816,1008,1008047,0,-0.6073098524629669,0.12311714025102309,0.0,-9.085401407639898,-18.474491846838987,0.0,-0.14243628509563758,0.6844255480753929,0.6844255480753929,1.325300886928351,-0.4698809232026926,-0.1920685655401895,0.0,0.0,-0.1601990069482118,-0.016008013090692934,-0.016008013090692934,0.9748491991102657,0.2102442417296108,-0.22941573387056177,-0.23187444464528034,0.0,0.0,0.0,0.0,0.0,0.0,0.9712828026554843,-0.41033500260969424,0.8536382541739362,0,0
108.44637448840577,1011,1011013,0,0.5538837511381878,-0.23205837552161213,0.0,-11.712368884762107,21.247785241361655,0.0,-0.056623791325879136,-0.48745613496279744,-0.48745613496279744,1.325300886928351,1.6576324630546626,-0.17930815251816654,0.0,0.0,-0.18874440838993933,-0.9644464390032101,-0.9644464390032101,-0.948450961610181,0.2102442417296108,-0.22941573387056177,-0.23172107576856757,0.0,0.0,0.0,0.0,0.0,0.0,-1.0049621606442616,0.10954644866050875,-0.8910434491400278,0,0
122.73813028484622,1003,1003042,16,0.6718931598714742,-1.1180372379665113,0.0,17.146246693248383,-17.401030956562966,0.0,-0.05271875687869985,1.3481221050231313,1.3481221050231313,0.11128480729932706,-1.2558239459611007,-0.17872746956371346,0.0,0.0,-0.08913904794550073,1.4142354200122482,1.4142354200122482,0.6920109401807882,0.2102442417296108,-0.22941573387056177,-0.23171409647312494,0.0,0.0,0.0,0.0,0.0,0.0,0.7767313726301678,-1.2768040880600326,0.544993276167039,0,0
117.70221695730824,1010,1010034,0,-0.9345286681353487,-0.0163840922890823,0.0,-3.330296274990087,9.95568497806392,0.0,-0.3780720260386732,-0.5847070204353849,-0.5847070204353849,-1.1027312723296967,0.13664383190259552,-0.22710786162743654,0.0,0.0,-0.1978970565794052,-0.4623135609900218,-0.4623135609900218,0.2394697258936243,0.2102442417296108,-0.22941573387056177,-0.23229558598862335,0.0,0.0,0.0,0.0,0.0,0.0,0.2105389690638664,-0.06374736842955891,0.03898431639954697,0,0
135.75119612297362,1014,1014057,0,0.02127001746801258,0.6938127124876582,0.0,-8.136546240266938,20.588589061973188,0.0,-0.10622813487034453,-0.555931766616366,-0.555931766616366,0.11128480729932706,1.6223115909842327,-0.18668437343317387,0.0,0.0,-0.19127809546529118,-0.9573167465213777,-0.9573167465213777,1.5405257169692206,-5.517490776201416,-0.22941573387056177,-0.2318097314189895,0.0,0.0,0.0,0.0,0.0,0.0,1.4778466822621497,0.6294278999307118,1.8525471357875645,0,0
101.66960059619109,1014,1014002,0,0.1534886842825345,0.37365516470193505,0.0,-8.136546240266938,20.588589061973188,0.0,-0.10622813487034453,-0.555931766616366,-0.555931766616366,1.325300886928351,0.5429367476830583,-0.186684373433175,0.0,0.0,-0.17967757117900104,-0.6509328768369289,-0.6509328768369289,-1.5706951312550315,0.2102442417296108,-0.22941573387056177,-0.2318097314189895,0.0,0.0,0.0,0.0,0.0,0.0,-1.6063670548470717,0.6294278999307118,-1.5719742127867304,0,0
129.54060341784717,1008,1008054,0,-0.6261000846793126,0.08655387175199698,0.0,-9.085401407639898,-18.474491846838987,0.0,-0.14243628509563758,0.6844255480753929,0.6844255480753929,-1.1027312723296967,1.3341093472913164,-0.1920685655401895,0.0,0.0,-0.19110762160591385,-0.8938178537522994,-0.8938178537522994,1.3708227616115343,0.2102442417296108,-0.22941573387056177,-0.23187444464528034,0.0,0.0,0.0,0.0,0.0,0.0,1.3124803876295954,-0.41033500260969424,1.228506301511131,0,0
105.50197909574638,1010,1010010,0,-0.9109138774371913,-0.0839389926434243,0.0,-3.330296274990087,9.95568497806392,0.0,-0.3780720260386732,-0.5847070204353849,-0.5847070204353849,0.11128480729932706,0.00040984791299486013,-0.22710786162743654,0.0,0.0,-0.19648166308063444,-0.38348180172652646,-0.38348180172652646,-1.1181539169678676,0.2102442417296108,-0.22941573387056177,-0.23229558598862335,0.0,0.0,0.0,0.0,0.0,0.0,-1.1386575786149962,-0.06374736842955891,-1.1868965254105377,0,0
125.16151613905082,1017,1017045,0,-0.73500320644205,0.7557166785082817,0.0,4.783669788272565,13.354964151385625,0.0,-0.2919440134913492,-0.9430101894797384,-0.9430101894797384,1.325300886928351,-1.0925141379454233,-0.2143005306131605,0.0,0.0,-0.1555929959042847,0.950134685429144,0.950134685429144,0.8617138955384748,0.2102442417296108,-0.22941573387056177,-0.2321416531991472,0.0,0.0,0.0,0.0,0.0,0.0,0.917579307048052,1.1493093512009147,0.7884952738078183,0,0
101.87216270239915,1017,1017003,0,-0.794364105626336,0.59713007896004,0.0,4.783669788272565,13.354964151385625,0.0,-0.2919440134913492,-0.9430101894797384,-0.9430101894797384,-1.1027312723296967,0.2379211535055525,-0.2143005306131605,0.0,0.0,-0.19114531580710245,-0.515210830312126,-0.515210830312126,-1.514127479469136,0.2102442417296108,-0.22941573387056177,-0.2321416531991472,0.0,0.0,0.0,0.0,0.0,0.0,-1.5416427917608326,1.1493093512009147,-1.551620756723426,0,0
126.5643605791873,1015,1015048,0,-0.13650738472205542,0.6105939985741297,0.0,10.904135631270758,11.576128422838552,0.0,-0.25184069638838796,-1.1641709918683423,-1.1641709918683423,0.11128480729932706,0.3757282934444351,-0.20833712287022454,0.0,0.0,-0.1893353703609898,-0.5805095101622125,-0.5805095101622125,1.0314168508961612,0.2102442417296108,-0.22941573387056177,-0.23206997831328452,0.0,0.0,0.0,0.0,0.0,0.0,0.9931507149198084,0.8027217170207794,0.9294531914088563,0,0
105.68187839974344,1015,1015009,0,-0.26215256657632924,0.48294940845273254,0.0,10.904135631270758,11.576128422838552,0.0,-0.25184069638838796,-1.1641709918683423,-1.1641709918683423,0.11128480729932706,1.5748293337457588,-0.20833712287022454,0.0,0.0,-0.1993177377246251,-0.94752203792619,-0.94752203792619,-1.174721568753763,0.2102442417296108,-0.22941573387056177,-0.23206997831328452,0.0,0.0,0.0,0.0,0.0,0.0,-1.2295965480874798,0.8027217170207794,-1.1688202294622607,0,0
106.5762611523641,1003,1003011,16,0.5148493766003053,-0.9655227351027779,0.0,17.146246693248383,-17.401030956562966,0.0,-0.05271875687869985,1.3481221050231313,1.3481221050231313,1.325300886928351,0.3882669083277915,-0.17872746956371346,0.0,0.0,-0.17271609820005357,-0.586105853315956,-0.586105853315956,-1.061586265181972,0.2102442417296108,-0.22941573387056177,-0.23171409647312494,0.0,0.0,0.0,0.0,0.0,0.0,-1.09464138684772,-1.2768040880600326,-1.0789525814603003,0,0
120.80852883322059,1010,1010039,0,-0.9394484161974649,-0.00231015471526105,0.0,-3.330296274990087,9.95568497806392,0.0,-0.3780720260386732,-0.5847070204353849,-0.5847070204353849,0.11128480729932706,1.2070242407707485,-0.22710786162743654,0.0,0.0,-0.20508055335087755,-0.8624056121762201,-0.8624056121762201,0.5223079848231018,0.2102442417296108,-0.22941573387056177,-0.23229558598862335,0.0,0.0,0.0,0.0,0.0,0.0,0.46813959163183777,-0.06374736842955891,0.3511067734022507,0,0
114.71633249491957,1001,1001022,1,3.6038708037597713,3.5344370345646494,0.0,-5.958580837432313,10.181873359807902,0.0,-0.34772753564590486,-0.4736501414509813,-0.4736501414509813,-1.1027312723296967,-1.506983531222599,-0.26356477564364394,0.0,0.0,-0.22076960836443846,2.1046020134003918,2.1046020134003918,-0.4393420955371216,0.2102442417296108,4.358898943540674,4.358585241966482,0.0,0.0,0.0,0.0,0.0,0.0,-0.3093666860947708,-1.623391722240168,-0.26103758479903183,1,1
122.43218407206686,1012,1012038,0,-0.47526313178078927,-1.1434084261421633,0.0,-0.06649188858177275,-15.18284542853341,0.0,-0.2686569264893571,0.927679299170554,0.927679299170554,-1.1027312723296967,1.3739408179172166,-0.21083771494179077,0.0,0.0,-0.1991381935673586,-0.9032035197292401,-0.9032035197292401,0.4657403330372063,0.2102442417296108,-0.22941573387056177,-0.23210003321797068,0.0,0.0,0.0,0.0,0.0,0.0,0.40922504779660984,0.2828402657505764,0.5142517770974007,0,0
109.28179055810905,1017,1017019,0,-0.771750429746608,0.6575440216450845,0.0,4.783669788272565,13.354964151385625,0.0,-0.2919440134913492,-0.9430101894797384,-0.9430101894797384,1.325300886928351,0.244993368300425,-0.2143005306131605,0.0,0.0,-0.19123096600627293,-0.5187410397504948,-0.5187410397504948,-0.6090450508948081,0.2102442417296108,-0.22941573387056177,-0.2321416531991472,0.0,0.0,0.0,0.0,0.0,0.0,-0.6391779527515238,1.1493093512009147,-0.8071007779880056,0,0
129.7662191820776,1006,1006049,0,0.33670817898807587,-0.9720745246728629,0.0,-1.5496980895381303,-23.93157344232101,0.0,-0.06317160540549178,0.8952833310040319,0.8952833310040319,-1.1027312723296967,1.414199934622459,-0.18028181973580168,0.0,0.0,-0.18698303242293862,-0.9124797993099164,-0.9124797993099164,1.0879845026820567,0.2102442417296108,-0.22941573387056177,-0.23173277838722126,0.0,0.0,0.0,0.0,0.0,0.0,1.0292504237510471,-0.7569226367898296,1.2511761909115522,0,0
114.63840872592839,1008,1008026,0,-0.5509391558139296,0.23280694574810137,0.0,-9.085401407639898,-18.474491846838987,0.0,-0.14243628509563758,0.6844255480753929,0.6844255480753929,0.11128480729932706,-1.1485880703449158,-0.1920685655401895,0.0,0.0,-0.12114077502984419,1.093252324730457,1.093252324730457,-0.21307148839353965,0.2102442417296108,-0.22941573387056177,-0.23187444464528034,0.0,0.0,0.0,0.0,0.0,0.0,-0.14559491799791693,-0.41033500260969424,-0.2688673711205666,0,0
113.37425065102569,1012,1012019,0,-0.47488987108884584,-1.0618476703473667,0.0,-0.06649188858177275,-15.18284542853341,0.0,-0.2686569264893571,0.927679299170554,0.927679299170554,0.11128480729932706,-0.16305234068675056,-0.21083771494179077,0.0,0.0,-0.1828249584358634,-0.2749853978391154,-0.2749853978391154,-0.6090450508948081,0.2102442417296108,-0.22941573387056177,-0.23210003321797068,0.0,0.0,0.0,0.0,0.0,0.0,-0.6242591780257806,0.2828402657505764,-0.395890072040624,0,0
124.09247044046302,1014,1014038,0,0.06694555691303064,0.5832128323434993,0.0,-8.136546240266938,20.588589061973188,0.0,-0.10622813487034453,-0.555931766616366,-0.555931766616366,-1.1027312723296967,0.5996935750896816,-0.18668437343317387,0.0,0.0,-0.18051027952098808,-0.672925710767565,-0.672925710767565,0.4657403330372063,0.2102442417296108,-0.22941573387056177,-0.2318097314189895,0.0,0.0,0.0,0.0,0.0,0.0,0.42331892775482627,0.6294278999307118,0.6810774795165117,0,0
109.97256813712632,1001,1001014,1,3.6038708037597713,3.5344370345646494,0.0,-5.958580837432313,10.181873359807902,0.0,-0.34772753564590486,-0.4736501414509813,-0.4736501414509813,-1.1027312723296967,0.6920937097672483,-0.26356477564364394,0.0,0.0,-0.22076960836443846,-0.7068841867716273,-0.7068841867716273,-0.8918833098242855,0.2102442417296108,4.358898943540674,4.358585241966482,0.0,0.0,0.0,0.0,0.0,0.0,-0.9327808123918111,-1.623391722240168,-0.737691393541725,1,1
123.22906749929788,1010,1010043,0,-0.9433842146471577,0.00894899534379595,0.0,-3.330296274990087,9.95568497806392,0.0,-0.3780720260386732,-0.5847070204353849,-0.5847070204353849,-1.1027312723296967,-1.3707905401372376,-0.22710786162743654,0.0,0.0,-0.1563723007422983,1.8504493268352973,1.8504493268352973,0.7485785919666837,0.2102442417296108,-0.22941573387056177,-0.23229558598862335,0.0,0.0,0.0,0.0,0.0,0.0,0.8598468833427444,-0.06374736842955891,0.5943226853602837,0,0
100.56476796572318,1004,1004000,3,-0.14870931168702195,-0.2195699734196862,0.0,18.585679703128186,-1.280400464997585,0.0,-0.18816159957334697,1.7371753675310497,1.7371753675310497,0.11128480729932706,-0.2626679390523189,-0.26356477564364394,0.0,0.0,-0.22076960836443846,-0.19989314642610573,-0.19989314642610573,-1.6838304348268225,0.2102442417296108,-0.22941573387056177,-0.23273376584545316,0.0,0.0,0.0,0.0,0.0,0.0,-1.6915968161914585,-1.103510270969965,-1.682987880754993,3,1
128.35167874131054,1015,1015051,0,-0.12684237073326513,0.6204128131988524,0.0,10.904135631270758,11.576128422838552,0.0,-0.25184069638838796,-1.1641709918683423,-1.1641709918683423,1.325300886928351,-0.4687194014502385,-0.20833712287022454,0.0,0.0,-0.1740128741062126,-0.017161370661172147,-0.017161370661172147,1.2011198062538477,0.2102442417296108,-0.22941573387056177,-0.23206997831328452,0.0,0.0,0.0,0.0,0.0,0.0,1.1968824380963246,0.8027217170207794,1.1090430582645832,0,0
108.36501936786573,1019,1019017,0,0.5493800342103679,-0.8608239953251962,0.0,-17.376302103923766,9.800501167249662,0.0,-0.15733784321247446,-0.19003518656051338,-0.19003518656051338,-1.1027312723296967,-0.2673364446076607,-0.19428444376362033,0.0,0.0,-0.1682238358202971,-0.1961841493485071,-0.1961841493485071,-0.7221803544665991,0.2102442417296108,-0.22941573387056177,-0.23190107754136866,0.0,0.0,0.0,0.0,0.0,0.0,-0.7322713538097861,1.4958969853810502,-0.8992180179299853,0,0
102.40699013062057,1010,1010004,0,-0.905010179762652,-0.10082771773200981,0.0,-3.330296274990087,9.95568497806392,0.0,-0.3780720260386732,-0.5847070204353849,-0.5847070204353849,1.325300886928351,-0.7385495312218895,-0.22710786162743654,0.0,0.0,-0.1842101787625767,0.2999908144802322,0.2999908144802322,-1.4575598276832404,0.2102442417296108,-0.22941573387056177,-0.23229558598862335,0.0,0.0,0.0,0.0,0.0,0.0,-1.4353317864035058,-0.06374736842955891,-1.4978812554636314,0,0
112.39472283403053,1019,1019026,0,0.5031749404954006,-0.8358857861047252,0.0,-17.376302103923766,9.800501167249662,0.0,-0.15733784321247446,-0.19003518656051338,-0.19003518656051338,-1.1027312723296967,-1.4928559128923131,-0.19428444376362033,0.0,0.0,-0.07730203017788871,2.1046020134003918,2.1046020134003918,-0.21307148839353965,0.2102442417296108,-0.22941573387056177,-0.23190107754136866,0.0,0.0,0.0,0.0,0.0,0.0,-0.08369646077286234,1.4958969853810502,-0.49431310268149514,0,0
107.62883096830429,1020,1020015,0,-0.0661480246724811,-0.07158648517969185,0.0,5.181994831053066,9.975893117410907,0.0,-0.3607064661279383,-1.015626401212372,-1.015626401212372,-1.1027312723296967,-1.4717677134764031,-0.2245255836037462,0.0,0.0,-0.14226369901128497,2.1046020134003918,2.1046020134003918,-0.83531565803839,0.2102442417296108,-0.22941573387056177,-0.23226454929105175,0.0,0.0,0.0,0.0,0.0,0.0,-0.70428958040811,1.6691908024711177,-0.9731902851288533,0,0
122.30642313941361,1002,1002037,4,0.23423924366018845,0.8201929731718461,0.0,150.0,150.0,0.0,4.330898892721817,-1.1802296948739384,-1.1802296948739384,0.11128480729932706,0.3099815382262157,-0.22282282213147617,0.0,0.0,-0.19697312317055113,-0.5502500054000047,-0.5502500054000047,0.4091726812513108,0.2102442417296108,-0.22941573387056177,-0.23224408360441126,0.0,0.0,0.0,0.0,0.0,0.0,0.3744095923555624,-1.4500979051501004,0.5016153088795546,4,1
119.92943802821985,1010,1010038,0,-0.9384644665850417,-0.0051249422300253,0.0,-3.330296274990087,9.95568497806392,0.0,-0.3780720260386732,-0.5847070204353849,-0.5847070204353849,1.325300886928351,0.09758147709695142,-0.22710786162743654,0.0,0.0,-0.19750837667168838,-0.4406656440380937,-0.4406656440380937,0.4657403330372063,0.2102442417296108,-0.22941573387056177,-0.23229558598862335,0.0,0.0,0.0,0.0,0.0,0.0,0.43753412944678455,-0.06374736842955891,0.26277566147720377,0,0
103.4281163336558,1020,1020007,0,-0.07839635667557558,-0.09415049314690435,0.0,5.181994831053066,9.975893117410907,0.0,-0.3607064661279383,-1.015626401212372,-1.015626401212372,-1.1027312723296967,-0.9900915652660952,-0.2245255836037462,0.0,0.0,-0.173488971398483,0.7229346969692948,0.7229346969692948,-1.2878568723255541,0.2102442417296108,-0.22941573387056177,-0.23226454929105175,0.0,0.0,0.0,0.0,0.0,0.0,-1.240193339117845,1.6691908024711177,-1.395278415783348,0,0
111.75492134652909,1005,1005021,0,-1.093555545066884,-0.7660275479053293,0.0,-7.753988978814018,21.08743772142768,0.0,-0.09852599186506747,-0.5688275486850495,-0.5688275486850495,0.11128480729932706,1.346952278913068,-0.1855390562237065,0.0,0.0,-0.18851586479697802,-0.8968671098920953,-0.8968671098920953,-0.4959097473230171,0.2102442417296108,-0.22941573387056177,-0.23179596571927485,0.0,0.0,0.0,0.0,0.0,0.0,-0.5494855973787232,-0.9302164538798973,-0.5586004055184914,0,0
126.08607716938006,1001,1001045,1,3.6038708037597713,3.5344370345646494,0.0,-5.958580837432313,10.181873359807902,0.0,-0.34772753564590486,-0.4736501414509813,-0.4736501414509813,-1.1027312723296967,-1.739141395270053,-0.26356477564364394,0.0,0.0,-0.22076960836443846,2.1046020134003918,2.1046020134003918,0.8617138955384748,0.2102442417296108,4.358898943540674,4.358585241966482,0.0,0.0,0.0,0.0,0.0,0.0,0.9882371095062018,-1.623391722240168,0.8813952374827655,1,1
115.62397968264429,1016,1016023,0,-0.8322985622529352,0.11498941029488943,0.0,-13.28709936806187,3.646546868613464,0.0,-0.3014597953260249,-0.05800679269001393,-0.05800679269001393,1.325300886928351,0.26178686574205007,-0.21571553792857157,0.0,0.0,-0.19227502550124148,-0.5270425537693506,-0.5270425537693506,-0.3827744437512261,0.2102442417296108,-0.22941573387056177,-0.23215866033536844,0.0,0.0,0.0,0.0,0.0,0.0,-0.41401581174125973,0.9760155341108472,-0.16983712533421175,0,0
122.59184418303708,1011,1011042,0,0.45353020408993294,-0.05784313853680209,0.0,-11.712368884762107,21.247785241361655,0.0,-0.056623791325879136,-0.48745613496279744,-0.48745613496279744,-1.1027312723296967,-1.0875440545070205,-0.17930815251816654,0.0,0.0,-0.10979558886565917,0.9381449093089522,0.9381449093089522,0.6920109401807882,0.2102442417296108,-0.22941573387056177,-0.23172107576856757,0.0,0.0,0.0,0.0,0.0,0.0,0.7475928180410241,0.10954644866050875,0.5302944373685022,0,0
130.36223654441875,1013,1013055,0,-0.9613012899310326,0.21428438717493806,0.0,8.966626336535008,-6.622551768963632,0.0,-0.36291050996570695,1.4322867854548724,1.4322867854548724,-1.1027312723296967,-1.2647334529327248,-0.22485332736753919,0.0,0.0,-0.16013480167639466,1.4442115997893765,1.4442115997893765,1.4273904133974298,0.2102442417296108,-0.22941573387056177,-0.23226848848117165,0.0,0.0,0.0,0.0,0.0,0.0,1.5119942614279656,0.4561340828406441,1.3110640614736635,0,0
127.68434511478128,1018,1018048,0,0.3909996739890113,0.18946434056646327,0.0,10.7390102939936,-2.217324012489014,0.0,-0.36715165865048555,1.6647215517221783,1.6647215517221783,1.325300886928351,-1.4171413795987406,-0.2254839908820019,0.0,0.0,-0.1495269379865406,2.0625049945559404,2.0625049945559404,1.0314168508961612,0.2102442417296108,-0.22941573387056177,-0.23227606849873303,0.0,0.0,0.0,0.0,0.0,0.0,1.1549132804283326,1.3226031682909825,1.0419893239734443,0,0
110.64866199619674,1010,1010021,0,-0.9217373231738468,-0.052976329981017554,0.0,-3.330296274990087,9.95568497806392,0.0,-0.3780720260386732,-0.5847070204353849,-0.5847070204353849,0.11128480729932706,-0.1927295781554413,-0.22710786162743654,0.0,0.0,-0.19414597184169521,-0.2533931376046236,-0.2533931376046236,-0.4959097473230171,0.2102442417296108,-0.22941573387056177,-0.23229558598862335,0.0,0.0,0.0,0.0,0.0,0.0,-0.5101025367071427,-0.06374736842955891,-0.6697574304088314,0,0
109.06742821747059,1019,1019018,0,0.5442461349087049,-0.8580530831895883,0.0,-17.376302103923766,9.800501167249662,0.0,-0.15733784321247446,-0.19003518656051338,-0.19003518656051338,0.11128480729932706,0.5220482805633747,-0.19428444376362033,0.0,0.0,-0.1834557117183583,-0.6426079693604112,-0.6426079693604112,-0.6656127026807036,0.2102442417296108,-0.22941573387056177,-0.23190107754136866,0.0,0.0,0.0,0.0,0.0,0.0,-0.7031766374789864,1.4958969853810502,-0.8286399225174889,0,0
107.18365017324618,1003,1003012,16,0.5199153050929236,-0.9704425577758016,0.0,17.146246693248383,-17.401030956562966,0.0,-0.05271875687869985,1.3481221050231313,1.3481221050231313,0.11128480729932706,0.15366715034385278,-0.17872746956371346,0.0,0.0,-0.16792866632867104,-0.471522991915535,-0.471522991915535,-1.0050186133960766,0.2102442417296108,-0.22941573387056177,-0.23171409647312494,0.0,0.0,0.0,0.0,0.0,0.0,-1.0312109224948496,-1.2768040880600326,-1.0179220857704558,0,0
119.09870299142065,1017,1017036,0,-0.747723399124397,0.7217338357479443,0.0,4.783669788272565,13.354964151385625,0.0,-0.2919440134913492,-0.9430101894797384,-0.9430101894797384,0.11128480729932706,1.2892090314485214,-0.2143005306131605,0.0,0.0,-0.20006818129191598,-0.8829809494344447,-0.8829809494344447,0.3526050294654153,0.2102442417296108,-0.22941573387056177,-0.2321416531991472,0.0,0.0,0.0,0.0,0.0,0.0,0.2976276335463996,1.1493093512009147,0.1793033408726152,0,0
107.16239562294987,1018,1018013,0,0.2799487208477601,0.21140611138486798,0.0,10.7390102939936,-2.217324012489014,0.0,-0.36715165865048555,1.6647215517221783,1.6647215517221783,-1.1027312723296967,0.40651117146114263,-0.22548399088200255,0.0,0.0,-0.1993508194343934,-0.5941526637512142,-0.5941526637512142,-0.948450961610181,0.2102442417296108,-0.22941573387056177,-0.23227606849873303,0.0,0.0,0.0,0.0,0.0,0.0,-0.9822987696679084,1.3226031682909825,-1.0200577446244212,0,0
103.36990908327729,1009,1009004,0,-0.873637871347761,-0.8260383821265588,0.0,14.64923024777079,8.610220672323951,0.0,-0.22640391027819448,-1.3167376214261457,-1.3167376214261457,0.11128480729932706,0.8310540713571541,-0.2045546445566401,0.0,0.0,-0.19222609461175294,-0.7540575123888946,-0.7540575123888946,-1.4575598276832404,0.2102442417296108,-0.22941573387056177,-0.2320245162699209,0.0,0.0,0.0,0.0,0.0,0.0,-1.4998435630963467,-0.2370411855196266,-1.401127084793176,0,0
115.72197460569416,1002,1002026,4,0.2464450802235083,0.7856265152186052,0.0,150.0,150.0,0.0,4.330898892721817,-1.1802296948739384,-1.1802296948739384,0.11128480729932706,-1.0995525953063352,-0.22282282213147617,0.0,0.0,-0.16652358369207493,0.9672992851057951,0.9672992851057951,-0.21307148839353965,0.2102442417296108,-0.22941573387056177,-0.23224408360441126,0.0,0.0,0.0,0.0,0.0,0.0,-0.15330372428214695,-1.4500979051501004,-0.1599905879039893,4,1
107.96195406316268,1002,1002014,4,0.25976053829258455,0.7479176519968879,0.0,150.0,150.0,0.0,4.330898892721817,-1.1802296948739384,-1.1802296948739384,1.325300886928351,-1.4668395246578232,-0.22282282213147617,0.0,0.0,-0.13938941628866214,2.1046020134003918,2.1046020134003918,-0.8918833098242855,0.2102442417296108,-0.22941573387056177,-0.23224408360441126,0.0,0.0,0.0,0.0,0.0,0.0,-0.760707136738587,-1.4500979051501004,-0.9397180508507006,4,1
104.6368995311765,1011,1011006,0,0.5781070211153527,-0.27411032927656626,0.0,-11.712368884762107,21.247785241361655,0.0,-0.056623791325879136,-0.48745613496279744,-0.48745613496279744,0.11128480729932706,0.679606496024301,-0.17930815251816654,0.0,0.0,-0.1778716057183478,-0.702422251440615,-0.702422251440615,-1.3444245241114494,0.2102442417296108,-0.22941573387056177,-0.23172107576856757,0.0,0.0,0.0,0.0,0.0,0.0,-1.383848175580001,0.10954644866050875,-1.273819786815858,0,0
127.28819171762568,1002,1002046,4,0.22425265010838127,0.8484746205881342,0.0,150.0,150.0,0.0,4.330898892721817,-1.1802296948739384,-1.1802296948739384,1.325300886928351,-1.5501985350523984,-0.22282282213147617,0.0,0.0,-0.1289674801102406,2.1046020134003918,2.1046020134003918,0.9182815473243703,0.2102442417296108,-0.22941573387056177,-0.23224408360441126,0.0,0.0,0.0,0.0,0.0,0.0,1.0446546658366789,-1.4500979051501004,1.0021838000564818,4,1
127.33301588563111,1014,1014044,0,0.05252170235144599,0.61813911028376,0.0,-8.136546240266938,20.588589061973188,0.0,-0.10622813487034453,-0.555931766616366,-0.555931766616366,1.325300886928351,-0.611970750034934,-0.18668437343317387,0.0,0.0,-0.14981394519209382,0.13780158609509793,0.13780158609509793,0.8051462437525793,0.2102442417296108,-0.22941573387056177,-0.2318097314189895,0.0,0.0,0.0,0.0,0.0,0.0,0.8114438676105433,0.6294278999307118,1.0066877359167048,0,0
127.36083326968583,1009,1009050,0,-0.6745418304007172,-0.7140568039371896,0.0,14.64923024777079,8.610220672323951,0.0,-0.22640391027819448,-1.3167376214261457,-1.3167376214261457,1.325300886928351,1.0455438444628204,-0.2045546445566401,0.0,0.0,-0.19411181740587352,-0.8189441391959127,-0.8189441391959127,1.1445521544679522,0.2102442417296108,-0.22941573387056177,-0.2320245162699209,0.0,0.0,0.0,0.0,0.0,0.0,1.0913927191321662,-0.2370411855196266,1.0094828288131625,0,0
113.57947078378797,1012,1012020,0,-0.4749095163884218,-1.0661403417049877,0.0,-0.06649188858177275,-15.18284542853341,0.0,-0.2686569264893571,0.927679299170554,0.927679299170554,0.11128480729932706,-1.405496147844438,-0.21083771494179077,0.0,0.0,-0.12357006666942762,2.006903909723458,2.006903909723458,-0.5524773991089126,0.2102442417296108,-0.22941573387056177,-0.23210003321797068,0.0,0.0,0.0,0.0,0.0,0.0,-0.4281812952238244,0.2828402657505764,-0.37526953726403456,0,0
112.44913595066663,1009,1009019,0,-0.808715249299812,-0.7895226501082863,0.0,14.64923024777079,8.610220672323951,0.0,-0.22640391027819448,-1.3167376214261457,-1.3167376214261457,-1.1027312723296967,0.020358473043106503,-0.2045546445566401,0.0,0.0,-0.1818095225485767,-0.39562931383336875,-0.39562931383336875,-0.6090450508948081,0.2102442417296108,-0.22941573387056177,-0.2320245162699209,0.0,0.0,0.0,0.0,0.0,0.0,-0.6316430457001301,-0.2370411855196266,-0.48884566852289335,0,0
127.01418914108861,1008,1008049,0,-0.6126784902390656,0.1126704921084442,0.0,-9.085401407639898,-18.474491846838987,0.0,-0.14243628509563758,0.6844255480753929,0.6844255480753929,1.325300886928351,0.06026610680438752,-0.1920685655401895,0.0,0.0,-0.17439890255625426,-0.41928743014476993,-0.41928743014476993,1.0879845026820567,0.2102442417296108,-0.22941573387056177,-0.23187444464528034,0.0,0.0,0.0,0.0,0.0,0.0,1.0594356772874776,-0.41033500260969424,0.9746520000215276,0,0
119.70540157818286,1007,1007030,0,0.316518384860543,-0.34751730907035533,0.0,-8.744406652123791,6.787743277081043,0.0,-0.36471904919391884,-0.2687837795106529,-0.2687837795106529,1.325300886928351,0.24996579329216323,-0.22512225915712755,0.0,0.0,-0.19776639151733047,-0.5212109085145648,-0.5212109085145648,0.013199118750042335,0.2102442417296108,-0.22941573387056177,-0.23227172080338654,0.0,0.0,0.0,0.0,0.0,0.0,-0.018735998502251865,-0.583628819699762,0.2402644616888146,0,0
125.00233352627421,1016,1016040,0,-0.899035932833878,0.13251631362164973,0.0,-13.28709936806187,3.646546868613464,0.0,-0.3014597953260249,-0.05800679269001393,-0.05800679269001393,-1.1027312723296967,1.5191214295877948,-0.21571553792857157,0.0,0.0,-0.2019053969354912,-0.9357117847036519,-0.9357117847036519,0.5788756366089973,0.2102442417296108,-0.22941573387056177,-0.23215866033536844,0.0,0.0,0.0,0.0,0.0,0.0,0.5200705306870483,0.9760155341108472,0.7725005925920595,0,0
102.7103377254211,1016,1016003,0,-0.7537840086282968,0.0943695240281126,0.0,-13.28709936806187,3.646546868613464,0.0,-0.3014597953260249,-0.05800679269001393,-0.05800679269001393,-1.1027312723296967,1.4228172843949074,-0.21571553792857157,0.0,0.0,-0.20140408967548204,-0.914438581088564,-0.914438581088564,-1.514127479469136,0.2102442417296108,-0.22941573387056177,-0.23215866033536844,0.0,0.0,0.0,0.0,0.0,0.0,-1.5660770523645904,0.9760155341108472,-1.4674008657290392,0,0
111.13435175497084,1004,1004018,3,-0.1736483844057328,-0.713925846882153,0.0,18.585679703128186,-1.280400464997585,0.0,-0.18816159957334697,1.7371753675310497,1.7371753675310497,0.11128480729932706,0.9379469435748702,5.308006174861991,0.0,0.0,2.382457335087027,-0.7875027388561476,-0.7875027388561476,-0.6656127026807036,0.2102442417296108,-0.22941573387056177,-0.1657684116104684,0.0,0.0,0.0,0.0,0.0,0.0,-0.7120447498561814,-1.103510270969965,-0.6209552859670091,3,1
109.60165601293346,1012,1012014,0,-0.47479164459096596,-1.0403843135592623,0.0,-0.06649188858177275,-15.18284542853341,0.0,-0.2686569264893571,0.927679299170554,0.927679299170554,0.11128480729932706,-0.23170194069663516,-0.21083771494179077,0.0,0.0,-0.18150228526838197,-0.2240496241282695,-0.2240496241282695,-0.8918833098242855,0.2102442417296108,-0.22941573387056177,-0.23210003321797068,0.0,0.0,0.0,0.0,0.0,0.0,-0.9032294961088516,0.2828402657505764,-0.7749606724035467,0,0
112.7831654274785,1015,1015022,0,-0.2202708392915713,0.5254976051598649,0.0,10.904135631270758,11.576128422838552,0.0,-0.25184069638838796,-1.1641709918683423,-1.1641709918683423,-1.1027312723296967,-0.07152726342617773,-0.20833712287022454,0.0,0.0,-0.18273354730127536,-0.3377863483376069,-0.3377863483376069,-0.4393420955371216,0.2102442417296108,-0.22941573387056177,-0.23206997831328452,0.0,0.0,0.0,0.0,0.0,0.0,-0.45885016666501116,0.8027217170207794,-0.45528236091611124,0,0
132.69481478222343,1014,1014052,0,0.03328989626933312,0.6647074808707742,0.0,-8.136546240266938,20.588589061973188,0.0,-0.10622813487034453,-0.555931766616366,-0.555931766616366,-1.1027312723296967,1.113887974544875,-0.18668437343317387,0.0,0.0,-0.18675496288698282,-0.8378553473434412,-0.8378553473434412,1.2576874580397432,-0.2670670097646414,-0.22941573387056177,-0.2318097314189895,0.0,0.0,0.0,0.0,0.0,0.0,1.2030703937460157,0.6294278999307118,1.545441702811045,0,0
117.65728979069736,1011,1011030,0,0.49505580976507285,-0.1299322021167235,0.0,-11.712368884762107,21.247785241361655,0.0,-0.056623791325879136,-0.48745613496279744,-0.48745613496279744,0.11128480729932706,1.0446202405898972,-0.17930815251816654,0.0,0.0,-0.18269589877195283,-0.8186831186811775,-0.8186831186811775,0.013199118750042335,0.2102442417296108,-0.22941573387056177,-0.23172107576856757,0.0,0.0,0.0,0.0,0.0,0.0,-0.0369424320266015,0.10954644866050875,0.03447003123150094,0,0
124.98681599950376,1008,1008045,0,-0.6019412146868681,0.13356378839360197,0.0,-9.085401407639898,-18.474491846838987,0.0,-0.14243628509563758,0.6844255480753929,0.6844255480753929,1.325300886928351,1.0463304949018315,-0.1920685655401895,0.0,0.0,-0.1884790626354664,-0.8191663380965128,-0.8191663380965128,0.8617138955384748,0.2102442417296108,-0.22941573387056177,-0.23187444464528034,0.0,0.0,0.0,0.0,0.0,0.0,0.8092913380598195,-0.41033500260969424,0.7709413903046922,0,0
116.62548540004819,1019,1019033,0,0.46723764538375934,-0.81648940115547,0.0,-17.376302103923766,9.800501167249662,0.0,-0.15733784321247446,-0.19003518656051338,-0.19003518656051338,1.325300886928351,-0.8515774098909346,-0.19428444376362033,0.0,0.0,-0.14547569221916284,0.47053039274478337,0.47053039274478337,0.18290207410772882,0.2102442417296108,-0.22941573387056177,-0.23190107754136866,0.0,0.0,0.0,0.0,0.0,0.0,0.21121501963788444,1.4958969853810502,-0.06920575356425714,0,0
119.4153215515245,1016,1016029,0,-0.8558529283403268,0.12117537617492248,0.0,-13.28709936806187,3.646546868613464,0.0,-0.3014597953260249,-0.05800679269001393,-0.05800679269001393,0.11128480729932706,1.5411107374907365,-0.21571553792857157,0.0,0.0,-0.20201624309556532,-0.9404155923707593,-0.9404155923707593,-0.04336853303585316,0.2102442417296108,-0.22941573387056177,-0.23215866033536844,0.0,0.0,0.0,0.0,0.0,0.0,-0.10081047991305452,0.9760155341108472,0.21111719822499253,0,0
106.46802668050307,1007,1007008,0,0.3733569380002549,-0.3897377300238825,0.0,-8.744406652123791,6.787743277081043,0.0,-0.36471904919391884,-0.2687837795106529,-0.2687837795106529,1.325300886928351,-1.1973921843636832,-0.22512225915712755,0.0,0.0,-0.16459587023542685,1.230830690608005,1.230830690608005,-1.2312892205396586,0.2102442417296108,-0.22941573387056177,-0.23227172080338654,0.0,0.0,0.0,0.0,0.0,0.0,-1.1526906113682045,-0.583628819699762,-1.0898279895452436,0,0
107.87424246587804,1009,1009011,0,-0.8433406477253849,-0.8089977071846983,0.0,14.64923024777079,8.610220672323951,0.0,-0.22640391027819448,-1.3167376214261457,-1.3167376214261457,0.11128480729932706,0.5707971580765525,-0.2045546445566401,0.0,0.0,-0.18954611919301362,-0.661841113780413,-0.661841113780413,-1.061586265181972,0.2102442417296108,-0.22941573387056177,-0.2320245162699209,0.0,0.0,0.0,0.0,0.0,0.0,-1.0992766735668495,-0.2370411855196266,-0.9485313189144787,0,0
104.25636563196304,1002,1002006,4,0.26863751033863537,0.7227784098490763,0.0,150.0,150.0,0.0,4.330898892721817,-1.1802296948739384,-1.1802296948739384,1.325300886928351,-0.7597232490530313,-0.22282282213147617,0.0,0.0,-0.17931291539401126,0.3299024120254645,0.3299024120254645,-1.3444245241114494,0.2102442417296108,-0.22941573387056177,-0.23224408360441126,0.0,0.0,0.0,0.0,0.0,0.0,-1.3206659699197998,-1.4500979051501004,-1.312055862374253,4,1
123.55624184837156,1016,1016038,0,-0.8911844774714142,0.13045432499497206,0.0,-13.28709936806187,3.646546868613464,0.0,-0.3014597953260249,-0.05800679269001393,-0.05800679269001393,0.11128480729932706,-1.3548992341257884,-0.21571553792857157,0.0,0.0,-0.1378362001065868,1.783093982385295,1.783093982385295,0.4657403330372063,0.2102442417296108,-0.22941573387056177,-0.23215866033536844,0.0,0.0,0.0,0.0,0.0,0.0,0.5736366977839512,0.9760155341108472,0.6271971892029289,0,0
118.23334180681674,1005,1005030,0,-1.1141740739856485,-0.7123687681300692,0.0,-7.753988978814018,21.08743772142768,0.0,-0.09852599186506747,-0.5688275486850495,-0.5688275486850495,1.325300886928351,0.7635977546827449,-0.1855390562237065,0.0,0.0,-0.18216941855631508,-0.7317101994169546,-0.7317101994169546,0.013199118750042335,0.2102442417296108,-0.22941573387056177,-0.23179596571927485,0.0,0.0,0.0,0.0,0.0,0.0,-0.031619357739710044,-0.9302164538798973,0.09235178226454309,0,0
104.33698333870137,1004,1004007,3,0.10548132078707531,-0.2262117195195597,0.0,18.585679703128186,-1.280400464997585,0.0,-0.18816159957334697,1.7371753675310497,1.7371753675310497,1.325300886928351,1.4323092845524972,2.8586254833716853,0.0,0.0,1.0395405390733676,-0.9165854231210312,-0.9165854231210312,-1.2878568723255541,0.2102442417296108,-0.22941573387056177,-0.19520780080950476,0.0,0.0,0.0,0.0,0.0,0.0,-1.340538221960982,-1.103510270969965,-1.303955388979996,3,1
130.2998495096832,1018,1018054,0,0.4100369802417972,0.18570289414045,0.0,10.7390102939936,-2.217324012489014,0.0,-0.36715165865048555,1.6647215517221783,1.6647215517221783,0.11128480729932706,-0.6464067317604756,-0.2254839908820019,0.0,0.0,-0.18484502494322305,0.17931036050414628,0.17931036050414628,1.3708227616115343,0.2102442417296108,-0.22941573387056177,-0.23227606849873303,0.0,0.0,0.0,0.0,0.0,0.0,1.3781599261821909,1.3226031682909825,1.3047954074090908,0,0
104.26399726002593,1010,1010008,0,-0.9089459782123448,-0.0895685676729528,0.0,-3.330296274990087,9.95568497806392,0.0,-0.3780720260386732,-0.5847070204353849,-0.5847070204353849,0.11128480729932706,0.1715866139622015,-0.22710786162743654,0.0,0.0,-0.1982339012133943,-0.48107446042815566,-0.48107446042815566,-1.2312892205396586,0.2102442417296108,-0.22941573387056177,-0.23229558598862335,0.0,0.0,0.0,0.0,0.0,0.0,-1.2574657341094995,-0.06374736842955891,-1.3112890357975682,0,0
128.07491564532427,1020,1020054,0,-0.006437406157395435,0.03841305366046915,0.0,5.181994831053066,9.975893117410907,0.0,-0.3607064661279383,-1.015626401212372,-1.015626401212372,1.325300886928351,1.531597582457358,-0.2245255836037462,0.0,0.0,-0.20543013527591925,-0.9383874027371265,-0.9383874027371265,1.3708227616115343,0.2102442417296108,-0.22941573387056177,-0.23226454929105175,0.0,0.0,0.0,0.0,0.0,0.0,1.309752561287942,1.6691908024711177,1.0812338810223472,0,0
125.95157434441646,1011,1011048,0,0.43276740125236296,-0.021798606746841392,0.0,-11.712368884762107,21.247785241361655,0.0,-0.056623791325879136,-0.48745613496279744,-0.48745613496279744,0.11128480729932706,1.3530012879941298,-0.17930815251816654,0.0,0.0,-0.18599945481874675,-0.8982956726264761,-0.8982956726264761,1.0314168508961612,0.2102442417296108,-0.22941573387056177,-0.23172107576856757,0.0,0.0,0.0,0.0,0.0,0.0,0.9737009900577007,0.10954644866050875,0.8678803832509718,0,0
121.96831163177112,1018,1018037,0,0.3560979458589038,0.19636032568082099,0.0,10.7390102939936,-2.217324012489014,0.0,-0.36715165865048555,1.6647215517221783,1.6647215517221783,-1.1027312723296967,-0.4262919435228704,-0.22548399088200255,0.0,0.0,-0.189300425783386,-0.05825593138008213,-0.05825593138008213,0.4091726812513108,0.2102442417296108,-0.22941573387056177,-0.23227606849873303,0.0,0.0,0.0,0.0,0.0,0.0,0.4045215056600033,1.3226031682909825,0.4676418384999045,0,0
103.86561132307938,1014,1014006,0,0.14387278124147915,0.3969393499954422,0.0,-8.136546240266938,20.588589061973188,0.0,-0.10622813487034453,-0.555931766616366,-0.555931766616366,0.11128480729932706,0.7991816184262931,-0.186684373433175,0.0,0.0,-0.18318710298551874,-0.743623854341479,-0.743623854341479,-1.3444245241114494,0.2102442417296108,-0.22941573387056177,-0.2318097314189895,0.0,0.0,0.0,0.0,0.0,0.0,-1.386369870779331,0.6294278999307118,-1.3513188854850087,0,0
106.56466753150401,1009,1009009,0,-0.851996997331778,-0.8138664714538013,0.0,14.64923024777079,8.610220672323951,0.0,-0.22640391027819448,-1.3167376214261457,-1.3167376214261457,1.325300886928351,0.07677184604160295,-0.2045546445566401,0.0,0.0,-0.18277439634641907,-0.42883006117103106,-0.42883006117103106,-1.174721568753763,0.2102442417296108,-0.22941573387056177,-0.2320245162699209,0.0,0.0,0.0,0.0,0.0,0.0,-1.197850621336484,-0.2370411855196266,-1.0801175093789896,0,0
121.79866128984054,1005,1005036,0,-1.1279197599314914,-0.6765962482798958,0.0,-7.753988978814018,21.08743772142768,0.0,-0.09852599186506747,-0.5688275486850495,-0.5688275486850495,-1.1027312723296967,0.6958204729292451,-0.1855390562237065,0.0,0.0,-0.18126631967092968,-0.7082083818472822,-0.7082083818472822,0.3526050294654153,0.2102442417296108,-0.22941573387056177,-0.23179596571927485,0.0,0.0,0.0,0.0,0.0,0.0,0.3083243810908955,-0.9302164538798973,0.4505953590509702,0,0
115.41313523080346,1004,1004025,3,-0.2281990310385702,-0.45348063997843,0.0,18.585679703128186,-1.280400464997585,0.0,-0.18816159957334697,1.7371753675310497,1.7371753675310497,0.11128480729932706,1.2597281041324717,4.937149430397908,0.0,0.0,1.9832491280825395,-0.8757126625506239,-0.8757126625506239,-0.26963914017943513,0.2102442417296108,-0.22941573387056177,-0.1702257816204863,0.0,0.0,0.0,0.0,0.0,0.0,-0.32252063921756546,-1.103510270969965,-0.19102279212583698,3,1
100.9360222344563,1011,1011000,0,0.5988698239529227,-0.31015486106652695,0.0,-11.712368884762107,21.247785241361655,0.0,-0.056623791325879136,-0.48745613496279744,-0.48745613496279744,-1.1027312723296967,-0.2626679390523189,-0.26356477564364394,0.0,0.0,-0.22076960836443846,-0.19989314642610573,-0.19989314642610573,-1.6838304348268225,0.2102442417296108,-0.22941573387056177,-0.23273376584545316,0.0,0.0,0.0,0.0,0.0,0.0,-1.6915968161914585,0.10954644866050875,-1.645684223183362,0,0
127.03721180081098,1007,1007043,0,0.2829319670961678,-0.32256887850690746,0.0,-8.744406652123791,6.787743277081043,0.0,-0.36471904919391884,-0.2687837795106529,-0.2687837795106529,1.325300886928351,1.4714094090677419,-0.22512225915712755,0.0,0.0,-0.20541703091852004,-0.9253118382784574,-0.9253118382784574,0.7485785919666837,0.2102442417296108,-0.22941573387056177,-0.23227172080338654,0.0,0.0,0.0,0.0,0.0,0.0,0.6899597160547185,-0.583628819699762,0.9769653186470676,0,0
125.09631321942842,1005,1005043,0,-1.143956393534975,-0.6348616417880268,0.0,-7.753988978814018,21.08743772142768,0.0,-0.09852599186506747,-0.5688275486850495,-0.5688275486850495,-1.1027312723296967,-0.3999916901391614,-0.1855390562237065,0.0,0.0,-0.15723227899572825,-0.08275789292365886,-0.08275789292365886,0.7485785919666837,0.2102442417296108,-0.22941573387056177,-0.23179596571927485,0.0,0.0,0.0,0.0,0.0,0.0,0.7415272301703686,-0.9302164538798973,0.781943679412515,0,0
126.93411828364043,1012,1012047,0,-0.475439939476973,-1.1820424683607513,0.0,-0.06649188858177275,-15.18284542853341,0.0,-0.2686569264893571,0.927679299170554,0.927679299170554,-1.1027312723296967,-1.537301638606601,-0.21083771494179077,0.0,0.0,-0.10427020976854459,2.1046020134003918,2.1046020134003918,0.9748491991102657,0.2102442417296108,-0.22941573387056177,-0.23210003321797068,0.0,0.0,0.0,0.0,0.0,0.0,1.1010722221671558,0.2828402657505764,0.9666064740861455,0,0
126.3078180946879,1002,1002044,4,0.226471893119894,0.8421898100511812,0.0,150.0,150.0,0.0,4.330898892721817,-1.1802296948739384,-1.1802296948739384,-1.1027312723296967,1.2827563814992202,-0.22282282213147617,0.0,0.0,-0.2036176411730718,-0.8814006156614794,-0.8814006156614794,0.8051462437525793,0.2102442417296108,-0.22941573387056177,-0.23224408360441126,0.0,0.0,0.0,0.0,0.0,0.0,0.7490648066429374,-1.4500979051501004,0.9036757827692264,4,1
130.98158929425387,1009,1009055,0,-0.6529009563847342,-0.7018848932644322,0.0,14.64923024777079,8.610220672323951,0.0,-0.22640391027819448,-1.3167376214261457,-1.3167376214261457,-1.1027312723296967,-0.584895755610799,-0.2045546445566401,0.0,0.0,-0.16721941704298748,0.10640774801256175,0.10640774801256175,1.4273904133974298,0.2102442417296108,-0.22941573387056177,-0.2320245162699209,0.0,0.0,0.0,0.0,0.0,0.0,1.4301155646503703,-0.2370411855196266,1.373296673571938,0,0
105.16340338067806,1018,1018007,0,0.26091141459497424,0.21516755781087973,0.0,10.7390102939936,-2.217324012489014,0.0,-0.36715165865048555,1.6647215517221783,1.6647215517221783,0.11128480729932706,-0.39299950131289385,-0.22548399088200255,0.0,0.0,-0.18987986223669298,-0.08915204477886444,-0.08915204477886444,-1.2878568723255541,0.2102442417296108,-0.22941573387056177,-0.23227606849873303,0.0,0.0,0.0,0.0,0.0,0.0,-1.2898961442012584,1.3226031682909825,-1.220916639388157,0,0
110.222375998546,1003,1003019,16,0.555376804541252,-1.0048813164869672,0.0,17.146246693248383,-17.401030956562966,0.0,-0.05271875687869985,1.3481221050231313,1.3481221050231313,0.11128480729932706,0.19384855957577085,-0.17872746956371346,0.0,0.0,-0.16881520454099985,-0.49274148396691464,-0.49274148396691464,-0.6090450508948081,0.2102442417296108,-0.22941573387056177,-0.23171409647312494,0.0,0.0,0.0,0.0,0.0,0.0,-0.6375866808012087,-1.2768040880600326,-0.7125906803488484,0,0
136.58787181433402,1016,1016058,0,-0.9696990310960526,0.1510742112617489,0.0,-13.28709936806187,3.646546868613464,0.0,-0.3014597953260249,-0.05800679269001393,-0.05800679269001393,0.11128480729932706,0.1846613784610576,-0.21571553792857157,0.0,0.0,-0.19135387382525135,-0.4879530597066478,-0.4879530597066478,1.597093368755116,-6.949424530684173,-0.22941573387056177,-0.23215866033536844,0.0,0.0,0.0,0.0,0.0,0.0,1.5629910859103966,0.9760155341108472,1.936616373820897,0,0
132.05459037402622,1012,1012058,0,-0.4756560377723087,-1.229261853294581,0.0,-0.06649188858177275,-15.18284542853341,0.0,-0.2686569264893571,0.927679299170554,0.927679299170554,-1.1027312723296967,-0.6963898509420156,-0.21083771494179077,0.0,0.0,-0.1693757556851798,0.24293963817301376,0.24293963817301376,1.597093368755116,-0.2670670097646414,-0.22941573387056177,-0.23210003321797068,0.0,0.0,0.0,0.0,0.0,0.0,1.6077245059160006,0.2828402657505764,1.4811119048699015,0,0
130.96517267364865,1015,1015057,0,-0.10751234275568454,0.6400504424482982,0.0,10.904135631270758,11.576128422838552,0.0,-0.25184069638838796,-1.1641709918683423,-1.1641709918683423,1.325300886928351,-1.6102949416803782,-0.20833712287022454,0.0,0.0,-0.0836695129313439,2.1046020134003918,2.1046020134003918,1.5405257169692206,0.2102442417296108,-0.22941573387056177,-0.23206997831328452,0.0,0.0,0.0,0.0,0.0,0.0,1.6652477854719265,0.8027217170207794,1.371647130266672,0,0
128.23948436001172,1012,1012051,0,-0.4755185206752769,-1.1992131537912347,0.0,-0.06649188858177275,-15.18284542853341,0.0,-0.2686569264893571,0.927679299170554,0.927679299170554,-1.1027312723296967,-0.44970026528508605,-0.21083771494179077,0.0,0.0,-0.1766146774965521,-0.03582921596247837,-0.03582921596247837,1.2011198062538477,0.2102442417296108,-0.22941573387056177,-0.23210003321797068,0.0,0.0,0.0,0.0,0.0,0.0,1.1957398947833517,0.2828402657505764,1.0977697581737478,0,0
108.68222006696864,1007,1007013,0,0.3604390850139567,-0.3801421798071718,0.0,-8.744406652123791,6.787743277081043,0.0,-0.36471904919391884,-0.2687837795106529,-0.2687837795106529,1.325300886928351,-0.08434246757667527,-0.22512225915712755,0.0,0.0,-0.19413341801638143,-0.3293200229876832,-0.3293200229876832,-0.948450961610181,0.2102442417296108,-0.22941573387056177,-0.23227172080338654,0.0,0.0,0.0,0.0,0.0,0.0,-0.9660900022457733,-0.583628819699762,-0.867345667206059,0,0
120.73158192105606,1011,1011037,0,0.4708325397879079,-0.08788024836176934,0.0,-11.712368884762107,21.247785241361655,0.0,-0.056623791325879136,-0.48745613496279744,-0.48745613496279744,1.325300886928351,-1.2640791402284792,-0.17930815251816654,0.0,0.0,-0.08888829569702428,1.4419907595567485,1.4419907595567485,0.4091726812513108,0.2102442417296108,-0.22941573387056177,-0.23172107576856757,0.0,0.0,0.0,0.0,0.0,0.0,0.4963423235890732,0.10954644866050875,0.34337514173004124,0,0
108.05055537604856,1008,1008013,0,-0.5160430102692874,0.3007101586748641,0.0,-9.085401407639898,-18.474491846838987,0.0,-0.14243628509563758,0.6844255480753929,0.6844255480753929,-1.1027312723296967,1.1845011075924425,-0.1920685655401895,0.0,0.0,-0.1897968757298315,-0.8565924510167233,-0.8565924510167233,-0.948450961610181,0.2102442417296108,-0.22941573387056177,-0.23187444464528034,0.0,0.0,0.0,0.0,0.0,0.0,-0.9983610853320093,-0.41033500260969424,-0.9308153840946507,0,0
101.69072781156612,1011,1011001,0,0.5954093568133276,-0.3041474391015335,0.0,-11.712368884762107,21.247785241361655,0.0,-0.056623791325879136,-0.48745613496279744,-0.48745613496279744,-1.1027312723296967,0.7247967788927283,-0.17930815251816654,0.0,0.0,-0.17853415996109726,-0.71838917757882,-0.71838917757882,-1.627262783040927,0.2102442417296108,-0.22941573387056177,-0.23172107576856757,0.0,0.0,0.0,0.0,0.0,0.0,-1.666913193993967,0.10954644866050875,-1.569851348555481,0,0
117.83661783625622,1008,1008032,0,-0.567045069142226,0.2014670013203647,0.0,-9.085401407639898,-18.474491846838987,0.0,-0.14243628509563758,0.6844255480753929,0.6844255480753929,0.11128480729932706,1.3059192181967392,-0.1920685655401895,0.0,0.0,-0.19086919333758437,-0.8870464509395442,-0.8870464509395442,0.1263344223218333,0.2102442417296108,-0.22941573387056177,-0.23187444464528034,0.0,0.0,0.0,0.0,0.0,0.0,0.07170858403061353,-0.41033500260969424,0.05248892708782414,0,0
119.20026273178237,1015,1015034,0,-0.18161078333641012,0.5647728636587563,0.0,10.904135631270758,11.576128422838552,0.0,-0.25184069638838796,-1.1641709918683423,-1.1641709918683423,1.325300886928351,-0.7151607682565456,-0.20833712287022454,0.0,0.0,-0.16625838126118042,0.2679409419376002,0.2679409419376002,0.2394697258936243,0.2102442417296108,-0.22941573387056177,-0.23206997831328452,0.0,0.0,0.0,0.0,0.0,0.0,0.25523332910496715,0.8027217170207794,0.18950807142142626,0,0
117.30627285645939,1009,1009031,0,-0.7567771516614528,-0.7603100644936682,0.0,14.64923024777079,8.610220672323951,0.0,-0.22640391027819448,-1.3167376214261457,-1.3167376214261457,0.11128480729932706,1.2116698671079367,-0.2045546445566401,0.0,0.0,-0.1954094548590805,-0.8635950907671475,-0.8635950907671475,0.06976677053593783,0.2102442417296108,-0.22941573387056177,-0.2320245162699209,0.0,0.0,0.0,0.0,0.0,0.0,0.01672634036277201,-0.2370411855196266,-0.0008001774083621915,0,0
101.7492956350882,1015,1015002,0,-0.28470426588350656,0.4600388409950459,0.0,10.904135631270758,11.576128422838552,0.0,-0.25184069638838796,-1.1641709918683423,-1.1641709918683423,1.325300886928351,-1.6802852028126527,-0.20833712287022454,0.0,0.0,-0.06524557105435345,2.1046020134003918,2.1046020134003918,-1.5706951312550315,0.2102442417296108,-0.22941573387056177,-0.23206997831328452,0.0,0.0,0.0,0.0,0.0,0.0,-1.4377178127043118,0.8027217170207794,-1.5639664491283607,0,0
123.39871538056667,1006,1006038,0,0.34174468979532197,-0.8976461717159476,0.0,-1.5496980895381303,-23.93157344232101,0.0,-0.06317160540549178,0.8952833310040319,0.8952833310040319,-1.1027312723296967,0.6371301649993258,-0.18028181973580326,0.0,0.0,-0.17773275325030502,-0.6869506741850434,-0.6869506741850434,0.4657403330372063,0.2102442417296108,-0.22941573387056177,-0.2317327783872213,0.0,0.0,0.0,0.0,0.0,0.0,0.4224605465164619,-0.7569226367898296,0.6113689175617315,0,0
122.52335349686759,1020,1020045,0,-0.02021677966087674,0.013028544697355074,0.0,5.181994831053066,9.975893117410907,0.0,-0.3607064661279383,-1.015626401212372,-1.015626401212372,1.325300886928351,-1.6034045467840452,-0.2245255836037462,0.0,0.0,-0.1249738363544833,2.1046020134003918,2.1046020134003918,0.8617138955384748,0.2102442417296108,-0.22941573387056177,-0.23226454929105175,0.0,0.0,0.0,0.0,0.0,0.0,0.9882371095062018,1.6691908024711177,0.5234124879368323,0,0
103.39978275413296,1004,1004006,3,-0.15716232099158708,-0.2642049356197356,0.0,18.585679703128186,-1.280400464997585,0.0,-0.18816159957334697,1.7371753675310497,1.7371753675310497,1.325300886928351,-0.7777022034349428,1.546596363413416,0.0,0.0,1.644412425644705,0.35599946079812883,0.35599946079812883,-1.3444245241114494,0.2102442417296108,-0.22941573387056177,-0.21097723021552303,0.0,0.0,0.0,0.0,0.0,0.0,-1.3190687310268119,-1.103510270969965,-1.3981253760402772,3,1
108.17350586045431,1016,1016011,0,-0.7851898300781521,0.10261747853482334,0.0,-13.28709936806187,3.646546868613464,0.0,-0.3014597953260249,-0.05800679269001393,-0.05800679269001393,0.11128480729932706,-0.6150083664500536,-0.21571553792857157,0.0,0.0,-0.1765232653958026,0.14139061436969785,0.14139061436969785,-1.061586265181972,0.2102442417296108,-0.22941573387056177,-0.23215866033536844,0.0,0.0,0.0,0.0,0.0,0.0,-1.050115829079822,0.9760155341108472,-0.9184613099335932,0,0
130.09327162334552,1014,1014049,0,0.040501823550125444,0.6472443419006438,0.0,-8.136546240266938,20.588589061973188,0.0,-0.10622813487034453,-0.555931766616366,-0.555931766616366,-1.1027312723296967,-0.4803506973820476,-0.18668437343317387,0.0,0.0,-0.15524130539348727,-0.005541557683274825,-0.005541557683274825,1.0879845026820567,0.2102442417296108,-0.22941573387056177,-0.2318097314189895,0.0,0.0,0.0,0.0,0.0,0.0,1.0847585022959887,0.6294278999307118,1.2840384454484666,0,0
103.65198611215595,1010,1010007,0,-0.9079620285999216,-0.09238335518771705,0.0,-3.330296274990087,9.95568497806392,0.0,-0.3780720260386732,-0.5847070204353849,-0.5847070204353849,-1.1027312723296967,-0.3319807488197848,-0.22710786162743654,0.0,0.0,-0.19216249756608508,-0.14292155020788236,-0.14292155020788236,-1.2878568723255541,0.2102442417296108,-0.22941573387056177,-0.23229558598862335,0.0,0.0,0.0,0.0,0.0,0.0,-1.2931870429567498,-0.06374736842955891,-1.3727839631638417,0,0
118.31638649372701,1007,1007028,0,0.3216855260550623,-0.35135552915703966,0.0,-8.744406652123791,6.787743277081043,0.0,-0.36471904919391884,-0.2687837795106529,-0.2687837795106529,1.325300886928351,0.1389451222937536,-0.22512225915712755,0.0,0.0,-0.19667503643622883,-0.4635663666861837,-0.4635663666861837,-0.09993618482174865,0.2102442417296108,-0.22941573387056177,-0.23227172080338654,0.0,0.0,0.0,0.0,0.0,0.0,-0.1280430454045518,-0.583628819699762,0.1006961188137638,0,0
103.93920500997012,1019,1019009,0,0.5904512286236722,-0.8829912924100592,0.0,-17.376302103923766,9.800501167249662,0.0,-0.15733784321247446,-0.19003518656051338,-0.19003518656051338,0.11128480729932706,-1.4761793182000118,-0.19428444376362033,0.0,0.0,-0.0806024092501725,2.1046020134003918,2.1046020134003918,-1.174721568753763,0.2102442417296108,-0.22941573387056177,-0.23190107754136866,0.0,0.0,0.0,0.0,0.0,0.0,-1.0427949183909724,1.4958969853810502,-1.343924186147074,0,0
106.96293067985874,1001,1001009,1,3.6038708037597713,3.5344370345646494,0.0,-5.958580837432313,10.181873359807902,0.0,-0.34772753564590486,-0.4736501414509813,-0.4736501414509813,-1.1027312723296967,-0.6731575765062907,-0.26356477564364394,0.0,0.0,-0.22076960836443846,0.21284680754967564,0.21284680754967564,-1.174721568753763,0.2102442417296108,4.358898943540674,4.358585241966482,0.0,0.0,0.0,0.0,0.0,0.0,-1.1585775502555489,-1.623391722240168,-1.0400999974987313,1,1
129.92413857943427,1002,1002050,4,0.21981416408535587,0.86104424166204,0.0,150.0,150.0,0.0,4.330898892721817,-1.1802296948739384,-1.1802296948739384,0.11128480729932706,0.1941041356273637,-0.22282282213147617,0.0,0.0,-0.19582188026119465,-0.49287416687447594,-0.49287416687447594,1.1445521544679522,0.2102442417296108,-0.22941573387056177,-0.23224408360441126,0.0,0.0,0.0,0.0,0.0,0.0,1.111349444743717,-1.4500979051501004,1.2670439441444343,4,1
128.34262854399398,1005,1005048,0,-1.1554111318231775,-0.6050512085795491,0.0,-7.753988978814018,21.08743772142768,0.0,-0.09852599186506747,-0.5688275486850495,-0.5688275486850495,0.11128480729932706,0.772441606951692,-0.1855390562237065,0.0,0.0,-0.18228422208464248,-0.7346977920524551,-0.7346977920524551,1.0314168508961612,0.2102442417296108,-0.22941573387056177,-0.23179596571927485,0.0,0.0,0.0,0.0,0.0,0.0,0.9837138041478878,-0.9302164538798973,1.108133693739821,0,0
120.52420238321314,1016,1016031,0,-0.8637043837027907,0.12323736480160016,0.0,-13.28709936806187,3.646546868613464,0.0,-0.3014597953260249,-0.05800679269001393,-0.05800679269001393,-1.1027312723296967,0.3229185902688262,-0.21571553792857157,0.0,0.0,-0.19296516111798287,-0.5563287753506941,-0.5563287753506941,0.06976677053593783,0.2102442417296108,-0.22941573387056177,-0.23215866033536844,0.0,0.0,0.0,0.0,0.0,0.0,0.03553221047335526,0.9760155341108472,0.3225376297643093,0,0
110.13062217132945,1010,1010020,0,-0.9207533735614235,-0.055791117495781806,0.0,-3.330296274990087,9.95568497806392,0.0,-0.3780720260386732,-0.5847070204353849,-0.5847070204353849,1.325300886928351,-1.2243266323429975,-0.22710786162743654,0.0,0.0,-0.1660283495390993,1.3126460128826238,1.3126460128826238,-0.5524773991089126,0.2102442417296108,-0.22941573387056177,-0.23229558598862335,0.0,0.0,0.0,0.0,0.0,0.0,-0.4706725257172802,-0.06374736842955891,-0.7218101119881198,0,0
128.24264364763056,1016,1016045,0,-0.9186645712400376,0.13767128518834396,0.0,-13.28709936806187,3.646546868613464,0.0,-0.3014597953260249,-0.05800679269001393,-0.05800679269001393,-1.1027312723296967,0.7197178617631537,-0.21571553792857157,0.0,0.0,-0.19674243922784213,-0.7166193052352683,-0.7166193052352683,0.8617138955384748,0.2102442417296108,-0.22941573387056177,-0.23215866033536844,0.0,0.0,0.0,0.0,0.0,0.0,0.815567607482976,0.9760155341108472,1.0980872036374882,0,0
125.70378830074897,1006,1006043,0,0.3394553667011192,-0.9314772412418181,0.0,-1.5496980895381303,-23.93157344232101,0.0,-0.06317160540549178,0.8952833310040319,0.8952833310040319,1.325300886928351,-1.4872287269024689,-0.18028181973580326,0.0,0.0,-0.049664472548085634,2.1046020134003918,2.1046020134003918,0.7485785919666837,0.2102442417296108,-0.22941573387056177,-0.2317327783872213,0.0,0.0,0.0,0.0,0.0,0.0,0.8754019968452477,-0.7569226367898296,0.8429828224618575,0,0
100.75398921781081,1019,1019000,0,0.6366563223386394,-0.9079295016305302,0.0,-17.376302103923766,9.800501167249662,0.0,-0.15733784321247446,-0.19003518656051338,-0.19003518656051338,0.11128480729932706,-0.2626679390523189,-0.26356477564364394,0.0,0.0,-0.22076960836443846,-0.19989314642610573,-0.19989314642610573,-1.6838304348268225,0.2102442417296108,-0.22941573387056177,-0.23273376584545316,0.0,0.0,0.0,0.0,0.0,0.0,-1.6915968161914585,1.4958969853810502,-1.6639749147432097,0,0
118.68064038468893,1020,1020035,0,-0.03552719466474486,-0.015176465261660567,0.0,5.181994831053066,9.975893117410907,0.0,-0.3607064661279383,-1.015626401212372,-1.015626401212372,-1.1027312723296967,-1.3032821048005954,-0.2245255836037462,0.0,0.0,-0.15699602739062882,1.580764814700995,1.580764814700995,0.2960373776795198,0.2102442417296108,-0.22941573387056177,-0.23226454929105175,0.0,0.0,0.0,0.0,0.0,0.0,0.39200071224870575,1.6691908024711177,0.1372963778867317,0,0
134.5536661192207,1014,1014055,0,0.026077968988540794,0.6821706198409045,0.0,-8.136546240266938,20.588589061973188,0.0,-0.10622813487034453,-0.555931766616366,-0.555931766616366,-1.1027312723296967,0.6446529170895429,-0.18668437343317387,0.0,0.0,-0.18114632408971468,-0.689724416709548,-0.689724416709548,1.4273904133974298,-5.040179524707164,-0.22941573387056177,-0.2318097314189895,0.0,0.0,0.0,0.0,0.0,0.0,1.3813892405157868,0.6294278999307118,1.7322192285982596,0,0
124.57719564143501,1018,1018043,0,0.3751352521116897,0.1925988792548077,0.0,10.7390102939936,-2.217324012489014,0.0,-0.36715165865048555,1.6647215517221783,1.6647215517221783,1.325300886928351,0.2575899515877805,-0.2254839908820019,0.0,0.0,-0.1980535036050582,-0.5249785261069464,-0.5249785261069464,0.7485785919666837,0.2102442417296108,-0.22941573387056177,-0.23227606849873303,0.0,0.0,0.0,0.0,0.0,0.0,0.7144616412313625,1.3226031682909825,0.7297827051159443,0,0
129.67766522284646,1005,1005050,0,-1.1599930271384586,-0.593127035296158,0.0,-7.753988978814018,21.08743772142768,0.0,-0.09852599186506747,-0.5688275486850495,-0.5688275486850495,1.325300886928351,1.0659357579118445,-0.1855390562237065,0.0,0.0,-0.1857415446282716,-0.824669516095955,-0.824669516095955,1.1445521544679522,0.2102442417296108,-0.22941573387056177,-0.23179596571927485,0.0,0.0,0.0,0.0,0.0,0.0,1.0910423042350097,-0.9302164538798973,1.2422782822543843,0,0
118.03970425481543,1011,1011031,0,0.4915953426254778,-0.12392478015173003,0.0,-11.712368884762107,21.247785241361655,0.0,-0.056623791325879136,-0.48745613496279744,-0.48745613496279744,0.11128480729932706,-0.7185337639847837,-0.17930815251816654,0.0,0.0,-0.1374167766789351,0.2725005934052527,0.2725005934052527,0.06976677053593783,0.2102442417296108,-0.22941573387056177,-0.23172107576856757,0.0,0.0,0.0,0.0,0.0,0.0,0.08625972816931649,0.10954644866050875,0.07289506609663256,0,0
100.63841360514874,1020,1020001,0,-0.08758260567789646,-0.11107349912231375,0.0,5.181994831053066,9.975893117410907,0.0,-0.3607064661279383,-1.015626401212372,-1.015626401212372,1.325300886928351,-1.7932248353494613,-0.2245255836037462,0.0,0.0,-0.08039285989009047,2.1046020134003918,2.1046020134003918,-1.627262783040927,0.2102442417296108,-0.22941573387056177,-0.23226454929105175,0.0,0.0,0.0,0.0,0.0,0.0,-1.494135369034789,1.6691908024711177,-1.6755879612223508,0,0
125.95315421642631,1007,1007041,0,0.2880991082906871,-0.3264070985935918,0.0,-8.744406652123791,6.787743277081043,0.0,-0.36471904919391884,-0.2687837795106529,-0.2687837795106529,1.325300886928351,0.15005825799047917,-0.22512225915712755,0.0,0.0,-0.19678892283618638,-0.4695817593477615,-0.4695817593477615,0.6354432883948927,0.2102442417296108,-0.22941573387056177,-0.23227172080338654,0.0,0.0,0.0,0.0,0.0,0.0,0.6050170219240566,-0.583628819699762,0.8680391289124394,0,0
113.76579336115162,1014,1014021,0,0.10781314483752048,0.48425504484609394,0.0,-8.136546240266938,20.588589061973188,0.0,-0.10622813487034453,-0.555931766616366,-0.555931766616366,-1.1027312723296967,0.8785061928647505,-0.18668437343317387,0.0,0.0,-0.18415515053074102,-0.7691911602342326,-0.7691911602342326,-0.4959097473230171,0.2102442417296108,-0.22941573387056177,-0.2318097314189895,0.0,0.0,0.0,0.0,0.0,0.0,-0.5416713424310019,0.6294278999307118,-0.35654783031220466,0,0
118.31660393485117,1019,1019036,0,0.45183594747877026,-0.8081766647486462,0.0,-17.376302103923766,9.800501167249662,0.0,-0.15733784321247446,-0.19003518656051338,-0.19003518656051338,-1.1027312723296967,1.3181119610744838,-0.19428444376362033,0.0,0.0,-0.19189627797358919,-0.8899885189356189,-0.8899885189356189,0.3526050294654153,0.2102442417296108,-0.22941573387056177,-0.23190107754136866,0.0,0.0,0.0,0.0,0.0,0.0,0.2971987435730507,1.4958969853810502,0.10071796731469951,0,0
114.18533749303845,1001,1001020,1,3.6038708037597713,3.5344370345646494,0.0,-5.958580837432313,10.181873359807902,0.0,-0.34772753564590486,-0.4736501414509813,-0.4736501414509813,-1.1027312723296967,0.20233636723520443,-0.26356477564364394,0.0,0.0,-0.22076960836443846,-0.4971328563329508,-0.4971328563329508,-0.5524773991089126,0.2102442417296108,4.358898943540674,4.358585241966482,0.0,0.0,0.0,0.0,0.0,0.0,-0.581437893203845,-1.623391722240168,-0.3143920035644089,1,1
109.60462262859755,1003,1003018,16,0.5503108760486337,-0.9999614938139435,0.0,17.146246693248383,-17.401030956562966,0.0,-0.05271875687869985,1.3481221050231313,1.3481221050231313,1.325300886928351,1.2134695390863708,-0.17872746956371346,0.0,0.0,-0.1843292020561399,-0.86405501380946,-0.86405501380946,-0.6656127026807036,0.2102442417296108,-0.22941573387056177,-0.23171409647312494,0.0,0.0,0.0,0.0,0.0,0.0,-0.7167300409773069,-1.2768040880600326,-0.7746625866326878,0,0
102.19310830653525,1004,1004004,3,0.2073021586277996,-0.27655608087829414,0.0,18.585679703128186,-1.280400464997585,0.0,-0.18816159957334697,1.7371753675310497,1.7371753675310497,-1.1027312723296967,-1.5209773333651249,6.321899261214345,0.0,0.0,13.980448900219432,2.1046020134003918,2.1046020134003918,-1.4575598276832404,0.2102442417296108,-0.22941573387056177,-0.15358231359841212,0.0,0.0,0.0,0.0,0.0,0.0,-1.3248827000433576,-1.103510270969965,-1.5193721176527744,3,1
122.63219549920738,1019,1019045,0,0.4056308537638029,-0.7832384555281753,0.0,-17.376302103923766,9.800501167249662,0.0,-0.15733784321247446,-0.19003518656051338,-0.19003518656051338,-1.1027312723296967,-0.9892548021545515,-0.19428444376362033,0.0,0.0,-0.13692165200096726,0.721236696833592,0.721236696833592,0.8617138955384748,0.2102442417296108,-0.22941573387056177,-0.23190107754136866,0.0,0.0,0.0,0.0,0.0,0.0,0.9035698773575,1.4958969853810502,0.5343489407311655,0,0
115.78902501419289,1005,1005026,0,-1.1050102833550866,-0.7362171146968515,0.0,-7.753988978814018,21.08743772142768,0.0,-0.09852599186506747,-0.5688275486850495,-0.5688275486850495,-1.1027312723296967,0.8882819296975423,-0.1855390562237065,0.0,0.0,-0.18372727549353352,-0.7722511303500411,-0.7722511303500411,-0.21307148839353965,0.2102442417296108,-0.22941573387056177,-0.23179596571927485,0.0,0.0,0.0,0.0,0.0,0.0,-0.2597708426173764,-0.9302164538798973,-0.15325335768382287,0,0
104.83048650140479,1001,1001006,1,3.6038708037597713,3.5344370345646494,0.0,-5.958580837432313,10.181873359807902,0.0,-0.34772753564590486,-0.4736501414509813,-0.4736501414509813,-1.1027312723296967,-0.49533213182959224,-0.26356477564364394,0.0,0.0,-0.22076960836443846,0.009658588629635019,0.009658588629635019,-1.3444245241114494,0.2102442417296108,4.358898943540674,4.358585241966482,0.0,0.0,0.0,0.0,0.0,0.0,-1.3402661130019857,-1.623391722240168,-1.254368153108403,1,1
107.467547710591,1013,1013011,0,-1.0778672475284672,0.29667021470505905,0.0,8.966626336535008,-6.622551768963632,0.0,-0.36291050996570695,1.4322867854548724,1.4322867854548724,-1.1027312723296967,0.6426001938703457,-0.22485332736753919,0.0,0.0,-0.20080376664569116,-0.6889690052012293,-0.6889690052012293,-1.061586265181972,0.2102442417296108,-0.22941573387056177,-0.23226848848117165,0.0,0.0,0.0,0.0,0.0,0.0,-1.1009370039605098,0.4561340828406441,-0.9893960393099539,0,0
117.41968280631218,1013,1013030,0,-1.0275319476568476,0.2610945164534159,0.0,8.966626336535008,-6.622551768963632,0.0,-0.36291050996570695,1.4322867854548724,1.4322867854548724,1.325300886928351,-0.8644310478818765,-0.22485332736753919,0.0,0.0,-0.1782934130537696,0.4917507335484516,0.4917507335484516,0.013199118750042335,0.2102442417296108,-0.22941573387056177,-0.23226848848117165,0.0,0.0,0.0,0.0,0.0,0.0,0.04326111641684097,0.4561340828406441,0.01059526310458082,0,0
129.57898319850574,1017,1017053,0,-0.723696368502186,0.785923649850804,0.0,4.783669788272565,13.354964151385625,0.0,-0.2919440134913492,-0.9430101894797384,-0.9430101894797384,-1.1027312723296967,0.590344281710841,-0.2143005306131605,0.0,0.0,-0.19488540236606722,-0.6693644574915685,-0.6693644574915685,1.3142551098256388,0.2102442417296108,-0.22941573387056177,-0.2321416531991472,0.0,0.0,0.0,0.0,0.0,0.0,1.2698002349915392,1.1493093512009147,1.2323627048334342,0,0
101.38362652858389,1019,1019003,0,0.6212546244336504,-0.8996167652237066,0.0,-17.376302103923766,9.800501167249662,0.0,-0.15733784321247446,-0.19003518656051338,-0.19003518656051338,1.325300886928351,-1.6628660684754906,-0.19428444376362033,0.0,0.0,-0.03198636440840388,2.1046020134003918,2.1046020134003918,-1.514127479469136,0.2102442417296108,-0.22941573387056177,-0.23190107754136866,0.0,0.0,0.0,0.0,0.0,0.0,-1.3813002563738348,1.4958969853810502,-1.6007089091682392,0,0
131.15449272468425,1015,1015058,0,-0.10429067142608778,0.6433233806565392,0.0,10.904135631270758,11.576128422838552,0.0,-0.25184069638838796,-1.1641709918683423,-1.1641709918683423,0.11128480729932706,-1.46713896656754,-0.20833712287022454,0.0,0.0,-0.11040988778368921,2.1046020134003918,2.1046020134003918,1.597093368755116,0.2102442417296108,-0.22941573387056177,-0.23206997831328452,0.0,0.0,0.0,0.0,0.0,0.0,1.7216653418024037,0.8027217170207794,1.3906700236043703,0,0
120.59409319436695,1012,1012035,0,-0.47520419588206136,-1.1305304120693007,0.0,-0.06649188858177275,-15.18284542853341,0.0,-0.2686569264893571,0.927679299170554,0.927679299170554,-1.1027312723296967,-0.6379339114741893,-0.21083771494179077,0.0,0.0,-0.17129765897138818,0.16892768020244164,0.16892768020244164,0.2960373776795198,0.2102442417296108,-0.22941573387056177,-0.23210003321797068,0.0,0.0,0.0,0.0,0.0,0.0,0.3055908962794802,0.2828402657505764,0.3295602638624494,0,0
131.58552926884735,1008,1008057,0,-0.6341530413434607,0.07088389953812865,0.0,-9.085401407639898,-18.474491846838987,0.0,-0.14243628509563758,0.6844255480753929,0.6844255480753929,0.11128480729932706,0.012484000216924945,-0.1920685655401895,0.0,0.0,-0.17339795630703647,-0.39086038877564944,-0.39086038877564944,1.5405257169692206,0.2102442417296108,-0.22941573387056177,-0.23187444464528034,0.0,0.0,0.0,0.0,0.0,0.0,1.512515971255452,-0.41033500260969424,1.4339806088245453,0,0
136.04784502803432,1007,1007058,0,0.24417840813727335,-0.2937822278567753,0.0,-8.744406652123791,6.787743277081043,0.0,-0.36471904919391884,-0.2687837795106529,-0.2687837795106529,-1.1027312723296967,-0.982136894731244,-0.22512225915712755,0.0,0.0,-0.17451543317511733,0.7068869524993797,0.7068869524993797,1.597093368755116,-5.517490776201416,-0.22941573387056177,-0.23227172080338654,0.0,0.0,0.0,0.0,0.0,0.0,1.6361198505848433,-0.583628819699762,1.8823544406601669,0,0
120.36439459998815,1014,1014033,0,0.07896543571435118,0.5541076007266154,0.0,-8.136546240266938,20.588589061973188,0.0,-0.10622813487034453,-0.555931766616366,-0.555931766616366,1.325300886928351,-1.5073207318901902,-0.18668437343317387,0.0,0.0,-0.05824431882955954,2.1046020134003918,2.1046020134003918,0.18290207410772882,0.2102442417296108,-0.22941573387056177,-0.2318097314189895,0.0,0.0,0.0,0.0,0.0,0.0,0.311226433540477,0.6294278999307118,0.30648013137365276,0,0
102.59248725665636,1006,1006004,0,0.3573120868359007,-0.6675948989400281,0.0,-1.5496980895381303,-23.93157344232101,0.0,-0.06317160540549178,0.8952833310040319,0.8952833310040319,1.325300886928351,-0.46054509290270396,-0.18028181973580326,0.0,0.0,-0.15059187904297092,-0.025234686930016778,-0.025234686930016778,-1.4575598276832404,0.2102442417296108,-0.22941573387056177,-0.2317327783872213,0.0,0.0,0.0,0.0,0.0,0.0,-1.4552368271753224,-0.7569226367898296,-1.4792424899249252,0,0
114.95455080476049,1002,1002024,4,0.24866432323502102,0.7793417046816523,0.0,150.0,150.0,0.0,4.330898892721817,-1.1802296948739384,-1.1802296948739384,0.11128480729932706,1.6144072074294087,-0.22282282213147617,0.0,0.0,-0.20510851690428006,-0.9557031321158479,-0.9557031321158479,-0.32620679196533064,0.2102442417296108,-0.22941573387056177,-0.23224408360441126,0.0,0.0,0.0,0.0,0.0,0.0,-0.38383391728926,-1.4500979051501004,-0.23710139064314398,4,1
113.42459473645397,1009,1009022,0,-0.7957307248902222,-0.7822195037046318,0.0,14.64923024777079,8.610220672323951,0.0,-0.22640391027819448,-1.3167376214261457,-1.3167376214261457,0.11128480729932706,-1.7877937891873343,-0.2045546445566401,0.0,0.0,-0.011369728967864522,2.1046020134003918,2.1046020134003918,-0.4393420955371216,0.2102442417296108,-0.22941573387056177,-0.2320245162699209,0.0,0.0,0.0,0.0,0.0,0.0,-0.3093666860947708,-0.2370411855196266,-0.390831494451787,0,0
110.25292612118494,1011,1011016,0,0.5435023497194027,-0.21403610962663178,0.0,-11.712368884762107,21.247785241361655,0.0,-0.056623791325879136,-0.48745613496279744,-0.48745613496279744,1.325300886928351,-1.594559196912574,-0.17930815251816654,0.0,0.0,-0.01703274250454912,2.1046020134003918,2.1046020134003918,-0.7787480062524946,0.2102442417296108,-0.22941573387056177,-0.23172107576856757,0.0,0.0,0.0,0.0,0.0,0.0,-0.647872024077633,0.10954644866050875,-0.7095210016685646,0,0
132.35075398097553,1002,1002054,4,0.21537567806233046,0.8736138627359458,0.0,150.0,150.0,0.0,4.330898892721817,-1.1802296948739384,-1.1802296948739384,1.325300886928351,0.4298739558401567,-0.22282282213147617,0.0,0.0,-0.19805751466684723,-0.6042940919123105,-0.6042940919123105,1.3708227616115343,-0.2670670097646414,-0.22941573387056177,-0.23224408360441126,0.0,0.0,0.0,0.0,0.0,0.0,1.3302003458089051,-1.4500979051501004,1.510870446950822,4,1
115.327217311053,1006,1006025,0,0.34769692984024914,-0.8096853909486843,0.0,-1.5496980895381303,-23.93157344232101,0.0,-0.06317160540549178,0.8952833310040319,0.8952833310040319,0.11128480729932706,1.4818744250609706,-0.18028181973580326,0.0,0.0,-0.1876038573249689,-0.9276160016231061,-0.9276160016231061,-0.26963914017943513,0.2102442417296108,-0.22941573387056177,-0.2317327783872213,0.0,0.0,0.0,0.0,0.0,0.0,-0.32569732147634056,-0.7569226367898296,-0.19965583133256423,0,0
110.41857324498024,1020,1020021,0,-0.056961775670160225,-0.05466347920428246,0.0,5.181994831053066,9.975893117410907,0.0,-0.3607064661279383,-1.015626401212372,-1.015626401212372,-1.1027312723296967,0.8392568996145943,-0.2245255836037462,0.0,0.0,-0.20193709093201925,-0.7567073679693582,-0.7567073679693582,-0.4959097473230171,0.2102442417296108,-0.22941573387056177,-0.23226454929105175,0.0,0.0,0.0,0.0,0.0,0.0,-0.5409072867436658,1.6691908024711177,-0.6928767658867877,0,0
109.54191118255635,1015,1015015,0,-0.24282253859874864,0.5025870377021783,0.0,10.904135631270758,11.576128422838552,0.0,-0.25184069638838796,-1.1641709918683423,-1.1641709918683423,0.11128480729932706,1.403585803823566,-0.20833712287022454,0.0,0.0,-0.19829865238961486,-0.9100542638817473,-0.9100542638817473,-0.83531565803839,0.2102442417296108,-0.22941573387056177,-0.23206997831328452,0.0,0.0,0.0,0.0,0.0,0.0,-0.8887980394683977,0.8027217170207794,-0.7809638375702888,0,0
127.48212874045275,1018,1018047,0,0.38782678961354694,0.19009124830413218,0.0,10.7390102939936,-2.217324012489014,0.0,-0.36715165865048555,1.6647215517221783,1.6647215517221783,-1.1027312723296967,-0.7736846337320001,-0.2254839908820019,0.0,0.0,-0.18164177435744744,0.35011078698405457,0.35011078698405457,0.9748491991102657,0.2102442417296108,-0.22941573387056177,-0.23227606849873303,0.0,0.0,0.0,0.0,0.0,0.0,0.9936906692318007,1.3226031682909825,1.0216706070760753,0,0
105.55581932900719,1003,1003009,16,0.5047175196150685,-0.9556830897567306,0.0,17.146246693248383,-17.401030956562966,0.0,-0.05271875687869985,1.3481221050231313,1.3481221050231313,-1.1027312723296967,0.7004041720908266,-0.17872746956371346,0.0,0.0,-0.17788556596044783,-0.7098323989497289,-0.7098323989497289,-1.174721568753763,0.2102442417296108,-0.22941573387056177,-0.23171409647312494,0.0,0.0,0.0,0.0,0.0,0.0,-1.2150490358710353,-1.2768040880600326,-1.1814866546176934,0,0
117.0749009291802,1013,1013029,0,-1.0301811739658804,0.262966921624555,0.0,8.966626336535008,-6.622551768963632,0.0,-0.36291050996570695,1.4322867854548724,1.4322867854548724,-1.1027312723296967,-1.6518030343811752,-0.22485332736753919,0.0,0.0,-0.11740854633973517,2.1046020134003918,2.1046020134003918,-0.04336853303585316,0.2102442417296108,-0.22941573387056177,-0.23226848848117165,0.0,0.0,0.0,0.0,0.0,0.0,0.08555620821856892,0.4561340828406441,-0.02404844651611856,0,0
130.78398329711473,1011,1011057,0,0.401623196996008,0.032268190938099656,0.0,-11.712368884762107,21.247785241361655,0.0,-0.056623791325879136,-0.48745613496279744,-0.48745613496279744,1.325300886928351,0.72400867856216,-0.17930815251816654,0.0,0.0,-0.17852278067750588,-0.7181149476835355,-0.7181149476835355,1.5405257169692206,0.2102442417296108,-0.22941573387056177,-0.23172107576856757,0.0,0.0,0.0,0.0,0.0,0.0,1.4924867444279792,0.10954644866050875,1.3534412077303375,0,0
110.29793647851022,1006,1006017,0,0.35135984679097354,-0.7555556797072914,0.0,-1.5496980895381303,-23.93157344232101,0.0,-0.06317160540549178,0.8952833310040319,0.8952833310040319,0.11128480729932706,0.9662532316398668,-0.18028181973580326,0.0,0.0,-0.18220474287144586,-0.7959813194229851,-0.7959813194229851,-0.7221803544665991,0.2102442417296108,-0.22941573387056177,-0.2317327783872213,0.0,0.0,0.0,0.0,0.0,0.0,-0.7689812276461943,-0.7569226367898296,-0.7049983574911153,0,0
117.47192739744729,1012,1012027,0,-0.4750470334854536,-1.0961890412083337,0.0,-0.06649188858177275,-15.18284542853341,0.0,-0.2686569264893571,0.927679299170554,0.927679299170554,0.11128480729932706,0.9669899591277286,-0.21083771494179077,0.0,0.0,-0.19635958207537405,-0.7961999683866404,-0.7961999683866404,-0.15650383660764414,0.2102442417296108,-0.22941573387056177,-0.23210003321797068,0.0,0.0,0.0,0.0,0.0,0.0,-0.20481904649170798,0.2828402657505764,0.015844803653500057,0,0
104.39722454906028,1020,1020009,0,-0.07533427367480196,-0.08850949115510123,0.0,5.181994831053066,9.975893117410907,0.0,-0.3607064661279383,-1.015626401212372,-1.015626401212372,1.325300886928351,0.9400369769139648,-0.2245255836037462,0.0,0.0,-0.20254131026146988,-0.78813399127394,-0.78813399127394,-1.174721568753763,0.2102442417296108,-0.22941573387056177,-0.23226454929105175,0.0,0.0,0.0,0.0,0.0,0.0,-1.2198413918854105,1.6691908024711177,-1.2979023475143778,0,0
111.88709259341253,1001,1001017,1,3.6038708037597713,3.5344370345646494,0.0,-5.958580837432313,10.181873359807902,0.0,-0.34772753564590486,-0.4736501414509813,-0.4736501414509813,-1.1027312723296967,1.034700329032921,-0.26356477564364394,0.0,0.0,-0.22076960836443846,-0.8158702489099049,-0.8158702489099049,-0.7221803544665991,0.2102442417296108,4.358898943540674,4.358585241966482,0.0,0.0,0.0,0.0,0.0,0.0,-0.770198505967323,-1.623391722240168,-0.5453198284321178,1,1
117.60009175731332,1016,1016026,0,-0.844075745296631,0.11808239323490595,0.0,-13.28709936806187,3.646546868613464,0.0,-0.3014597953260249,-0.05800679269001393,-0.05800679269001393,-1.1027312723296967,0.5256850197580315,-0.21571553792857157,0.0,0.0,-0.19503271866021327,-0.6440665284025344,-0.6440665284025344,-0.21307148839353965,0.2102442417296108,-0.22941573387056177,-0.23215866033536844,0.0,0.0,0.0,0.0,0.0,0.0,-0.2519254562100367,0.9760155341108472,0.028722768423156655,0,0
129.37979015459774,1001,1001051,1,3.6038708037597713,3.5344370345646494,0.0,-5.958580837432313,10.181873359807902,0.0,-0.34772753564590486,-0.4736501414509813,-0.4736501414509813,-1.1027312723296967,-1.4913427930145458,-0.26356477564364394,0.0,0.0,-0.22076960836443846,2.1046020134003918,2.1046020134003918,1.2011198062538477,0.2102442417296108,4.358898943540674,4.358585241966482,0.0,0.0,0.0,0.0,0.0,0.0,1.3267424474890646,-1.623391722240168,1.2123477724100278,1,1
125.55793143375453,1020,1020050,0,-0.012561572158942682,0.027131049676862893,0.0,5.181994831053066,9.975893117410907,0.0,-0.3607064661279383,-1.015626401212372,-1.015626401212372,-1.1027312723296967,-0.04588407247146391,-0.2245255836037462,0.0,0.0,-0.19420267117134835,-0.35442514287218185,-0.35442514287218185,1.1445521544679522,0.2102442417296108,-0.22941573387056177,-0.23226454929105175,0.0,0.0,0.0,0.0,0.0,0.0,1.1198230529190725,1.6691908024711177,0.8283271132106257,0,0
125.73444515756601,1004,1004043,3,0.3374162508882711,-0.5832313211047685,0.0,18.585679703128186,-1.280400464997585,0.0,-0.18816159957334697,1.7371753675310497,1.7371753675310497,1.325300886928351,1.1283386945429943,4.095173745636636,0.0,0.0,1.6993224880707476,-0.8417545086803165,-0.8417545086803165,0.7485785919666837,0.2102442417296108,-0.22941573387056177,-0.18034558454288566,0.0,0.0,0.0,0.0,0.0,0.0,0.6950737432303954,-1.103510270969965,0.8460632258005938,3,1
120.00114642654952,1012,1012033,0,-0.47516490528290944,-1.121945069354059,0.0,-0.06649188858177275,-15.18284542853341,0.0,-0.2686569264893571,0.927679299170554,0.927679299170554,-1.1027312723296967,1.1380334994206098,-0.21083771494179077,0.0,0.0,-0.19760995528407538,-0.8443514909081017,-0.8443514909081017,0.18290207410772882,0.2102442417296108,-0.22941573387056177,-0.23210003321797068,0.0,0.0,0.0,0.0,0.0,0.0,0.13073923471098586,0.2828402657505764,0.26998092687503616,0,0
111.96956340579814,1008,1008020,0,-0.5348332424856332,0.26414689017583803,0.0,-9.085401407639898,-18.474491846838987,0.0,-0.14243628509563758,0.6844255480753929,0.6844255480753929,0.11128480729932706,-1.3675631084030204,-0.1920685655401895,0.0,0.0,-0.0949680530180235,1.8365620198853587,1.8365620198853587,-0.5524773991089126,0.2102442417296108,-0.22941573387056177,-0.23187444464528034,0.0,0.0,0.0,0.0,0.0,0.0,-0.43860686839589447,-0.41033500260969424,-0.5370331548394205,0,0
104.54508451470927,1012,1012006,0,-0.4746344821943582,-1.0060429426982953,0.0,-0.06649188858177275,-15.18284542853341,0.0,-0.2686569264893571,0.927679299170554,0.927679299170554,0.11128480729932706,1.2457201905293855,-0.21083771494179077,0.0,0.0,-0.19833351439801727,-0.8722155499971224,-0.8722155499971224,-1.3444245241114494,0.2102442417296108,-0.22941573387056177,-0.23210003321797068,0.0,0.0,0.0,0.0,0.0,0.0,-1.394240172873858,0.2828402657505764,-1.283045366755759,0,0
129.1993022383042,1018,1018051,0,0.40051832711540425,0.18758361735345663,0.0,10.7390102939936,-2.217324012489014,0.0,-0.36715165865048555,1.6647215517221783,1.6647215517221783,-1.1027312723296967,-0.7642156208587075,-0.2254839908820019,0.0,0.0,-0.1818996232360894,0.33636203481493515,0.33636203481493515,1.2011198062538477,0.2102442417296108,-0.22941573387056177,-0.23227606849873303,0.0,0.0,0.0,0.0,0.0,0.0,1.2185194184969383,1.3226031682909825,1.1942123326527776,0,0
123.06239737453073,1016,1016036,0,-0.8833330221089503,0.12839233636829436,0.0,-13.28709936806187,3.646546868613464,0.0,-0.3014597953260249,-0.05800679269001393,-0.05800679269001393,-1.1027312723296967,-1.6891424711027885,-0.21571553792857157,0.0,0.0,-0.08369242385033428,2.1046020134003918,2.1046020134003918,0.3526050294654153,0.2102442417296108,-0.22941573387056177,-0.23215866033536844,0.0,0.0,0.0,0.0,0.0,0.0,0.4804791025319083,0.9760155341108472,0.5775756583619108,0,0
107.4620059369244,1006,1006012,0,0.3536491698851763,-0.721724610181421,0.0,-1.5496980895381303,-23.93157344232101,0.0,-0.06317160540549178,0.8952833310040319,0.8952833310040319,1.325300886928351,0.5433305767774685,-0.18028181973580326,0.0,0.0,-0.17626183882378024,-0.6510886166669222,-0.6510886166669222,-1.0050186133960766,0.2102442417296108,-0.22941573387056177,-0.2317327783872213,0.0,0.0,0.0,0.0,0.0,0.0,-1.042201023413733,-0.7569226367898296,-0.9899528771556279,0,0
126.46850176972472,1016,1016042,0,-0.9068873881963418,0.13457830224832742,0.0,-13.28709936806187,3.646546868613464,0.0,-0.3014597953260249,-0.05800679269001393,-0.05800679269001393,1.325300886928351,0.030666637659050786,-0.21571553792857157,0.0,0.0,-0.1893241610353036,-0.4018212660838727,-0.4018212660838727,0.6920109401807882,0.2102442417296108,-0.22941573387056177,-0.23215866033536844,0.0,0.0,0.0,0.0,0.0,0.0,0.665581778813185,0.9760155341108472,0.9198212908367273,0,0
121.50072016430691,1016,1016033,0,-0.8715558390652545,0.12529935342827786,0.0,-13.28709936806187,3.646546868613464,0.0,-0.3014597953260249,-0.05800679269001393,-0.05800679269001393,1.325300886928351,-1.8082802004673513,-0.21571553792857157,0.0,0.0,-0.04211969549872637,2.1046020134003918,2.1046020134003918,0.18290207410772882,0.2102442417296108,-0.22941573387056177,-0.23215866033536844,0.0,0.0,0.0,0.0,0.0,0.0,0.311226433540477,0.9760155341108472,0.420658211765528,0,0
124.76623130389538,1001,1001041,1,3.6038708037597713,3.5344370345646494,0.0,-5.958580837432313,10.181873359807902,0.0,-0.34772753564590486,-0.4736501414509813,-0.4736501414509813,-1.1027312723296967,1.3406806082387241,-0.26356477564364394,0.0,0.0,-0.22076960836443846,-0.8953808099331785,-0.8953808099331785,0.6354432883948927,0.2102442417296108,4.358898943540674,4.358585241966482,0.0,0.0,0.0,0.0,0.0,0.0,0.5789564964555687,-1.623391722240168,0.7487770230676583,1,1
121.39939371271579,1016,1016032,0,-0.8676301113840226,0.12426835911493901,0.0,-13.28709936806187,3.646546868613464,0.0,-0.3014597953260249,-0.05800679269001393,-0.05800679269001393,1.325300886928351,1.191906415254142,-0.21571553792857157,0.0,0.0,-0.20008617476823015,-0.8585122572431496,-0.8585122572431496,0.1263344223218333,0.2102442417296108,-0.22941573387056177,-0.23215866033536844,0.0,0.0,0.0,0.0,0.0,0.0,0.0734549854857726,0.9760155341108472,0.41047692209038966,0,0
111.93356460214582,1003,1003025,16,0.5857723754969621,-1.0344002525251093,0.0,17.146246693248383,-17.401030956562966,0.0,-0.05271875687869985,1.3481221050231313,1.3481221050231313,1.325300886928351,-1.7603526592336736,-0.17872746956371346,0.0,0.0,0.06153612190733688,2.1046020134003918,2.1046020134003918,-0.26963914017943513,0.2102442417296108,-0.22941573387056177,-0.23171409647312494,0.0,0.0,0.0,0.0,0.0,0.0,-0.1401140171033392,-1.2768040880600326,-0.5406503174083978,0,0
103.11574719392964,1020,1020006,0,-0.0799273981759624,-0.09697099414280592,0.0,5.181994831053066,9.975893117410907,0.0,-0.3607064661279383,-1.015626401212372,-1.015626401212372,-1.1027312723296967,0.10953446449609767,-0.2245255836037462,0.0,0.0,-0.19598961506605145,-0.44736757272843397,-0.44736757272843397,-1.3444245241114494,0.2102442417296108,-0.22941573387056177,-0.23226454929105175,0.0,0.0,0.0,0.0,0.0,0.0,-1.368237856718798,1.6691908024711177,-1.4266652910482516,0,0
101.60592724664593,1020,1020003,0,-0.08452052267712283,-0.10543249713051062,0.0,5.181994831053066,9.975893117410907,0.0,-0.3607064661279383,-1.015626401212372,-1.015626401212372,0.11128480729932706,-0.19213466035582064,-0.2245255836037462,0.0,0.0,-0.19226863673627537,-0.2538322477319477,-0.2538322477319477,-1.514127479469136,0.2102442417296108,-0.22941573387056177,-0.23226454929105175,0.0,0.0,0.0,0.0,0.0,0.0,-1.5256454258698497,1.6691908024711177,-1.5783721158626374,0,0
101.80126888285396,1007,1007002,0,0.3888583615838127,-0.4012523902839354,0.0,-8.744406652123791,6.787743277081043,0.0,-0.36471904919391884,-0.2687837795106529,-0.2687837795106529,1.325300886928351,-0.08790117931552702,-0.22512225915712755,0.0,0.0,-0.19408856184324907,-0.32695075418309066,-0.32695075418309066,-1.5706951312550315,0.2102442417296108,-0.22941573387056177,-0.23227172080338654,0.0,0.0,0.0,0.0,0.0,0.0,-1.5865381135961532,-0.583628819699762,-1.558744173182133,0,0
103.02380179003626,1011,1011003,0,0.5884884225341377,-0.2921325951715466,0.0,-11.712368884762107,21.247785241361655,0.0,-0.056623791325879136,-0.48745613496279744,-0.48745613496279744,-1.1027312723296967,0.45414661545915896,-0.17930815251816654,0.0,0.0,-0.17422910524668156,-0.6146414597153658,-0.6146414597153658,-1.514127479469136,0.2102442417296108,-0.22941573387056177,-0.23172107576856757,0.0,0.0,0.0,0.0,0.0,0.0,-1.5477283254095067,0.10954644866050875,-1.4359039723267943,0,0
123.27837628646641,1012,1012039,0,-0.47528277708036526,-1.1477010974997843,0.0,-0.06649188858177275,-15.18284542853341,0.0,-0.2686569264893571,0.927679299170554,0.927679299170554,-1.1027312723296967,1.0794801254929376,-0.21083771494179077,0.0,0.0,-0.1971965920784908,-0.8284329894840972,-0.8284329894840972,0.5223079848231018,0.2102442417296108,-0.22941573387056177,-0.23210003321797068,0.0,0.0,0.0,0.0,0.0,0.0,0.4702188456782762,0.2828402657505764,0.599277236100088,0,0
115.82070318657645,1009,1009029,0,-0.7654335012678459,-0.7651788287627712,0.0,14.64923024777079,8.610220672323951,0.0,-0.22640391027819448,-1.3167376214261457,-1.3167376214261457,0.11128480729932706,-0.6619608113498192,-0.2045546445566401,0.0,0.0,-0.16453816640731622,0.19866802609549097,0.19866802609549097,-0.04336853303585316,0.2102442417296108,-0.22941573387056177,-0.2320245162699209,0.0,0.0,0.0,0.0,0.0,0.0,-0.031094219134726916,-0.2370411855196266,-0.1500703324781489,0,0
120.29954911722211,1002,1002034,4,0.2375681081774575,0.8107657573664168,0.0,150.0,150.0,0.0,4.330898892721817,-1.1802296948739384,-1.1802296948739384,0.11128480729932706,-1.4217780997272027,-0.22282282213147617,0.0,0.0,-0.14409485803154,2.085105902087753,2.085105902087753,0.2394697258936243,0.2102442417296108,-0.22941573387056177,-0.23224408360441126,0.0,0.0,0.0,0.0,0.0,0.0,0.36645075351990813,-1.4500979051501004,0.29996445226125984,4,1
105.54416089213929,1008,1008008,0,-0.5026214158290405,0.32682677903131135,0.0,-9.085401407639898,-18.474491846838987,0.0,-0.14243628509563758,0.6844255480753929,0.6844255480753929,1.325300886928351,-1.2300989084688925,-0.1920685655401895,0.0,0.0,-0.11277751521122992,1.3307703063705698,1.3307703063705698,-1.2312892205396586,0.2102442417296108,-0.22941573387056177,-0.23187444464528034,0.0,0.0,0.0,0.0,0.0,0.0,-1.146573925813574,-0.41033500260969424,-1.1826580952538503,0,0
102.46904285654371,1014,1014004,0,0.14868073276200683,0.38529725734868864,0.0,-8.136546240266938,20.588589061973188,0.0,-0.10622813487034453,-0.555931766616366,-0.555931766616366,-1.1027312723296967,-1.5432017620818914,-0.186684373433175,0.0,0.0,-0.049380525787431295,2.1046020134003918,2.1046020134003918,-1.4575598276832404,0.2102442417296108,-0.22941573387056177,-0.2318097314189895,0.0,0.0,0.0,0.0,0.0,0.0,-1.3248827000433576,0.6294278999307118,-1.4916461927743268,0,0
120.38422865353296,1007,1007031,0,0.3139348142632834,-0.3455981990270132,0.0,-8.744406652123791,6.787743277081043,0.0,-0.36471904919391884,-0.2687837795106529,-0.2687837795106529,0.11128480729932706,0.43062440862716805,-0.22512225915712755,0.0,0.0,-0.19934547453135185,-0.6046168672428222,-0.6046168672428222,0.06976677053593783,0.2102442417296108,-0.22941573387056177,-0.23227172080338654,0.0,0.0,0.0,0.0,0.0,0.0,0.03257679512696271,-0.583628819699762,0.30847305860440993,0,0
106.14219909100115,1014,1014010,0,0.13425687820042378,0.42022353528894935,0.0,-8.136546240266938,20.588589061973188,0.0,-0.10622813487034453,-0.555931766616366,-0.555931766616366,-1.1027312723296967,0.15536633538196387,-0.186684373433175,0.0,0.0,-0.17291915475375233,-0.4724349291403985,-0.4724349291403985,-1.1181539169678676,0.2102442417296108,-0.22941573387056177,-0.2318097314189895,0.0,0.0,0.0,0.0,0.0,0.0,-1.144101849191184,0.6294278999307118,-1.1225671708821918,0,0
117.05699233321934,1001,1001027,1,3.6038708037597713,3.5344370345646494,0.0,-5.958580837432313,10.181873359807902,0.0,-0.34772753564590486,-0.4736501414509813,-0.4736501414509813,-1.1027312723296967,0.0663325063418753,-0.26356477564364394,0.0,0.0,-0.22076960836443846,-0.4228108067822895,-0.4228108067822895,-0.15650383660764414,0.2102442417296108,4.358898943540674,4.358585241966482,0.0,0.0,0.0,0.0,0.0,0.0,-0.18196620606787642,-1.623391722240168,-0.025847903620254634,1,1
123.43083669922996,1011,1011044,0,0.44660926981074295,-0.045828294606815194,0.0,-11.712368884762107,21.247785241361655,0.0,-0.056623791325879136,-0.48745613496279744,-0.48745613496279744,-1.1027312723296967,0.4333993213890478,-0.17930815251816654,0.0,0.0,-0.17386258955988176,-0.6058087807858027,-0.6058087807858027,0.8051462437525793,0.2102442417296108,-0.22941573387056177,-0.23172107576856757,0.0,0.0,0.0,0.0,0.0,0.0,0.7659320777695653,0.10954644866050875,0.614596470139789,0,0
132.31392572708373,1007,1007051,0,0.26226340231809075,-0.3072159981601703,0.0,-8.744406652123791,6.787743277081043,0.0,-0.36471904919391884,-0.2687837795106529,-0.2687837795106529,-1.1027312723296967,-1.1111325129554133,-0.22512225915712755,0.0,0.0,-0.16904139507591712,0.9960214639371885,0.9960214639371885,1.2011198062538477,-0.2670670097646414,-0.22941573387056177,-0.23227172080338654,0.0,0.0,0.0,0.0,0.0,0.0,1.2588930908419882,-0.583628819699762,1.507169941157774,0,0
129.91276169291527,1005,1005051,0,-1.1622839747960991,-0.5871649486544623,0.0,-7.753988978814018,21.08743772142768,0.0,-0.09852599186506747,-0.5688275486850495,-0.5688275486850495,1.325300886928351,-1.2896689668051056,-0.1855390562237065,0.0,0.0,-0.09521221447823887,1.5312228854130772,1.5312228854130772,1.2011198062538477,0.2102442417296108,-0.22941573387056177,-0.23179596571927485,0.0,0.0,0.0,0.0,0.0,0.0,1.2916494585604394,-0.9302164538798973,1.2659007937090618,0,0
130.30211532571906,1007,1007048,0,0.27001411410986964,-0.31297332829019675,0.0,-8.744406652123791,6.787743277081043,0.0,-0.36471904919391884,-0.2687837795106529,-0.2687837795106529,0.11128480729932706,0.41675051690626247,-0.22512225915712755,0.0,0.0,-0.19923193297603217,-0.5986196890116302,-0.5986196890116302,1.0314168508961612,0.2102442417296108,-0.22941573387056177,-0.23227172080338654,0.0,0.0,0.0,0.0,0.0,0.0,0.9920423029200746,-0.583628819699762,1.3050230767792232,0,0
127.15915762063722,1001,1001047,1,3.6038708037597713,3.5344370345646494,0.0,-5.958580837432313,10.181873359807902,0.0,-0.34772753564590486,-0.4736501414509813,-0.4736501414509813,-1.1027312723296967,0.3622092312536262,-0.26356477564364394,0.0,0.0,-0.22076960836443846,-0.5744142266428912,-0.5744142266428912,0.9748491991102657,0.2102442417296108,4.358898943540674,4.358585241966482,0.0,0.0,0.0,0.0,0.0,0.0,0.9371062131820423,-1.623391722240168,0.9892184440336468,1,1
107.35172725495528,1010,1010015,0,-0.9158336254993075,-0.06986505506960305,0.0,-3.330296274990087,9.95568497806392,0.0,-0.3780720260386732,-0.5847070204353849,-0.5847070204353849,1.325300886928351,-1.1367773567994255,-0.22710786162743654,0.0,0.0,-0.17053121929942247,1.0618541693077075,1.0618541693077075,-0.83531565803839,0.2102442417296108,-0.22941573387056177,-0.23229558598862335,0.0,0.0,0.0,0.0,0.0,0.0,-0.7681097244662687,-0.06374736842955891,-1.0010336876299823,0,0
124.99916832651735,1019,1019051,0,0.3748274579538247,-0.7666129827145279,0.0,-17.376302103923766,9.800501167249662,0.0,-0.15733784321247446,-0.19003518656051338,-0.19003518656051338,1.325300886928351,-1.2188349283886215,-0.19428444376362033,0.0,0.0,-0.11732449674605828,1.295600417284886,1.295600417284886,1.2011198062538477,0.2102442417296108,-0.22941573387056177,-0.23190107754136866,0.0,0.0,0.0,0.0,0.0,0.0,1.277228465082036,1.4958969853810502,0.7721825530762344,0,0
112.39001654807082,1003,1003026,16,0.5908383039895806,-1.0393200751981329,0.0,17.146246693248383,-17.401030956562966,0.0,-0.05271875687869985,1.3481221050231313,1.3481221050231313,0.11128480729932706,-0.4314988198762926,-0.17872746956371346,0.0,0.0,-0.150455507762783,-0.05331871037773294,-0.05331871037773294,-0.21307148839353965,0.2102442417296108,-0.22941573387056177,-0.23171409647312494,0.0,0.0,0.0,0.0,0.0,0.0,-0.2157694372242668,-1.2768040880600326,-0.4947859906579066,0,0
112.7130531489061,1008,1008022,0,-0.540201880261732,0.25370024203325914,0.0,-9.085401407639898,-18.474491846838987,0.0,-0.14243628509563758,0.6844255480753929,0.6844255480753929,0.11128480729932706,-0.5381247155782545,-0.1920685655401895,0.0,0.0,-0.15771337816963243,0.054584261141984246,0.054584261141984246,-0.4393420955371216,0.2102442417296108,-0.22941573387056177,-0.23187444464528034,0.0,0.0,0.0,0.0,0.0,0.0,-0.4348355892549148,-0.41033500260969424,-0.4623272480775611,0,0
130.12070823497788,1013,1013054,0,-0.9639505162400652,0.21615679234607718,0.0,8.966626336535008,-6.622551768963632,0.0,-0.36291050996570695,1.4322867854548724,1.4322867854548724,0.11128480729932706,-1.734886359540064,-0.22485332736753919,0.0,0.0,-0.09898915637981237,2.1046020134003918,2.1046020134003918,1.3708227616115343,0.2102442417296108,-0.22941573387056177,-0.23226848848117165,0.0,0.0,0.0,0.0,0.0,0.0,1.4959951164804954,0.4561340828406441,1.2867952783025434,0,0
133.31939180929933,1006,1006055,0,0.3339609912750326,-1.0126718081039083,0.0,-1.5496980895381303,-23.93157344232101,0.0,-0.06317160540549178,0.8952833310040319,0.8952833310040319,1.325300886928351,0.7272513282819139,-0.18028181973580168,0.0,0.0,-0.17905722423094964,-0.7192423246253814,-0.7192423246253814,1.4273904133974298,-3.1309345187301547,-0.22941573387056177,-0.23173277838722126,0.0,0.0,0.0,0.0,0.0,0.0,1.3795826319994935,-0.7569226367898296,1.608199250689626,0,0
117.67085464473939,1020,1020033,0,-0.03858927766551848,-0.020817467253463694,0.0,5.181994831053066,9.975893117410907,0.0,-0.3607064661279383,-1.015626401212372,-1.015626401212372,0.11128480729932706,-1.0984147768996837,-0.2245255836037462,0.0,0.0,-0.16884436619769258,0.9645096531635274,0.9645096531635274,0.18290207410772882,0.2102442417296108,-0.22941573387056177,-0.23226454929105175,0.0,0.0,0.0,0.0,0.0,0.0,0.24144843391945314,1.6691908024711177,0.03583302881243061,0,0
106.45999214301673,1013,1013009,0,-1.0831657001465322,0.30041502504733725,0.0,8.966626336535008,-6.622551768963632,0.0,-0.36291050996570695,1.4322867854548724,1.4322867854548724,-1.1027312723296967,-0.13406317339494184,-0.22485332736753919,0.0,0.0,-0.1933018914100395,-0.29547842175921263,-0.29547842175921263,-1.174721568753763,0.2102442417296108,-0.22941573387056177,-0.23226848848117165,0.0,0.0,0.0,0.0,0.0,0.0,-1.1896889925344039,0.4561340828406441,-1.0906353004918883,0,0
105.9083597246474,1003,1003010,16,0.5097834481076869,-0.9606029124297543,0.0,17.146246693248383,-17.401030956562966,0.0,-0.05271875687869985,1.3481221050231313,1.3481221050231313,1.325300886928351,-0.8343521490319574,-0.17872746956371346,0.0,0.0,-0.12973037302430707,0.4427186860892851,0.4427186860892851,-1.1181539169678676,0.2102442417296108,-0.22941573387056177,-0.23171409647312494,0.0,0.0,0.0,0.0,0.0,0.0,-1.0880909584564995,-1.2768040880600326,-1.1460633684585702,0,0
109.7768740907272,1013,1013017,0,-1.0619718896742716,0.28543578367822436,0.0,8.966626336535008,-6.622551768963632,0.0,-0.36291050996570695,1.4322867854548724,1.4322867854548724,-1.1027312723296967,-1.325671647005764,-0.22485332736753919,0.0,0.0,-0.15591409359361713,1.6655974311796125,1.6655974311796125,-0.7221803544665991,0.2102442417296108,-0.22941573387056177,-0.23226848848117165,0.0,0.0,0.0,0.0,0.0,0.0,-0.6183232221044477,0.4561340828406441,-0.7573547464254247,0,0
129.1334414831005,1016,1016047,0,-0.9265160266025014,0.13973327381502162,0.0,-13.28709936806187,3.646546868613464,0.0,-0.3014597953260249,-0.05800679269001393,-0.05800679269001393,1.325300886928351,0.6381163277001428,-0.21571553792857157,0.0,0.0,-0.19605188036723326,-0.6873151231061935,-0.6873151231061935,0.9748491991102657,0.2102442417296108,-0.22941573387056177,-0.23215866033536844,0.0,0.0,0.0,0.0,0.0,0.0,0.9301962478271364,0.9760155341108472,1.1875946388875014,0,0
132.16369757817486,1001,1001058,1,3.6038708037597713,3.5344370345646494,0.0,-5.958580837432313,10.181873359807902,0.0,-0.34772753564590486,-0.4736501414509813,-0.4736501414509813,-1.1027312723296967,0.20949452853255346,-0.26356477564364394,0.0,0.0,-0.22076960836443846,-0.5008122669064651,-0.5008122669064651,1.597093368755116,-0.2670670097646414,4.358898943540674,4.358585241966482,0.0,0.0,0.0,0.0,0.0,0.0,1.562204053397584,-1.623391722240168,1.4920750051624527,1,1
116.51576942018397,1015,1015029,0,-0.19771913998439394,0.5484081726175516,0.0,10.904135631270758,11.576128422838552,0.0,-0.25184069638838796,-1.1641709918683423,-1.1641709918683423,1.325300886928351,-0.4541320314912565,-0.20833712287022454,0.0,0.0,-0.17440329530706083,-0.03151562818308516,-0.03151562818308516,-0.04336853303585316,0.2102442417296108,-0.22941573387056177,-0.23206997831328452,0.0,0.0,0.0,0.0,0.0,0.0,-0.045182336467325696,0.8027217170207794,-0.08023002368768811,0,0
128.28187232546952,1007,1007045,0,0.2777648259016485,-0.3187306584202232,0.0,-8.744406652123791,6.787743277081043,0.0,-0.36471904919391884,-0.2687837795106529,-0.2687837795106529,-1.1027312723296967,0.5237091667687515,-0.22512225915712755,0.0,0.0,-0.2000773613736318,-0.6432745712513674,-0.6432745712513674,0.8617138955384748,0.2102442417296108,-0.22941573387056177,-0.23227172080338654,0.0,0.0,0.0,0.0,0.0,0.0,0.8200565848664133,-0.583628819699762,1.1020289042139857,0,0
105.29369898590728,1008,1008007,0,-0.49993709694099114,0.3320501031026008,0.0,-9.085401407639898,-18.474491846838987,0.0,-0.14243628509563758,0.6844255480753929,0.6844255480753929,-1.1027312723296967,1.5566600858198187,-0.1920685655401895,0.0,0.0,-0.19286432690164415,-0.9437085788078192,-0.9437085788078192,-1.2878568723255541,0.2102442417296108,-0.22941573387056177,-0.23187444464528034,0.0,0.0,0.0,0.0,0.0,0.0,-1.3421982625096622,-0.41033500260969424,-1.207824526919941,0,0
121.04796500429981,1014,1014034,0,0.07656145995408707,0.5599286470499921,0.0,-8.136546240266938,20.588589061973188,0.0,-0.10622813487034453,-0.555931766616366,-0.555931766616366,0.11128480729932706,0.449013758590772,-0.18668437343317387,0.0,0.0,-0.1782212297846754,-0.6124691401158006,-0.6124691401158006,0.2394697258936243,0.2102442417296108,-0.22941573387056177,-0.2318097314189895,0.0,0.0,0.0,0.0,0.0,0.0,0.20134887507783508,0.6294278999307118,0.3751653383493444,0,0
129.29639160136438,1004,1004048,3,0.39317989066297854,-0.5790898219247741,0.0,18.585679703128186,-1.280400464997585,0.0,-0.18816159957334697,1.7371753675310497,1.7371753675310497,-1.1027312723296967,1.5882471008256558,5.6954946933317085,0.0,0.0,2.0856895975310086,-0.9503147557998617,-0.9503147557998617,1.0314168508961612,0.2102442417296108,-0.22941573387056177,-0.1611111423893057,0.0,0.0,0.0,0.0,0.0,0.0,0.9705172238186179,-1.103510270969965,1.2039678793453548,3,1
105.98180737458249,1004,1004009,3,-0.24198656774039348,-0.4796546693386982,0.0,18.585679703128186,-1.280400464997585,0.0,-0.18816159957334697,1.7371753675310497,1.7371753675310497,1.325300886928351,1.5253202433461606,1.798550478728255,0.0,0.0,0.5908518647539582,-0.9370434129168428,-0.9370434129168428,-1.174721568753763,0.2102442417296108,-0.22941573387056177,-0.20794896462707368,0.0,0.0,0.0,0.0,0.0,0.0,-1.228955216281889,-1.103510270969965,-1.1386833429252095,3,1
106.95287062351795,1004,1004010,3,0.12034158578424889,-0.5478454791745743,0.0,18.585679703128186,-1.280400464997585,0.0,-0.18816159957334697,1.7371753675310497,1.7371753675310497,-1.1027312723296967,1.5635910047939792,4.076828257529158,0.0,0.0,1.470185815451544,-0.9451676197651526,-0.9451676197651526,-1.1181539169678676,0.2102442417296108,-0.22941573387056177,-0.1805660810815898,0.0,0.0,0.0,0.0,0.0,0.0,-1.173034892388146,-1.103510270969965,-1.0411108327361787,3,1
113.34806359408064,1011,1011022,0,0.5227395468818328,-0.17799157783667108,0.0,-11.712368884762107,21.247785241361655,0.0,-0.056623791325879136,-0.48745613496279744,-0.48745613496279744,-1.1027312723296967,0.8378674598008198,-0.17930815251816654,0.0,0.0,-0.18010560587719013,-0.7562595272853067,-0.7562595272853067,-0.4393420955371216,0.2102442417296108,-0.22941573387056177,-0.23172107576856757,0.0,0.0,0.0,0.0,0.0,0.0,-0.48446232085570734,0.10954644866050875,-0.3985213495432918,0,0
124.2432578752599,1013,1013041,0,-0.9983904582574891,0.24049805957088566,0.0,8.966626336535008,-6.622551768963632,0.0,-0.36291050996570695,1.4322867854548724,1.4322867854548724,-1.1027312723296967,0.7375837702835649,-0.22485332736753919,0.0,0.0,-0.20144909627204358,-0.7228180260405852,-0.7228180260405852,0.6354432883948927,0.2102442417296108,-0.22941573387056177,-0.23226848848117165,0.0,0.0,0.0,0.0,0.0,0.0,0.5895179968120471,0.4561340828406441,0.6962286126010203,0,0
119.11481600621354,1009,1009034,0,-0.7437926272518629,-0.7530069180900137,0.0,14.64923024777079,8.610220672323951,0.0,-0.22640391027819448,-1.3167376214261457,-1.3167376214261457,1.325300886928351,0.933619314347713,-0.2045546445566401,0.0,0.0,-0.19316000973745726,-0.7861929897877694,-0.7861929897877694,0.2394697258936243,0.2102442417296108,-0.22941573387056177,-0.2320245162699209,0.0,0.0,0.0,0.0,0.0,0.0,0.1907163130685124,-0.2370411855196266,0.1809223778424306,0,0
121.08357264715544,1007,1007033,0,0.3087676730687641,-0.3417599789403289,0.0,-8.744406652123791,6.787743277081043,0.0,-0.36471904919391884,-0.2687837795106529,-0.2687837795106529,0.11128480729932706,-0.9896855070719838,-0.22512225915712755,0.0,0.0,-0.17422721509977665,0.7221104111036146,0.7221104111036146,0.18290207410772882,0.2102442417296108,-0.22941573387056177,-0.23227172080338654,0.0,0.0,0.0,0.0,0.0,0.0,0.22661267603657534,-0.583628819699762,0.37874319705128423,0,0
113.78615285544156,1020,1020026,0,-0.049306568168226164,-0.04056097422477464,0.0,5.181994831053066,9.975893117410907,0.0,-0.3607064661279383,-1.015626401212372,-1.015626401212372,0.11128480729932706,0.47163368064152233,-0.2245255836037462,0.0,0.0,-0.19934676881537172,-0.6219796731909971,-0.6219796731909971,-0.21307148839353965,0.2102442417296108,-0.22941573387056177,-0.23226454929105175,0.0,0.0,0.0,0.0,0.0,0.0,-0.2505736564538659,1.6691908024711177,-0.3545021067548299,0,0
103.96657841037462,1015,1015007,0,-0.26859590923552273,0.4764035320362507,0.0,10.904135631270758,11.576128422838552,0.0,-0.25184069638838796,-1.1641709918683423,-1.1641709918683423,1.325300886928351,-0.19390395395055154,-0.20833712287022454,0.0,0.0,-0.1804145407153884,-0.25252556419854827,-0.25252556419854827,-1.2878568723255541,0.2102442417296108,-0.22941573387056177,-0.23206997831328452,0.0,0.0,0.0,0.0,0.0,0.0,-1.2998952265333106,0.8027217170207794,-1.3411737047620516,0,0
100.4970442657615,1005,1005000,0,-1.0454456442564335,-0.8912313673809362,0.0,-7.753988978814018,21.08743772142768,0.0,-0.09852599186506747,-0.5688275486850495,-0.5688275486850495,0.11128480729932706,-0.2626679390523189,-0.26356477564364394,0.0,0.0,-0.22076960836443846,-0.19989314642610573,-0.19989314642610573,-1.6838304348268225,0.2102442417296108,-0.22941573387056177,-0.23273376584545316,0.0,0.0,0.0,0.0,0.0,0.0,-1.6915968161914585,-0.9302164538798973,-1.6897927633533134,0,0
106.15802272674301,1018,1018010,0,0.2704300677213672,0.21328683459787387,0.0,10.7390102939936,-2.217324012489014,0.0,-0.36715165865048555,1.6647215517221783,1.6647215517221783,1.325300886928351,-1.0927514797537938,-0.22548399088200255,0.0,0.0,-0.17037792908116714,0.9507099363405523,0.9507099363405523,-1.1181539169678676,0.2102442417296108,-0.22941573387056177,-0.23227606849873303,0.0,0.0,0.0,0.0,0.0,0.0,-1.0569999569694342,1.3226031682909825,-1.1209772107417546,0,0
134.92196811841603,1007,1007056,0,0.24934554933179262,-0.2976204479434596,0.0,-8.744406652123791,6.787743277081043,0.0,-0.36471904919391884,-0.2687837795106529,-0.2687837795106529,-1.1027312723296967,-0.13869408195921498,-0.22512225915712755,0.0,0.0,-0.19343146505190117,-0.29224340354161754,-0.29224340354161754,1.483958065183325,-5.040179524707164,-0.22941573387056177,-0.23227172080338654,0.0,0.0,0.0,0.0,0.0,0.0,1.4621341504480658,-0.583628819699762,1.7692262418989086,0,0
131.8269517578827,1004,1004052,3,0.016264404889970167,-0.7469948844231887,0.0,18.585679703128186,-1.280400464997585,0.0,-0.18816159957334697,1.7371753675310497,1.7371753675310497,0.11128480729932706,-0.7604889286474865,5.955994161280106,0.0,0.0,6.111263203370171,0.33100054168743487,0.33100054168743487,1.2576874580397432,0.2102442417296108,-0.22941573387056177,-0.15798016922138686,0.0,0.0,0.0,0.0,0.0,0.0,1.274608831004628,-1.103510270969965,1.4582387591531538,3,1
128.2151247693593,1013,1013049,0,-0.9771966477852282,0.22551881820177275,0.0,8.966626336535008,-6.622551768963632,0.0,-0.36291050996570695,1.4322867854548724,1.4322867854548724,-1.1027312723296967,-0.7868131588891161,-0.22485332736753919,0.0,0.0,-0.18062454274751408,0.3694776278973096,0.3694776278973096,1.0879845026820567,0.2102442417296108,-0.22941573387056177,-0.23226848848117165,0.0,0.0,0.0,0.0,0.0,0.0,1.1077111064024507,0.4561340828406441,1.095322104625188,0,0
128.83496662791364,1005,1005049,0,-1.157702079480818,-0.5990891219378535,0.0,-7.753988978814018,21.08743772142768,0.0,-0.09852599186506747,-0.5688275486850495,-0.5688275486850495,-1.1027312723296967,-0.2923723212140297,-0.1855390562237065,0.0,0.0,-0.16081466874513925,-0.1759843066825393,-0.1759843066825393,1.0879845026820567,0.2102442417296108,-0.22941573387056177,-0.23179596571927485,0.0,0.0,0.0,0.0,0.0,0.0,1.0743267561586793,-0.9302164538798973,1.1576038624053142,0,0
131.8894750173768,1013,1013059,0,-0.9507043846949023,0.20679476649038162,0.0,8.966626336535008,-6.622551768963632,0.0,-0.36291050996570695,1.4322867854548724,1.4322867854548724,-1.1027312723296967,-1.639003930997851,-0.22485332736753919,0.0,0.0,-0.11976206235749148,2.1046020134003918,2.1046020134003918,1.6536610205410116,-0.2670670097646414,-0.22941573387056177,-0.23226848848117165,0.0,0.0,0.0,0.0,0.0,0.0,1.778082898132881,0.4561340828406441,1.4645211010919794,0,0
108.77592808517025,1014,1014013,0,0.12704495091963228,0.4376866742590797,0.0,-8.136546240266938,20.588589061973188,0.0,-0.10622813487034453,-0.555931766616366,-0.555931766616366,-1.1027312723296967,1.5170792093940577,-0.186684373433175,0.0,0.0,-0.19044342546855667,-0.9352721029175202,-0.9352721029175202,-0.948450961610181,0.2102442417296108,-0.22941573387056177,-0.2318097314189895,0.0,0.0,0.0,0.0,0.0,0.0,-1.0031765800340136,0.6294278999307118,-0.8579298783058057,0,0
112.16454633646791,1006,1006020,0,0.3499862529344519,-0.7758543214228137,0.0,-1.5496980895381303,-23.93157344232101,0.0,-0.06317160540549178,0.8952833310040319,0.8952833310040319,1.325300886928351,0.830553156518523,-0.18028181973580326,0.0,0.0,-0.18047854425789206,-0.7538952314421729,-0.7538952314421729,-0.5524773991089126,0.2102442417296108,-0.22941573387056177,-0.2317327783872213,0.0,0.0,0.0,0.0,0.0,0.0,-0.5971527295959967,-0.7569226367898296,-0.5174412549190814,0,0
108.5529134036296,1003,1003016,16,0.540179019063397,-0.9901218484678962,0.0,17.146246693248383,-17.401030956562966,0.0,-0.05271875687869985,1.3481221050231313,1.3481221050231313,-1.1027312723296967,-0.017653801940742585,-0.17872746956371346,0.0,0.0,-0.1637825997685891,-0.37229063043785826,-0.37229063043785826,-0.7787480062524946,0.2102442417296108,-0.22941573387056177,-0.23171409647312494,0.0,0.0,0.0,0.0,0.0,0.0,-0.799467298277308,-1.2768040880600326,-0.8803384107168334,0,0
113.5653947871988,1001,1001019,1,3.6038708037597713,3.5344370345646494,0.0,-5.958580837432313,10.181873359807902,0.0,-0.34772753564590486,-0.4736501414509813,-0.4736501414509813,-1.1027312723296967,0.6579765309507551,-0.26356477564364394,0.0,0.0,-0.22076960836443846,-0.6946011979646203,-0.6946011979646203,-0.6090450508948081,0.2102442417296108,4.358898943540674,4.358585241966482,0.0,0.0,0.0,0.0,0.0,0.0,-0.6499412649893753,-1.623391722240168,-0.3766838944875452,1,1
112.66189891536577,1007,1007019,0,0.34493766143039895,-0.3686275195471189,0.0,-8.744406652123791,6.787743277081043,0.0,-0.36471904919391884,-0.2687837795106529,-0.2687837795106529,1.325300886928351,0.025233688394377285,-0.22512225915712755,0.0,0.0,-0.19544439688066204,-0.3985649252992794,-0.3985649252992794,-0.6090450508948081,0.2102442417296108,-0.22941573387056177,-0.23227172080338654,0.0,0.0,0.0,0.0,0.0,0.0,-0.6318227163153364,-0.583628819699762,-0.4674672294112153,0,0
125.96099755139934,1010,1010049,0,-0.9492879123216971,0.02583772043238145,0.0,-3.330296274990087,9.95568497806392,0.0,-0.3780720260386732,-0.5847070204353849,-0.5847070204353849,1.325300886928351,-0.8661788223061676,-0.22710786162743654,0.0,0.0,-0.180714830622678,0.494667731779843,0.494667731779843,1.0879845026820567,0.2102442417296108,-0.22941573387056177,-0.23229558598862335,0.0,0.0,0.0,0.0,0.0,0.0,1.115373218110187,-0.06374736842955891,0.868827227815792,0,0
112.82792475228648,1001,1001018,1,3.6038708037597713,3.5344370345646494,0.0,-5.958580837432313,10.181873359807902,0.0,-0.34772753564590486,-0.4736501414509813,-0.4736501414509813,-1.1027312723296967,1.446388487442351,-0.26356477564364394,0.0,0.0,-0.22076960836443846,-0.9197491921893718,-0.9197491921893718,-0.6656127026807036,0.2102442417296108,4.358898943540674,4.358585241966482,0.0,0.0,0.0,0.0,0.0,0.0,-0.7201387370561747,-1.623391722240168,-0.450784940505372,1,1
131.02758220589675,1013,1013056,0,-0.9586520636220001,0.21241198200379893,0.0,8.966626336535008,-6.622551768963632,0.0,-0.36291050996570695,1.4322867854548724,1.4322867854548724,0.11128480729932706,0.3783584916505101,-0.22485332736753919,0.0,0.0,-0.1987584595728397,-0.5816879523799734,-0.5816879523799734,1.483958065183325,0.2102442417296108,-0.22941573387056177,-0.23226848848117165,0.0,0.0,0.0,0.0,0.0,0.0,1.444419040406495,0.4561340828406441,1.3779180448830428,0,0
119.08637436535938,1010,1010036,0,-0.9364965673601952,-0.0107545172595538,0.0,-3.330296274990087,9.95568497806392,0.0,-0.3780720260386732,-0.5847070204353849,-0.5847070204353849,-1.1027312723296967,-0.3425022139546063,-0.22710786162743654,0.0,0.0,-0.1920005545809486,-0.13390197336951376,-0.13390197336951376,0.3526050294654153,0.2102442417296108,-0.22941573387056177,-0.23229558598862335,0.0,0.0,0.0,0.0,0.0,0.0,0.3434741231212586,-0.06374736842955891,0.17806455957459028,0,0
108.37398624216121,1015,1015013,0,-0.24926588125794216,0.49604116128569636,0.0,10.904135631270758,11.576128422838552,0.0,-0.25184069638838796,-1.1641709918683423,-1.1641709918683423,1.325300886928351,0.33213625098196653,-0.20833712287022454,0.0,0.0,-0.18879445102357137,-0.560622025950245,-0.560622025950245,-0.948450961610181,0.2102442417296108,-0.22941573387056177,-0.23206997831328452,0.0,0.0,0.0,0.0,0.0,0.0,-0.9802465667820979,0.8027217170207794,-0.8983170257088106,0,0
106.22714646302569,1017,1017013,0,-0.780230558201506,0.6348887931381928,0.0,4.783669788272565,13.354964151385625,0.0,-0.2919440134913492,-0.9430101894797384,-0.9430101894797384,-1.1027312723296967,0.9058768810345224,-0.2143005306131605,0.0,0.0,-0.19751409294235345,-0.7777101282877824,-0.7777101282877824,-0.948450961610181,0.2102442417296108,-0.22941573387056177,-0.2321416531991472,0.0,0.0,0.0,0.0,0.0,0.0,-0.9935331864025383,1.1493093512009147,-1.1140316523858604,0,0
127.93672801217524,1003,1003050,16,0.712420587812421,-1.1573958193507008,0.0,17.146246693248383,-17.401030956562966,0.0,-0.05271875687869985,1.3481221050231313,1.3481221050231313,-1.1027312723296967,1.6494680661540349,-0.17872746956371346,0.0,0.0,-0.18845532479667607,-0.9628100379647067,-0.9628100379647067,1.1445521544679522,0.2102442417296108,-0.22941573387056177,-0.23171409647312494,0.0,0.0,0.0,0.0,0.0,0.0,1.0825875775665466,-1.2768040880600326,1.067348776979729,0,0
108.16936305083071,1005,1005015,0,-1.079809859121041,-0.8018000677555027,0.0,-7.753988978814018,21.08743772142768,0.0,-0.09852599186506747,-0.5688275486850495,-0.5688275486850495,-1.1027312723296967,1.1539693839190093,-0.1855390562237065,0.0,0.0,-0.18666064245825278,-0.8485876826206339,-0.8485876826206339,-0.83531565803839,0.2102442417296108,-0.22941573387056177,-0.23179596571927485,0.0,0.0,0.0,0.0,0.0,0.0,-0.885036050323016,-0.9302164538798973,-0.9188775797642693,0,0
125.69952842823088,1013,1013044,0,-0.9904427793303913,0.2348808440574683,0.0,8.966626336535008,-6.622551768963632,0.0,-0.36291050996570695,1.4322867854548724,1.4322867854548724,0.11128480729932706,-0.36160733623456737,-0.22485332736753919,0.0,0.0,-0.18990417199105727,-0.11726023569903606,-0.11726023569903606,0.8051462437525793,0.2102442417296108,-0.22941573387056177,-0.23226848848117165,0.0,0.0,0.0,0.0,0.0,0.0,0.7958331115654883,0.4561340828406441,0.8425547901425096,0,0
101.83220897010861,1012,1012002,0,-0.4745559009960543,-0.9888722572678119,0.0,-0.06649188858177275,-15.18284542853341,0.0,-0.2686569264893571,0.927679299170554,0.927679299170554,0.11128480729932706,1.4172101976659228,-0.21083771494179077,0.0,0.0,-0.1993968709340763,-0.9131651127661198,-0.9131651127661198,-1.5706951312550315,0.2102442417296108,-0.22941573387056177,-0.23210003321797068,0.0,0.0,0.0,0.0,0.0,0.0,-1.6224166675779965,0.2828402657505764,-1.5556353108271697,0,0
107.3335027325205,1007,1007010,0,0.36818979680573566,-0.38589950993719824,0.0,-8.744406652123791,6.787743277081043,0.0,-0.36471904919391884,-0.2687837795106529,-0.2687837795106529,-1.1027312723296967,-0.5099314102438417,-0.22512225915712755,0.0,0.0,-0.18743036559526197,0.024730086237086328,0.024730086237086328,-1.1181539169678676,0.2102442417296108,-0.22941573387056177,-0.23227172080338654,0.0,0.0,0.0,0.0,0.0,0.0,-1.1136734545588498,-0.583628819699762,-1.0028648890505973,0,0
132.42785705645662,1008,1008058,0,-0.6368373602315102,0.06566057546683922,0.0,-9.085401407639898,-18.474491846838987,0.0,-0.14243628509563758,0.6844255480753929,0.6844255480753929,-1.1027312723296967,1.0644981798528368,-0.1920685655401895,0.0,0.0,-0.18865870580724572,-0.824268234307065,-0.824268234307065,1.597093368755116,-0.2670670097646414,-0.22941573387056177,-0.23187444464528034,0.0,0.0,0.0,0.0,0.0,0.0,1.542407314854395,-0.41033500260969424,1.5186177699251304,0,0
112.62770857151015,1005,1005022,0,-1.0958464927245244,-0.7600654612636337,0.0,-7.753988978814018,21.08743772142768,0.0,-0.09852599186506747,-0.5688275486850495,-0.5688275486850495,-1.1027312723296967,1.1825859739027662,-0.1855390562237065,0.0,0.0,-0.18694910864948774,-0.8560945901267027,-0.8560945901267027,-0.4393420955371216,0.2102442417296108,-0.22941573387056177,-0.23179596571927485,0.0,0.0,0.0,0.0,0.0,0.0,-0.4905726073729019,-0.9302164538798973,-0.4709026778002625,0,0
122.81113584937539,1013,1013039,0,-1.0036889108755542,0.24424286991316388,0.0,8.966626336535008,-6.622551768963632,0.0,-0.36291050996570695,1.4322867854548724,1.4322867854548724,-1.1027312723296967,0.2748053844114199,-0.22485332736753919,0.0,0.0,-0.19783786205080742,-0.5334004982860672,-0.5334004982860672,0.5223079848231018,0.2102442417296108,-0.22941573387056177,-0.23226848848117165,0.0,0.0,0.0,0.0,0.0,0.0,0.48827595909909477,0.4561340828406441,0.5523288809246975,0,0
101.77558549706646,1016,1016002,0,-0.7498582809470647,0.09333852971477376,0.0,-13.28709936806187,3.646546868613464,0.0,-0.3014597953260249,-0.05800679269001393,-0.05800679269001393,0.11128480729932706,-1.764607138279762,-0.21571553792857157,0.0,0.0,-0.05999395135341462,2.1046020134003918,2.1046020134003918,-1.5706951312550315,0.2102442417296108,-0.22941573387056177,-0.23215866033536844,0.0,0.0,0.0,0.0,0.0,0.0,-1.4377178127043118,0.9760155341108472,-1.5613248417680228,0,0
134.7649865497979,1014,1014056,0,0.023673993228276687,0.6879916661642813,0.0,-8.136546240266938,20.588589061973188,0.0,-0.10622813487034453,-0.555931766616366,-0.555931766616366,1.325300886928351,-1.381845983095261,-0.18668437343317387,0.0,0.0,-0.08313591024479208,1.898849092736826,1.898849092736826,1.483958065183325,-5.040179524707164,-0.22941573387056177,-0.2318097314189895,0.0,0.0,0.0,0.0,0.0,0.0,1.5962373658605271,0.6294278999307118,1.7534527217700453,0,0
102.79781955009335,1015,1015004,0,-0.27826092322431306,0.4665847174115278,0.0,10.904135631270758,11.576128422838552,0.0,-0.25184069638838796,-1.1641709918683423,-1.1641709918683423,0.11128480729932706,-1.5191642902328533,-0.20833712287022454,0.0,0.0,-0.10199061281604158,2.1046020134003918,2.1046020134003918,-1.4575598276832404,0.2102442417296108,-0.22941573387056177,-0.23206997831328452,0.0,0.0,0.0,0.0,0.0,0.0,-1.3248827000433576,0.8027217170207794,-1.4586106852350849,0,0
123.48525403547546,1013,1013040,0,-1.0010396845665217,0.24237046474202475,0.0,8.966626336535008,-6.622551768963632,0.0,-0.36291050996570695,1.4322867854548724,1.4322867854548724,0.11128480729932706,0.41236857753044204,-0.22485332736753919,0.0,0.0,-0.1990448979878178,-0.5967123050237376,-0.5967123050237376,0.5788756366089973,0.2102442417296108,-0.22941573387056177,-0.23226848848117165,0.0,0.0,0.0,0.0,0.0,0.0,0.5408185914491761,0.4561340828406441,0.6200643282850699,0,0
121.94876706411081,1014,1014035,0,0.07415748419382297,0.5657496933733689,0.0,-8.136546240266938,20.588589061973188,0.0,-0.10622813487034453,-0.555931766616366,-0.555931766616366,-1.1027312723296967,1.2911963203565804,-0.18668437343317387,0.0,0.0,-0.1884819242591458,-0.8834664848179918,-0.8834664848179918,0.2960373776795198,0.2102442417296108,-0.22941573387056177,-0.2318097314189895,0.0,0.0,0.0,0.0,0.0,0.0,0.24118036059910186,0.6294278999307118,0.4656779988331621,0,0
116.08362646877727,1001,1001024,1,3.6038708037597713,3.5344370345646494,0.0,-5.958580837432313,10.181873359807902,0.0,-0.34772753564590486,-0.4736501414509813,-0.4736501414509813,-1.1027312723296967,0.8914952479511821,-0.26356477564364394,0.0,0.0,-0.22076960836443846,-0.7732527285407983,-0.7732527285407983,-0.32620679196533064,0.2102442417296108,4.358898943540674,4.358585241966482,0.0,0.0,0.0,0.0,0.0,0.0,-0.3726672569067008,-1.623391722240168,-0.12365178079307995,1,1
126.10944339827661,1004,1004044,3,0.29935611685126906,-0.44851976564166973,0.0,18.585679703128186,-1.280400464997585,0.0,-0.18816159957334697,1.7371753675310497,1.7371753675310497,-1.1027312723296967,-0.7472856234390514,1.4504955764642053,0.0,0.0,1.5084394365332852,0.31222649926674345,0.31222649926674345,0.8051462437525793,0.2102442417296108,-0.22941573387056177,-0.21213227666426848,0.0,0.0,0.0,0.0,0.0,0.0,0.8221193373792027,-1.103510270969965,0.8837430779654396,3,1
119.01266075207208,1020,1020037,0,-0.03246511166397124,-0.009535463269857438,0.0,5.181994831053066,9.975893117410907,0.0,-0.3607064661279383,-1.015626401212372,-1.015626401212372,-1.1027312723296967,-1.7921222995436974,-0.2245255836037462,0.0,0.0,-0.08077128169512328,2.1046020134003918,2.1046020134003918,0.4091726812513108,0.2102442417296108,-0.22941573387056177,-0.23226454929105175,0.0,0.0,0.0,0.0,0.0,0.0,0.5368966588623855,1.6691908024711177,0.17065781002307576,0,0
107.0771940890187,1010,1010014,0,-0.9148496758868842,-0.0726798425843673,0.0,-3.330296274990087,9.95568497806392,0.0,-0.3780720260386732,-0.5847070204353849,-0.5847070204353849,-1.1027312723296967,-1.7873139879610516,-0.22710786162743654,0.0,0.0,-0.09155075235128528,2.1046020134003918,2.1046020134003918,-0.8918833098242855,0.2102442417296108,-0.22941573387056177,-0.23229558598862335,0.0,0.0,0.0,0.0,0.0,0.0,-0.760707136738587,-0.06374736842955891,-1.0286188013287436,0,0
112.08763788219967,1007,1007018,0,0.3475212320276586,-0.3705466295904611,0.0,-8.744406652123791,6.787743277081043,0.0,-0.36471904919391884,-0.2687837795106529,-0.2687837795106529,0.11128480729932706,-0.021580055022601293,-0.22512225915712755,0.0,0.0,-0.1949004414297823,-0.3698336138462172,-0.3698336138462172,-0.6656127026807036,0.2102442417296108,-0.22941573387056177,-0.23227172080338654,0.0,0.0,0.0,0.0,0.0,0.0,-0.686481806832336,-0.583628819699762,-0.5251690223389034,0,0
105.55015759238695,1018,1018008,0,0.26408429897043856,0.2145406500732111,0.0,10.7390102939936,-2.217324012489014,0.0,-0.36715165865048555,1.6647215517221783,1.6647215517221783,-1.1027312723296967,-0.7017090533547786,-0.22548399088200255,0.0,0.0,-0.18352002176615606,0.24996081436977396,0.24996081436977396,-1.2312892205396586,0.2102442417296108,-0.22941573387056177,-0.23227606849873303,0.0,0.0,0.0,0.0,0.0,0.0,-1.2127235878528513,1.3226031682909825,-1.1820555463502056,0,0
121.15203469288693,1006,1006034,0,0.34357614827068417,-0.8705813160952511,0.0,-1.5496980895381303,-23.93157344232101,0.0,-0.06317160540549178,0.8952833310040319,0.8952833310040319,-1.1027312723296967,0.24491879591114935,-0.18028181973580326,0.0,0.0,-0.1708319619465537,-0.518703922237431,-0.518703922237431,0.2394697258936243,0.2102442417296108,-0.22941573387056177,-0.2317327783872213,0.0,0.0,0.0,0.0,0.0,0.0,0.20708766393896075,-0.7569226367898296,0.38562226868953337,0,0
131.62224393044494,1018,1018056,0,0.4163827489927258,0.18444907866511223,0.0,10.7390102939936,-2.217324012489014,0.0,-0.36715165865048555,1.6647215517221783,1.6647215517221783,-1.1027312723296967,1.1945139543462326,-0.2254839908820019,0.0,0.0,-0.20432135167802207,-0.8591862614391139,-0.8591862614391139,1.483958065183325,0.2102442417296108,-0.22941573387056177,-0.23227606849873303,0.0,0.0,0.0,0.0,0.0,0.0,1.4274350857904494,1.3226031682909825,1.437669700855105,0,0
113.97038007969593,1002,1002023,4,0.24977394474077735,0.7761992994131759,0.0,150.0,150.0,0.0,4.330898892721817,-1.1802296948739384,-1.1802296948739384,-1.1027312723296967,0.8128259745943957,-0.22282282213147617,0.0,0.0,-0.20094332185756447,-0.7481174380061058,-0.7481174380061058,-0.3827744437512261,0.2102442417296108,-0.22941573387056177,-0.23224408360441126,0.0,0.0,0.0,0.0,0.0,0.0,-0.42754643761554006,-1.4500979051501004,-0.33599094104511706,4,1
117.61093413071892,1017,1017034,0,-0.750550108609363,0.7141820929123137,0.0,4.783669788272565,13.354964151385625,0.0,-0.2919440134913492,-0.9430101894797384,-0.9430101894797384,1.325300886928351,0.3352888068022352,-0.2143005306131605,0.0,0.0,-0.1922825369150289,-0.5620832103835678,-0.5620832103835678,0.2394697258936243,0.2102442417296108,-0.22941573387056177,-0.2321416531991472,0.0,0.0,0.0,0.0,0.0,0.0,0.20443268609910203,1.1493093512009147,0.029812210939646092,0,0
107.55598079983827,1004,1004011,3,0.201473209416566,-0.24742268096875406,0.0,18.585679703128186,-1.280400464997585,0.0,-0.18816159957334697,1.7371753675310497,1.7371753675310497,1.325300886928351,0.1370785538699929,3.5477361270930463,0.0,0.0,2.1699420572521966,-0.46255040938123676,-0.46255040938123676,-1.061586265181972,0.2102442417296108,-0.22941573387056177,-0.18692530045658162,0.0,0.0,0.0,0.0,0.0,0.0,-1.0870793225617519,-1.103510270969965,-0.9805102756780947,3,1
132.1737518453323,1003,1003056,16,0.7428161587681311,-1.1869147553888426,0.0,17.146246693248383,-17.401030956562966,0.0,-0.05271875687869985,1.3481221050231313,1.3481221050231313,0.11128480729932706,0.9456989751023248,-0.17872746956371346,0.0,0.0,-0.1812283898039146,-0.7898398708955096,-0.7898398708955096,1.483958065183325,-0.2670670097646414,-0.22941573387056177,-0.23171409647312494,0.0,0.0,0.0,0.0,0.0,0.0,1.4316793493096482,-1.2768040880600326,1.4930852587023105,0,0
116.10769838732335,1011,1011027,0,0.5054372111838579,-0.14795446801170384,0.0,-11.712368884762107,21.247785241361655,0.0,-0.056623791325879136,-0.48745613496279744,-0.48745613496279744,0.11128480729932706,-1.2705223027681585,-0.17930815251816654,0.0,0.0,-0.08797518298039904,1.4639959062473926,1.4639959062473926,-0.15650383660764414,0.2102442417296108,-0.22941573387056177,-0.23172107576856757,0.0,0.0,0.0,0.0,0.0,0.0,-0.06648644083256024,0.10954644866050875,-0.1212330325599631,0,0
129.90900717393598,1019,1019058,0,0.3388901628421835,-0.7472165977652727,0.0,-17.376302103923766,9.800501167249662,0.0,-0.15733784321247446,-0.19003518656051338,-0.19003518656051338,0.11128480729932706,1.2081688040774219,-0.19428444376362033,0.0,0.0,-0.19096516497863283,-0.8626989701726824,-0.8626989701726824,1.597093368755116,0.2102442417296108,-0.22941573387056177,-0.23190107754136866,0.0,0.0,0.0,0.0,0.0,0.0,1.5400552072829434,1.4958969853810502,1.26552353935229,0,0
101.51332711459666,1001,1001001,1,3.6038708037597713,3.5344370345646494,0.0,-5.958580837432313,10.181873359807902,0.0,-0.34772753564590486,-0.4736501414509813,-0.4736501414509813,-1.1027312723296967,0.3916942068128576,-0.26356477564364394,0.0,0.0,-0.22076960836443846,-0.5876261352914969,-0.5876261352914969,-1.627262783040927,0.2102442417296108,4.358898943540674,4.358585241966482,0.0,0.0,0.0,0.0,0.0,0.0,-1.658909997206232,-1.623391722240168,-1.5876765842768092,1,1
107.80928619509153,1017,1017016,0,-0.775990493974057,0.6462164073916387,0.0,4.783669788272565,13.354964151385625,0.0,-0.2919440134913492,-0.9430101894797384,-0.9430101894797384,0.11128480729932706,0.648607755973905,-0.2143005306131605,0.0,0.0,-0.19541461373408658,-0.6911767472978665,-0.6911767472978665,-0.7787480062524946,0.2102442417296108,-0.22941573387056177,-0.2321416531991472,0.0,0.0,0.0,0.0,0.0,0.0,-0.8189843445425636,1.1493093512009147,-0.9550581300157187,0,0
103.78447067147891,1011,1011004,0,0.5850279553945427,-0.2861251732065532,0.0,-11.712368884762107,21.247785241361655,0.0,-0.056623791325879136,-0.48745613496279744,-0.48745613496279744,0.11128480729932706,0.7479158354044239,-0.17930815251816654,0.0,0.0,-0.17886526701517486,-0.7263685421880581,-0.7263685421880581,-1.4575598276832404,0.2102442417296108,-0.22941573387056177,-0.23172107576856757,0.0,0.0,0.0,0.0,0.0,0.0,-1.4981488925419548,0.10954644866050875,-1.3594719044193675,0,0
132.00160465681793,1011,1011059,0,0.394702262716818,0.04428303486808655,0.0,-11.712368884762107,21.247785241361655,0.0,-0.056623791325879136,-0.48745613496279744,-0.48745613496279744,1.325300886928351,-1.1964239904211484,-0.17930815251816654,0.0,0.0,-0.09776911766268555,1.2279714095578371,1.2279714095578371,1.6536610205410116,-0.2670670097646414,-0.22941573387056177,-0.23172107576856757,0.0,0.0,0.0,0.0,0.0,0.0,1.724429762583411,0.10954644866050875,1.4757878959159572,0,0
109.13837051168187,1005,1005016,0,-1.0821008067786815,-0.7958379811138071,0.0,-7.753988978814018,21.08743772142768,0.0,-0.09852599186506747,-0.5688275486850495,-0.5688275486850495,1.325300886928351,1.555620946879038,-0.1855390562237065,0.0,0.0,-0.1903074073120785,-0.9434893636004874,-0.9434893636004874,-0.7787480062524946,0.2102442417296108,-0.22941573387056177,-0.23179596571927485,0.0,0.0,0.0,0.0,0.0,0.0,-0.834426838728812,-0.9302164538798973,-0.8215116353205927,0,0
124.36398579642902,1009,1009044,0,-0.7005108792198969,-0.7286630967444987,0.0,14.64923024777079,8.610220672323951,0.0,-0.22640391027819448,-1.3167376214261457,-1.3167376214261457,-1.1027312723296967,-1.2939818927489826,-0.2045546445566401,0.0,0.0,-0.12536023570146027,1.546757881459225,1.546757881459225,0.8051462437525793,0.2102442417296108,-0.22941573387056177,-0.2320245162699209,0.0,0.0,0.0,0.0,0.0,0.0,0.8976773652400966,-0.2370411855196266,0.7083593634365484,0,0
103.88457553889793,1002,1002005,4,0.2697471318443917,0.7196360045805998,0.0,150.0,150.0,0.0,4.330898892721817,-1.1802296948739384,-1.1802296948739384,0.11128480729932706,1.3256739809498066,-0.22282282213147617,0.0,0.0,-0.20382636418266215,-0.8918029882602495,-0.8918029882602495,-1.400992175897345,0.2102442417296108,-0.22941573387056177,-0.23224408360441126,0.0,0.0,0.0,0.0,0.0,0.0,-1.451856555112981,-1.4500979051501004,-1.3494133596161102,4,1
125.75668040517009,1017,1017046,0,-0.733589851699567,0.759492549926097,0.0,4.783669788272565,13.354964151385625,0.0,-0.2919440134913492,-0.9430101894797384,-0.9430101894797384,0.11128480729932706,0.10627315861903519,-0.2143005306131605,0.0,0.0,-0.18945509962267323,-0.44554587699102466,-0.44554587699102466,0.9182815473243703,0.2102442417296108,-0.22941573387056177,-0.2321416531991472,0.0,0.0,0.0,0.0,0.0,0.0,0.8885758912255435,1.1493093512009147,0.8482974251957232,0,0
136.391671888637,1004,1004059,3,0.5435134071277847,-0.5229382858161965,0.0,18.585679703128186,-1.280400464997585,0.0,-0.18816159957334697,1.7371753675310497,1.7371753675310497,1.325300886928351,0.11527476797394444,5.7840524595976435,0.0,0.0,3.608421892920452,-0.4505615232295021,-0.4505615232295021,1.6536610205410116,-6.949424530684173,-0.22941573387056177,-0.1600467563766464,0.0,0.0,0.0,0.0,0.0,0.0,1.6216971468472812,-1.103510270969965,1.9169021901463057,3,1
118.74408103666272,1001,1001032,1,3.6038708037597713,3.5344370345646494,0.0,-5.958580837432313,10.181873359807902,0.0,-0.34772753564590486,-0.4736501414509813,-0.4736501414509813,-1.1027312723296967,-0.48383448353789293,-0.26356477564364394,0.0,0.0,-0.22076960836443846,-0.0020305776588353955,-0.0020305776588353955,0.1263344223218333,0.2102442417296108,4.358898943540674,4.358585241966482,0.0,0.0,0.0,0.0,0.0,0.0,0.12587493004274847,-1.623391722240168,0.14367089949271103,1,1
110.58392244399869,1014,1014016,0,0.11983302363884075,0.45514981322921005,0.0,-8.136546240266938,20.588589061973188,0.0,-0.10622813487034453,-0.555931766616366,-0.555931766616366,1.325300886928351,0.6881881434561657,-0.186684373433175,0.0,0.0,-0.18174335760172278,-0.7054927934850986,-0.7054927934850986,-0.7787480062524946,0.2102442417296108,-0.22941573387056177,-0.2318097314189895,0.0,0.0,0.0,0.0,0.0,0.0,-0.8198605411563361,0.6294278999307118,-0.6762624656095788,0,0
127.85032221822179,1013,1013048,0,-0.9798458740942608,0.22739122337291184,0.0,8.966626336535008,-6.622551768963632,0.0,-0.36291050996570695,1.4322867854548724,1.4322867854548724,0.11128480729932706,0.6400187518128938,-0.22485332736753919,0.0,0.0,-0.20078562574370007,-0.6880174732329669,-0.6880174732329669,1.0314168508961612,0.2102442417296108,-0.22941573387056177,-0.23226848848117165,0.0,0.0,0.0,0.0,0.0,0.0,0.9865708176517928,0.4561340828406441,1.0586667161354366,0,0
102.66037821809695,1019,1019005,0,0.6109868258303243,-0.8940749409524908,0.0,-17.376302103923766,9.800501167249662,0.0,-0.15733784321247446,-0.19003518656051338,-0.19003518656051338,-1.1027312723296967,-0.7583402974851704,-0.19428444376362033,0.0,0.0,-0.15034145875581945,0.3279219511373501,0.3279219511373501,-1.400992175897345,0.2102442417296108,-0.22941573387056177,-0.23190107754136866,0.0,0.0,0.0,0.0,0.0,0.0,-1.3772047380081311,1.4958969853810502,-1.4724208008802953,0,0
117.90115183716173,1003,1003033,16,0.626299803437909,-1.0737588339092985,0.0,17.146246693248383,-17.401030956562966,0.0,-0.05271875687869985,1.3481221050231313,1.3481221050231313,0.11128480729932706,1.4591842095667042,-0.17872746956371346,0.0,0.0,-0.18677543684074815,-0.9226034357626082,-0.9226034357626082,0.18290207410772882,0.2102442417296108,-0.22941573387056177,-0.23171409647312494,0.0,0.0,0.0,0.0,0.0,0.0,0.12594991731106225,-1.2768040880600326,0.05897330847883517,0,0
128.23899094003593,1008,1008052,0,-0.6207314469032138,0.09700051989457588,0.0,-9.085401407639898,-18.474491846838987,0.0,-0.14243628509563758,0.6844255480753929,0.6844255480753929,-1.1027312723296967,-1.6226172411076618,-0.1920685655401895,0.0,0.0,-0.039503003954398035,2.1046020134003918,2.1046020134003918,1.2576874580397432,0.2102442417296108,-0.22941573387056177,-0.23187444464528034,0.0,0.0,0.0,0.0,0.0,0.0,1.383160003819541,-0.41033500260969424,1.0977201792965043,0,0
112.24799361792086,1011,1011020,0,0.5296604811610228,-0.19000642176665797,0.0,-11.712368884762107,21.247785241361655,0.0,-0.056623791325879136,-0.48745613496279744,-0.48745613496279744,-1.1027312723296967,-1.3320902420590173,-0.17930815251816654,0.0,0.0,-0.07856703555061989,1.690723297630846,1.690723297630846,-0.5524773991089126,0.2102442417296108,-0.22941573387056177,-0.23172107576856757,0.0,0.0,0.0,0.0,0.0,0.0,-0.4475327542812202,0.10954644866050875,-0.5090564656391446,0,0
102.5693469307555,1017,1017005,0,-0.79153739614137,0.6046818217956705,0.0,4.783669788272565,13.354964151385625,0.0,-0.2919440134913492,-0.9430101894797384,-0.9430101894797384,1.325300886928351,-1.2614784854728969,-0.2143005306131605,0.0,0.0,-0.14387296812054406,1.4331943058480718,1.4331943058480718,-1.400992175897345,0.2102442417296108,-0.22941573387056177,-0.2321416531991472,0.0,0.0,0.0,0.0,0.0,0.0,-1.3095578554940601,1.1493093512009147,-1.481567631657159,0,0
135.14425778533735,1004,1004057,3,0.3839331185606044,-0.6962118953702708,0.0,18.585679703128186,-1.280400464997585,0.0,-0.18816159957334697,1.7371753675310497,1.7371753675310497,1.325300886928351,0.4068938977485664,3.603897984488422,0.0,0.0,1.9541911438213841,-0.5943202632717816,-0.5943202632717816,1.5405257169692206,-5.517490776201416,-0.22941573387056177,-0.18625028461125082,0.0,0.0,0.0,0.0,0.0,0.0,1.5000634511433657,-1.103510270969965,1.791561924785037,3,1
132.9437568508685,1018,1018059,0,0.4259014021191188,0.1825683554521056,0.0,10.7390102939936,-2.217324012489014,0.0,-0.36715165865048555,1.6647215517221783,1.6647215517221783,0.11128480729932706,-1.2254155032290297,-0.2254839908820019,0.0,0.0,-0.16352624200906557,1.3160485330830005,1.3160485330830005,1.6536610205410116,-1.699000764247398,-0.22941573387056177,-0.23227606849873303,0.0,0.0,0.0,0.0,0.0,0.0,1.729820418381405,1.3226031682909825,1.570455421079117,0,0
105.41785825008837,1009,1009007,0,-0.8606533469381713,-0.8187352357229043,0.0,14.64923024777079,8.610220672323951,0.0,-0.22640391027819448,-1.3167376214261457,-1.3167376214261457,1.325300886928351,-0.5179781960662311,-0.2045546445566401,0.0,0.0,-0.16934845122760345,0.03314891748493586,0.03314891748493586,-1.2878568723255541,0.2102442417296108,-0.22941573387056177,-0.2320245162699209,0.0,0.0,0.0,0.0,0.0,0.0,-1.2824108589768917,-0.2370411855196266,-1.1953489944737772,0,0
105.20457641548684,1006,1006007,0,0.3559384929793791,-0.6878935406555504,0.0,-1.5496980895381303,-23.93157344232101,0.0,-0.06317160540549178,0.8952833310040319,0.8952833310040319,-1.1027312723296967,1.5308920987067145,-0.18028181973580326,0.0,0.0,-0.18803946998280802,-0.9382365828814981,-0.9382365828814981,-1.2878568723255541,0.2102442417296108,-0.22941573387056177,-0.2317327783872213,0.0,0.0,0.0,0.0,0.0,0.0,-1.3418633554942396,-0.7569226367898296,-1.2167795696732882,0,0
122.17250056393567,1013,1013038,0,-1.0063381371845868,0.24611527508430298,0.0,8.966626336535008,-6.622551768963632,0.0,-0.36291050996570695,1.4322867854548724,1.4322867854548724,0.11128480729932706,-0.537482999278415,-0.22485332736753919,0.0,0.0,-0.18664113614516967,0.05389348766450583,0.05389348766450583,0.4657403330372063,0.2102442417296108,-0.22941573387056177,-0.23226848848117165,0.0,0.0,0.0,0.0,0.0,0.0,0.4678030340619759,0.4561340828406441,0.48815875816085796,0,0
133.58755585439084,1005,1005056,0,-1.1737387130843016,-0.5573545154459846,0.0,-7.753988978814018,21.08743772142768,0.0,-0.09852599186506747,-0.5688275486850495,-0.5688275486850495,-1.1027312723296967,1.2446226684477093,-0.1855390562237065,0.0,0.0,-0.18755800996686892,-0.87194034955638,-0.87194034955638,1.483958065183325,-3.1309345187301547,-0.22941573387056177,-0.23179596571927485,0.0,0.0,0.0,0.0,0.0,0.0,1.4266544869663085,-0.9302164538798973,1.6351443946343764,0,0
126.63807056432232,1017,1017047,0,-0.732176496957084,0.7632684213439124,0.0,4.783669788272565,13.354964151385625,0.0,-0.2919440134913492,-0.9430101894797384,-0.9430101894797384,-1.1027312723296967,1.2159385767834117,-0.2143005306131605,0.0,0.0,-0.1996242887569397,-0.8646852112835585,-0.8646852112835585,0.9748491991102657,0.2102442417296108,-0.22941573387056177,-0.2321416531991472,0.0,0.0,0.0,0.0,0.0,0.0,0.9193405221181686,1.1493093512009147,0.9368595764033506,0,0
113.09674789299793,1020,1020025,0,-0.050837609668612976,-0.04338147522067621,0.0,5.181994831053066,9.975893117410907,0.0,-0.3607064661279383,-1.015626401212372,-1.015626401212372,0.11128480729932706,-1.362869744840498,-0.2245255836037462,0.0,0.0,-0.15246258862698045,1.8165577881384853,1.8165577881384853,-0.26963914017943513,0.2102442417296108,-0.22941573387056177,-0.23226454929105175,0.0,0.0,0.0,0.0,0.0,0.0,-0.1577434220025947,1.6691908024711177,-0.42377357058186854,0,0
123.21140525566324,1002,1002038,4,0.2331296221544321,0.8233353784403226,0.0,150.0,150.0,0.0,4.330898892721817,-1.1802296948739384,-1.1802296948739384,1.325300886928351,1.3074019264489212,-0.22282282213147617,0.0,0.0,-0.2037381251330119,-0.8874053156029569,-0.8874053156029569,0.4657403330372063,0.2102442417296108,-0.22941573387056177,-0.23224408360441126,0.0,0.0,0.0,0.0,0.0,0.0,0.41019195812772324,-1.4500979051501004,0.5925479817568965,4,1
110.36391509889037,1001,1001015,1,3.6038708037597713,3.5344370345646494,0.0,-5.958580837432313,10.181873359807902,0.0,-0.34772753564590486,-0.4736501414509813,-0.4736501414509813,-1.1027312723296967,-0.6839034807824033,-0.26356477564364394,0.0,0.0,-0.22076960836443846,0.22665145496204997,0.22665145496204997,-0.83531565803839,0.2102442417296108,4.358898943540674,4.358585241966482,0.0,0.0,0.0,0.0,0.0,0.0,-0.8192273152139002,-1.623391722240168,-0.6983688206238126,1,1
132.56405310838534,1006,1006054,0,0.3344188558938731,-1.005905594198734,0.0,-1.5496980895381303,-23.93157344232101,0.0,-0.06317160540549178,0.8952833310040319,0.8952833310040319,1.325300886928351,0.34147925261409134,-0.18028181973580168,0.0,0.0,-0.1727284536018521,-0.5649418893132364,-0.5649418893132364,1.3708227616115343,-0.2670670097646414,-0.22941573387056177,-0.23173277838722126,0.0,0.0,0.0,0.0,0.0,0.0,1.3326088506579987,-0.7569226367898296,1.5323027597330436,0,0
103.75221681741816,1019,1019008,0,0.5955851279253352,-0.8857622045456671,0.0,-17.376302103923766,9.800501167249662,0.0,-0.15733784321247446,-0.19003518656051338,-0.19003518656051338,-1.1027312723296967,-0.8910447901136055,-0.19428444376362033,0.0,0.0,-0.14320736967175646,0.537011581497193,0.537011581497193,-1.2312892205396586,0.2102442417296108,-0.22941573387056177,-0.23190107754136866,0.0,0.0,0.0,0.0,0.0,0.0,-1.1951549863794844,1.4958969853810502,-1.3627127741643903,0,0
135.3033071254777,1006,1006059,0,0.33212953279967034,-1.0397366637246053,0.0,-1.5496980895381303,-23.93157344232101,0.0,-0.06317160540549178,0.8952833310040319,0.8952833310040319,1.325300886928351,-0.5418339253863831,-0.18028181973580168,0.0,0.0,-0.14715383700982335,0.0585874980448815,0.0585874980448815,1.6536610205410116,-5.517490776201416,-0.22941573387056177,-0.23173277838722126,0.0,0.0,0.0,0.0,0.0,0.0,1.6528590083355448,-0.7569226367898296,1.8075432147560195,0,0
136.95989626596494,1007,1007059,0,0.24159483754001373,-0.29186311781343316,0.0,-8.744406652123791,6.787743277081043,0.0,-0.36471904919391884,-0.2687837795106529,-0.2687837795106529,0.11128480729932706,1.3348081117631803,-0.22512225915712755,0.0,0.0,-0.2048239229610384,-0.8939843289683979,-0.8939843289683979,1.6536610205410116,-6.949424530684173,-0.22941573387056177,-0.23227172080338654,0.0,0.0,0.0,0.0,0.0,0.0,1.5945579803639855,-0.583628819699762,1.9739974194295327,0,0
121.396797549359,1006,1006035,0,0.3431182836518436,-0.8773475300004253,0.0,-1.5496980895381303,-23.93157344232101,0.0,-0.06317160540549178,0.8952833310040319,0.8952833310040319,1.325300886928351,-1.252193479885865,-0.18028181973580326,0.0,0.0,-0.09204510131485523,1.402182076767738,1.402182076767738,0.2960373776795198,0.2102442417296108,-0.22941573387056177,-0.2317327783872213,0.0,0.0,0.0,0.0,0.0,0.0,0.3810707677508413,-0.7569226367898296,0.4102160593959552,0,0
122.4563581628316,1016,1016034,0,-0.8754815667464864,0.1263303477416167,0.0,-13.28709936806187,3.646546868613464,0.0,-0.3014597953260249,-0.05800679269001393,-0.05800679269001393,0.11128480729932706,1.5037890533842655,-0.21571553792857157,0.0,0.0,-0.20182732920047564,-0.932398944545055,-0.932398944545055,0.2394697258936243,0.2102442417296108,-0.22941573387056177,-0.23215866033536844,0.0,0.0,0.0,0.0,0.0,0.0,0.18176795115375843,0.9760155341108472,0.5166807916029331,0,0
132.5647775959327,1004,1004053,3,0.24581021104761722,-0.5237662248754865,0.0,18.585679703128186,-1.280400464997585,0.0,-0.18816159957334697,1.7371753675310497,1.7371753675310497,-1.1027312723296967,0.659355939477909,3.583210596159761,0.0,0.0,1.7516239999773267,-0.6951035013217575,-0.6951035013217575,1.3142551098256388,-0.2670670097646414,-0.22941573387056177,-0.18649892871897772,0.0,0.0,0.0,0.0,0.0,0.0,1.268224907366104,-1.103510270969965,1.5323755562977102,3,1
125.26663673077921,1003,1003045,16,0.6870909453493292,-1.1327967059855824,0.0,17.146246693248383,-17.401030956562966,0.0,-0.05271875687869985,1.3481221050231313,1.3481221050231313,1.325300886928351,1.1953080550733788,-0.17872746956371346,0.0,0.0,-0.18413434630688597,-0.8593913172995835,-0.8593913172995835,0.8617138955384748,0.2102442417296108,-0.22941573387056177,-0.23171409647312494,0.0,0.0,0.0,0.0,0.0,0.0,0.8068294159546625,-1.2768040880600326,0.7990577989767399,0,0
126.8363824184667,1011,1011049,0,0.429306934112768,-0.015791184781847944,0.0,-11.712368884762107,21.247785241361655,0.0,-0.056623791325879136,-0.48745613496279744,-0.48745613496279744,0.11128480729932706,1.2291894463129278,-0.17930815251816654,0.0,0.0,-0.1847444754609546,-0.8680518655267209,-0.8680518655267209,1.0879845026820567,0.2102442417296108,-0.22941573387056177,-0.23172107576856757,0.0,0.0,0.0,0.0,0.0,0.0,1.031969582702382,0.10954644866050875,0.9567859668113085,0,0
119.9144227900802,1008,1008035,0,-0.5750980258063741,0.1857970291064964,0.0,-9.085401407639898,-18.474491846838987,0.0,-0.14243628509563758,0.6844255480753929,0.6844255480753929,1.325300886928351,-0.1832452947836078,-0.1920685655401895,0.0,0.0,-0.16880299331010265,-0.26036266893755383,-0.26036266893755383,0.2960373776795198,0.2102442417296108,-0.22941573387056177,-0.23187444464528034,0.0,0.0,0.0,0.0,0.0,0.0,0.2793166900271233,-0.41033500260969424,0.2612669291902202,0,0
106.43936244394008,1011,1011009,0,0.5677256196965677,-0.2560880633815859,0.0,-11.712368884762107,21.247785241361655,0.0,-0.056623791325879136,-0.48745613496279744,-0.48745613496279744,0.11128480729932706,-0.7741064830079049,-0.17930815251816654,0.0,0.0,-0.13417071672618264,0.3507275462517116,0.3507275462517116,-1.174721568753763,0.2102442417296108,-0.22941573387056177,-0.23172107576856757,0.0,0.0,0.0,0.0,0.0,0.0,-1.1501387233074425,0.10954644866050875,-1.0927081742470837,0,0
101.73269154973778,1020,1020004,0,-0.08298948117673602,-0.10261199613460906,0.0,5.181994831053066,9.975893117410907,0.0,-0.3607064661279383,-1.015626401212372,-1.015626401212372,0.11128480729932706,-1.709660526951281,-0.2245255836037462,0.0,0.0,-0.10426195175657235,2.1046020134003918,2.1046020134003918,-1.4575598276832404,0.2102442417296108,-0.22941573387056177,-0.23226454929105175,0.0,0.0,0.0,0.0,0.0,0.0,-1.3248827000433576,1.6691908024711177,-1.5656348289056923,0,0
128.12429322664804,1003,1003051,16,0.7174865163050393,-1.1623156420237244,0.0,17.146246693248383,-17.401030956562966,0.0,-0.05271875687869985,1.3481221050231313,1.3481221050231313,-1.1027312723296967,-1.473942269468025,-0.17872746956371346,0.0,0.0,-0.04965574732254335,2.1046020134003918,2.1046020134003918,1.2011198062538477,0.2102442417296108,-0.22941573387056177,-0.23171409647312494,0.0,0.0,0.0,0.0,0.0,0.0,1.3267424474890646,-1.2768040880600326,1.0861953442041787,0,0
122.21125996437226,1019,1019043,0,0.41589865236712903,-0.788780279799391,0.0,-17.376302103923766,9.800501167249662,0.0,-0.15733784321247446,-0.19003518656051338,-0.19003518656051338,1.325300886928351,0.68299594412696,-0.19428444376362033,0.0,0.0,-0.18553801441338988,-0.7036371905645706,-0.7036371905645706,0.7485785919666837,0.2102442417296108,-0.22941573387056177,-0.23190107754136866,0.0,0.0,0.0,0.0,0.0,0.0,0.7035270497406986,1.4958969853810502,0.4920533057077513,0,0
130.19659548929457,1020,1020057,0,-0.001844281656235,0.04687455664817384,0.0,5.181994831053066,9.975893117410907,0.0,-0.3607064661279383,-1.015626401212372,-1.015626401212372,-1.1027312723296967,-1.136705408277952,-0.2245255836037462,0.0,0.0,-0.16697642263754842,1.0616650332673816,1.0616650332673816,1.5405257169692206,0.2102442417296108,-0.22941573387056177,-0.23226454929105175,0.0,0.0,0.0,0.0,0.0,0.0,1.6014160655669236,1.6691908024711177,1.2944204354724282,0,0
104.69702096232724,1018,1018006,0,0.25773853021950993,0.21579446554854836,0.0,10.7390102939936,-2.217324012489014,0.0,-0.36715165865048555,1.6647215517221783,1.6647215517221783,1.325300886928351,0.9624236988478867,-0.22548399088200255,0.0,0.0,-0.20311463830693346,-0.7948431346989719,-0.7948431346989719,-1.3444245241114494,0.2102442417296108,-0.22941573387056177,-0.23227606849873303,0.0,0.0,0.0,0.0,0.0,0.0,-1.3895046860364313,1.3226031682909825,-1.2677787807743193,0,0
128.0897747863094,1008,1008051,0,-0.6180471280151645,0.10222384396586531,0.0,-9.085401407639898,-18.474491846838987,0.0,-0.14243628509563758,0.6844255480753929,0.6844255480753929,1.325300886928351,-0.7289077529656594,-0.1920685655401895,0.0,0.0,-0.14954191412436288,0.2866552106487001,0.2866552106487001,1.2011198062538477,0.2102442417296108,-0.22941573387056177,-0.23187444464528034,0.0,0.0,0.0,0.0,0.0,0.0,1.2154771713257415,-0.41033500260969424,1.0827269286551977,0,0
103.49536525092797,1007,1007004,0,0.38369122038929343,-0.3974141701972511,0.0,-8.744406652123791,6.787743277081043,0.0,-0.36471904919391884,-0.2687837795106529,-0.2687837795106529,1.325300886928351,0.9380884549047015,-0.22512225915712755,0.0,0.0,-0.20280877032806982,-0.787545506028688,-0.787545506028688,-1.4575598276832404,0.2102442417296108,-0.22941573387056177,-0.23227172080338654,0.0,0.0,0.0,0.0,0.0,0.0,-1.501893155996891,-0.583628819699762,-1.3885212393863064,0,0
106.3006246343932,1002,1002011,4,0.2630894028098536,0.7384904361914585,0.0,150.0,150.0,0.0,4.330898892721817,-1.1802296948739384,-1.1802296948739384,1.325300886928351,-0.7428453248724147,-0.22282282213147617,0.0,0.0,-0.17979273381356198,0.3059891406055304,0.3059891406055304,-1.061586265181972,0.2102442417296108,-0.22941573387056177,-0.23224408360441126,0.0,0.0,0.0,0.0,0.0,0.0,-1.0400417716596682,-1.4500979051501004,-1.1066485600566147,4,1
126.76289591604457,1012,1012046,0,-0.47542029417739706,-1.1777497970031303,0.0,-0.06649188858177275,-15.18284542853341,0.0,-0.2686569264893571,0.927679299170554,0.927679299170554,-1.1027312723296967,-1.5559140904883486,-0.21083771494179077,0.0,0.0,-0.10090947121974561,2.1046020134003918,2.1046020134003918,0.9182815473243703,0.2102442417296108,-0.22941573387056177,-0.23210003321797068,0.0,0.0,0.0,0.0,0.0,0.0,1.0446546658366789,0.2828402657505764,0.949402037377052,0,0
127.11748419336087,1013,1013047,0,-0.9824951004032935,0.22926362854405097,0.0,8.966626336535008,-6.622551768963632,0.0,-0.36291050996570695,1.4322867854548724,1.4322867854548724,-1.1027312723296967,-1.0775039837812237,-0.22485332736753919,0.0,0.0,-0.17023852879822907,0.9142479100154557,0.9142479100154557,0.9748491991102657,0.2102442417296108,-0.22941573387056177,-0.23226848848117165,0.0,0.0,0.0,0.0,0.0,0.0,1.0282180122173394,0.4561340828406441,0.9850310948450217,0,0
110.36450579023717,1005,1005019,0,-1.088973649751603,-0.7779517211887205,0.0,-7.753988978814018,21.08743772142768,0.0,-0.09852599186506747,-0.5688275486850495,-0.5688275486850495,-1.1027312723296967,-0.7912672091287267,-0.1855390562237065,0.0,0.0,-0.13959869807606393,0.37613006340147453,0.37613006340147453,-0.6090450508948081,0.2102442417296108,-0.22941573387056177,-0.23179596571927485,0.0,0.0,0.0,0.0,0.0,0.0,-0.584408429093256,-0.9302164538798973,-0.6983094679117029,0,0
116.47213031557895,1001,1001026,1,3.6038708037597713,3.5344370345646494,0.0,-5.958580837432313,10.181873359807902,0.0,-0.34772753564590486,-0.4736501414509813,-0.4736501414509813,-1.1027312723296967,-1.1241757021287146,-0.26356477564364394,0.0,0.0,-0.22076960836443846,1.0291127478164117,1.0291127478164117,-0.21307148839353965,0.2102442417296108,4.358898943540674,4.358585241966482,0.0,0.0,0.0,0.0,0.0,0.0,-0.14952050466939604,-1.623391722240168,-0.08461488428598732,1,1
104.06722604914295,1009,1009005,0,-0.8693096965445645,-0.8236039999920073,0.0,14.64923024777079,8.610220672323951,0.0,-0.22640391027819448,-1.3167376214261457,-1.3167376214261457,1.325300886928351,0.502307623144704,-0.2045546445566401,0.0,0.0,-0.18875509041113647,-0.6346222725364591,-0.6346222725364591,-1.400992175897345,0.2102442417296108,-0.22941573387056177,-0.2320245162699209,0.0,0.0,0.0,0.0,0.0,0.0,-1.436116114680084,-0.2370411855196266,-1.3310606222517314,0,0
106.75410755494342,1006,1006011,0,0.35410703450401687,-0.7149583962762468,0.0,-1.5496980895381303,-23.93157344232101,0.0,-0.06317160540549178,0.8952833310040319,0.8952833310040319,-1.1027312723296967,-1.2514102263920432,-0.18028181973580326,0.0,0.0,-0.09215126515174452,1.3995937184266867,1.3995937184266867,-1.061586265181972,0.2102442417296108,-0.22941573387056177,-0.2317327783872213,0.0,0.0,0.0,0.0,0.0,0.0,-0.973109001580496,-0.7569226367898296,-1.0610825612048984,0,0
128.31896858579128,1004,1004047,3,-0.10551255046593194,-0.6664565782063193,0.0,18.585679703128186,-1.280400464997585,0.0,-0.18816159957334697,1.7371753675310497,1.7371753675310497,1.325300886928351,0.6050451097878383,3.2709907045027884,0.0,0.0,1.6266122156834537,-0.6749534927830152,-0.6749534927830152,0.9748491991102657,0.2102442417296108,-0.22941573387056177,-0.19025153562818709,0.0,0.0,0.0,0.0,0.0,0.0,0.930952826737837,-1.103510270969965,1.1057563393137981,3,1
121.05399188280028,1015,1015037,0,-0.17194576934761982,0.5745916782834791,0.0,10.904135631270758,11.576128422838552,0.0,-0.25184069638838796,-1.1641709918683423,-1.1641709918683423,0.11128480729932706,0.3467272141542166,-0.20833712287022454,0.0,0.0,-0.18897756636754684,-0.5673544595320457,-0.5673544595320457,0.4091726812513108,0.2102442417296108,-0.22941573387056177,-0.23206997831328452,0.0,0.0,0.0,0.0,0.0,0.0,0.3733627345433622,0.8027217170207794,0.37577091956615927,0,0
113.68908019827863,1009,1009023,0,-0.7914025500870255,-0.7797851215700803,0.0,14.64923024777079,8.610220672323951,0.0,-0.22640391027819448,-1.3167376214261457,-1.3167376214261457,1.325300886928351,-1.175731169352131,-0.2045546445566401,0.0,0.0,-0.1363632051964351,1.1681520876408418,1.1681520876408418,-0.3827744437512261,0.2102442417296108,-0.22941573387056177,-0.2320245162699209,0.0,0.0,0.0,0.0,0.0,0.0,-0.31026343590628197,-0.2370411855196266,-0.3642559748375621,0,0
126.59647442407679,1012,1012045,0,-0.4754006488778211,-1.1734571256455095,0.0,-0.06649188858177275,-15.18284542853341,0.0,-0.2686569264893571,0.927679299170554,0.927679299170554,-1.1027312723296967,-0.9713501847022017,-0.21083771494179077,0.0,0.0,-0.15788468670754444,0.6854574903005047,0.6854574903005047,0.8617138955384748,0.2102442417296108,-0.22941573387056177,-0.23210003321797068,0.0,0.0,0.0,0.0,0.0,0.0,0.9013800534914868,0.2828402657505764,0.9326799930215465,0,0
116.0651554602867,1015,1015028,0,-0.20094081131399072,0.5451352344093107,0.0,10.904135631270758,11.576128422838552,0.0,-0.25184069638838796,-1.1641709918683423,-1.1641709918683423,1.325300886928351,-0.22666382809767752,-0.20833712287022454,0.0,0.0,-0.17974497270052284,-0.2279081722819859,-0.2279081722819859,-0.09993618482174865,0.2102442417296108,-0.22941573387056177,-0.23206997831328452,0.0,0.0,0.0,0.0,0.0,0.0,-0.11361986534183244,0.8027217170207794,-0.12550774915160143,0,0
111.14954618845697,1017,1017022,0,-0.767510365519159,0.6688716358985303,0.0,4.783669788272565,13.354964151385625,0.0,-0.2919440134913492,-0.9430101894797384,-0.9430101894797384,0.11128480729932706,0.8790379483454802,-0.2143005306131605,0.0,0.0,-0.1973114556207101,-0.7693581081832271,-0.7693581081832271,-0.4393420955371216,0.2102442417296108,-0.22941573387056177,-0.2321416531991472,0.0,0.0,0.0,0.0,0.0,0.0,-0.48526400395157626,1.1493093512009147,-0.6194285481177833,0,0
117.0736712998639,1019,1019034,0,0.4621037460820963,-0.8137184890198621,0.0,-17.376302103923766,9.800501167249662,0.0,-0.15733784321247446,-0.19003518656051338,-0.19003518656051338,-1.1027312723296967,-0.4635453458395066,-0.19428444376362033,0.0,0.0,-0.1622902781842052,-0.022280325296072778,-0.022280325296072778,0.2394697258936243,0.2102442417296108,-0.22941573387056177,-0.23190107754136866,0.0,0.0,0.0,0.0,0.0,0.0,0.23747068093597404,1.4958969853810502,-0.024171999764709566,0,0
125.22845675249171,1010,1010047,0,-0.9473200130968507,0.02020814540285295,0.0,-3.330296274990087,9.95568497806392,0.0,-0.3780720260386732,-0.5847070204353849,-0.5847070204353849,1.325300886928351,1.1406030940198697,-0.22710786162743654,0.0,0.0,-0.20476871192065668,-0.8450372912273783,-0.8450372912273783,0.9748491991102657,0.2102442417296108,-0.22941573387056177,-0.23229558598862335,0.0,0.0,0.0,0.0,0.0,0.0,0.9205430497431668,-0.06374736842955891,0.7952214718121003,0,0
115.91620549669965,1014,1014025,0,0.09819724179646405,0.5075392301396011,0.0,-8.136546240266938,20.588589061973188,0.0,-0.10622813487034453,-0.555931766616366,-0.555931766616366,1.325300886928351,-1.3439213837205517,-0.18668437343317387,0.0,0.0,-0.08922522859546408,1.7380228340284838,1.7380228340284838,-0.26963914017943513,0.2102442417296108,-0.22941573387056177,-0.2318097314189895,0.0,0.0,0.0,0.0,0.0,0.0,-0.16255006064806926,0.6294278999307118,-0.14047425298715105,0,0
104.8359291535865,1019,1019010,0,0.5853173293220092,-0.8802203802744514,0.0,-17.376302103923766,9.800501167249662,0.0,-0.15733784321247446,-0.19003518656051338,-0.19003518656051338,0.11128480729932706,1.275386700439285,-0.19428444376362033,0.0,0.0,-0.19154143222573458,-0.8795885133596549,-0.8795885133596549,-1.1181539169678676,0.2102442417296108,-0.22941573387056177,-0.23190107754136866,0.0,0.0,0.0,0.0,0.0,0.0,-1.1690212010228613,1.4958969853810502,-1.2538212749971804,0,0
124.63944978071018,1002,1002042,4,0.22869113613140668,0.8359049995142284,0.0,150.0,150.0,0.0,4.330898892721817,-1.1802296948739384,-1.1802296948739384,0.11128480729932706,0.10567330737928092,-0.22282282213147617,0.0,0.0,-0.19486550654437645,-0.44521025207399934,-0.44521025207399934,0.6920109401807882,0.2102442417296108,-0.22941573387056177,-0.23224408360441126,0.0,0.0,0.0,0.0,0.0,0.0,0.6629262074282959,-1.4500979051501004,0.7360380058344039,4,1
119.7835675439289,1017,1017037,0,-0.746310044381914,0.7255097071657596,0.0,4.783669788272565,13.354964151385625,0.0,-0.2919440134913492,-0.9430101894797384,-0.9430101894797384,0.11128480729932706,0.45403102479441804,-0.2143005306131605,0.0,0.0,-0.19355652433793852,-0.6145926320577191,-0.6145926320577191,0.4091726812513108,0.2102442417296108,-0.22941573387056177,-0.2321416531991472,0.0,0.0,0.0,0.0,0.0,0.0,0.37047157826554156,1.1493093512009147,0.24811858395896716,0,0
104.49321637003962,1007,1007005,0,0.38110764979203376,-0.39549506015390895,0.0,-8.744406652123791,6.787743277081043,0.0,-0.36471904919391884,-0.2687837795106529,-0.2687837795106529,-1.1027312723296967,1.667444548041931,-0.22512225915712755,0.0,0.0,-0.20619500717065442,-0.9664039497133338,-0.9664039497133338,-1.400992175897345,0.2102442417296108,-0.22941573387056177,-0.23227172080338654,0.0,0.0,0.0,0.0,0.0,0.0,-1.45642241840753,-0.583628819699762,-1.2882570819347798,0,0
124.14917436482341,1008,1008044,0,-0.5992568957988187,0.13878711246489142,0.0,-9.085401407639898,-18.474491846838987,0.0,-0.14243628509563758,0.6844255480753929,0.6844255480753929,-1.1027312723296967,1.6155135504042435,-0.1920685655401895,0.0,0.0,-0.1932946344424867,-0.9559293851443573,-0.9559293851443573,0.8051462437525793,0.2102442417296108,-0.22941573387056177,-0.23187444464528034,0.0,0.0,0.0,0.0,0.0,0.0,0.7445033617722332,-0.41033500260969424,0.6867750942120299,0,0
128.742552100107,1013,1013050,0,-0.9745474214761957,0.22364641303063362,0.0,8.966626336535008,-6.622551768963632,0.0,-0.36291050996570695,1.4322867854548724,1.4322867854548724,0.11128480729932706,-0.1563352794848733,-0.22485332736753919,0.0,0.0,-0.1930027076013019,-0.27978554394419713,-0.27978554394419713,1.1445521544679522,0.2102442417296108,-0.22941573387056177,-0.23226848848117165,0.0,0.0,0.0,0.0,0.0,0.0,1.12439128097441,0.4561340828406441,1.1483180435197635,0,0
116.95669781698354,1017,1017033,0,-0.751963463351846,0.7104062214944984,0.0,4.783669788272565,13.354964151385625,0.0,-0.2919440134913492,-0.9430101894797384,-0.9430101894797384,-1.1027312723296967,0.4322369468689442,-0.2143005306131605,0.0,0.0,-0.19333130382131106,-0.6053098095866369,-0.6053098095866369,0.18290207410772882,0.2102442417296108,-0.22941573387056177,-0.2321416531991472,0.0,0.0,0.0,0.0,0.0,0.0,0.14536949707428462,1.1493093512009147,-0.035925504351257534,0,0
118.74748325648235,1012,1012031,0,-0.47512561468375747,-1.1133597266388173,0.0,-0.06649188858177275,-15.18284542853341,0.0,-0.2686569264893571,0.927679299170554,0.927679299170554,-1.1027312723296967,-1.6986647335599612,-0.21083771494179077,0.0,0.0,-0.06685588306441051,2.1046020134003918,2.1046020134003918,0.06976677053593783,0.2102442417296108,-0.22941573387056177,-0.23210003321797068,0.0,0.0,0.0,0.0,0.0,0.0,0.198391320879523,0.2828402657505764,0.14401275480273382,0,0
101.03893819502224,1009,1009001,0,-0.8866223957573509,-0.8333415285302134,0.0,14.64923024777079,8.610220672323951,0.0,-0.22640391027819448,-1.3167376214261457,-1.3167376214261457,-1.1027312723296967,-1.1903434628948824,-0.2045546445566401,0.0,0.0,-0.1351429734284749,1.21013955451167,1.21013955451167,-1.627262783040927,0.2102442417296108,-0.22941573387056177,-0.2320245162699209,0.0,0.0,0.0,0.0,0.0,0.0,-1.5488798821059844,-0.2370411855196266,-1.6353432195237732,0,0
123.94300088604447,1018,1018042,0,0.3719623677362254,0.19322578699247658,0.0,10.7390102939936,-2.217324012489014,0.0,-0.36715165865048555,1.6647215517221783,1.6647215517221783,-1.1027312723296967,-0.8858508908249316,-0.2254839908820019,0.0,0.0,-0.1783049276438077,0.5280346885104005,0.5280346885104005,0.6920109401807882,0.2102442417296108,-0.22941573387056177,-0.23227606849873303,0.0,0.0,0.0,0.0,0.0,0.0,0.7224925087770325,1.3226031682909825,0.6660587671541178,0,0
129.95062842271088,1010,1010057,0,-0.957159509221083,0.048356020550495454,0.0,-3.330296274990087,9.95568497806392,0.0,-0.3780720260386732,-0.5847070204353849,-0.5847070204353849,0.11128480729932706,-1.5833847714036156,-0.22710786162743654,0.0,0.0,-0.13420959057030354,2.1046020134003918,2.1046020134003918,1.5405257169692206,0.2102442417296108,-0.22941573387056177,-0.23229558598862335,0.0,0.0,0.0,0.0,0.0,0.0,1.6652477854719265,-0.06374736842955891,1.269705645641063,0,0
112.99864119771456,1009,1009020,0,-0.8043870744966154,-0.7870882679737348,0.0,14.64923024777079,8.610220672323951,0.0,-0.22640391027819448,-1.3167376214261457,-1.3167376214261457,0.11128480729932706,-0.07074169476788579,-0.2045546445566401,0.0,0.0,-0.18014348760803242,-0.33830201855348874,-0.33830201855348874,-0.5524773991089126,0.2102442417296108,-0.22941573387056177,-0.2320245162699209,0.0,0.0,0.0,0.0,0.0,0.0,-0.5717168403094288,-0.2370411855196266,-0.433631338894738,0,0
109.07434577408748,1010,1010017,0,-0.9178015247241539,-0.06423548004007455,0.0,-3.330296274990087,9.95568497806392,0.0,-0.3780720260386732,-0.5847070204353849,-0.5847070204353849,0.11128480729932706,1.285608803483076,-0.22710786162743654,0.0,0.0,-0.20543415715550226,-0.8820999304170776,-0.8820999304170776,-0.7221803544665991,0.2102442417296108,-0.22941573387056177,-0.23229558598862335,0.0,0.0,0.0,0.0,0.0,0.0,-0.7742520150094745,-0.06374736842955891,-0.8279448458948034,0,0
104.56398274274387,1003,1003006,16,0.48951973413721345,-0.9409236217376596,0.0,17.146246693248383,-17.401030956562966,0.0,-0.05271875687869985,1.3481221050231313,1.3481221050231313,0.11128480729932706,-1.3033306217734224,-0.17872746956371346,0.0,0.0,-0.08217372795655234,1.5809440680609086,1.5809440680609086,-1.3444245241114494,0.2102442417296108,-0.22941573387056177,-0.23171409647312494,0.0,0.0,0.0,0.0,0.0,0.0,-1.2440974503460085,-1.2768040880600326,-1.2811464713444847,0,0
124.27802425945588,1004,1004040,3,0.12371995895591152,-0.5594040710309589,0.0,18.585679703128186,-1.280400464997585,0.0,-0.18816159957334697,1.7371753675310497,1.7371753675310497,-1.1027312723296967,-1.5563369547239783,2.808382833689944,0.0,0.0,6.767018771224128,2.1046020134003918,2.1046020134003918,0.5788756366089973,0.2102442417296108,-0.22941573387056177,-0.19581167301422592,0.0,0.0,0.0,0.0,0.0,0.0,0.7061493278538165,-1.103510270969965,0.6997219415679197,3,1
121.5105166298134,1018,1018036,0,0.35292506148343944,0.19698723341848962,0.0,10.7390102939936,-2.217324012489014,0.0,-0.36715165865048555,1.6647215517221783,1.6647215517221783,0.11128480729932706,0.8604798438602088,-0.22548399088200255,0.0,0.0,-0.20252676893858007,-0.763497370095007,-0.763497370095007,0.3526050294654153,0.2102442417296108,-0.22941573387056177,-0.23227606849873303,0.0,0.0,0.0,0.0,0.0,0.0,0.3049404841931082,1.3226031682909825,0.421642561375603,0,0
124.04274071128022,1016,1016039,0,-0.895110205152646,0.1314853193083109,0.0,-13.28709936806187,3.646546868613464,0.0,-0.3014597953260249,-0.05800679269001393,-0.05800679269001393,0.11128480729932706,-0.3150103207194793,-0.21571553792857157,0.0,0.0,-0.18356096693099686,-0.15725747969076392,-0.15725747969076392,0.5223079848231018,0.2102442417296108,-0.22941573387056177,-0.23215866033536844,0.0,0.0,0.0,0.0,0.0,0.0,0.5112973460712352,0.9760155341108472,0.6760806324906296,0,0
133.53010635307325,1016,1016054,0,-0.9539961203711249,0.14695023400839352,0.0,-13.28709936806187,3.646546868613464,0.0,-0.3014597953260249,-0.05800679269001393,-0.05800679269001393,-1.1027312723296967,0.24795586235704473,-0.21571553792857157,0.0,0.0,-0.19211410355393346,-0.520213757092523,-0.520213757092523,1.3708227616115343,-3.1309345187301547,-0.22941573387056177,-0.23215866033536844,0.0,0.0,0.0,0.0,0.0,0.0,1.3353463828983672,0.9760155341108472,1.6293718643086632,0,0
127.1121047450063,1020,1020053,0,-0.007968447657782247,0.03559255266456759,0.0,5.181994831053066,9.975893117410907,0.0,-0.3607064661279383,-1.015626401212372,-1.015626401212372,1.325300886928351,-0.9932411466103868,-0.2245255836037462,0.0,0.0,-0.17336568480175232,0.7293470728154654,0.7293470728154654,1.3142551098256388,0.2102442417296108,-0.22941573387056177,-0.23226454929105175,0.0,0.0,0.0,0.0,0.0,0.0,1.3554067139362875,1.6691908024711177,0.9844905674592288,0,0
120.80263038460582,1001,1001035,1,3.6038708037597713,3.5344370345646494,0.0,-5.958580837432313,10.181873359807902,0.0,-0.34772753564590486,-0.4736501414509813,-0.4736501414509813,-1.1027312723296967,0.8117683706832425,-0.26356477564364394,0.0,0.0,-0.22076960836443846,-0.7477705856070554,-0.7477705856070554,0.2960373776795198,0.2102442417296108,4.358898943540674,4.358585241966482,0.0,0.0,0.0,0.0,0.0,0.0,0.24948546703955535,-1.623391722240168,0.35051409683026097,1,1
100.31482825017949,1017,1017000,0,-0.798604169853785,0.5858024647065941,0.0,4.783669788272565,13.354964151385625,0.0,-0.2919440134913492,-0.9430101894797384,-0.9430101894797384,1.325300886928351,-0.2626679390523189,-0.26356477564364394,0.0,0.0,-0.22076960836443846,-0.19989314642610573,-0.19989314642610573,-1.6838304348268225,0.2102442417296108,-0.22941573387056177,-0.23273376584545316,0.0,0.0,0.0,0.0,0.0,0.0,-1.6915968161914585,1.1493093512009147,-1.7081018426604249,0,0
127.71003617764447,1008,1008050,0,-0.615362809127115,0.10744716803715476,0.0,-9.085401407639898,-18.474491846838987,0.0,-0.14243628509563758,0.6844255480753929,0.6844255480753929,-1.1027312723296967,0.49660887344411525,-0.1920685655401895,0.0,0.0,-0.1818991324003356,-0.6322952157498699,-0.6322952157498699,1.1445521544679522,0.2102442417296108,-0.22941573387056177,-0.23187444464528034,0.0,0.0,0.0,0.0,0.0,0.0,1.1028163449397952,-0.41033500260969424,1.0445707639524915,0,0
130.86109165302858,1002,1002051,4,0.21870454257959954,0.8641866469305164,0.0,150.0,150.0,0.0,4.330898892721817,-1.1802296948739384,-1.1802296948739384,1.325300886928351,1.431349712496766,-0.22282282213147617,0.0,0.0,-0.20431927784946521,-0.9163689028241252,-0.9163689028241252,1.2011198062538477,0.2102442417296108,-0.22941573387056177,-0.23224408360441126,0.0,0.0,0.0,0.0,0.0,0.0,1.1418475084477717,-1.4500979051501004,1.3611890612829372,4,1
120.1589450930268,1003,1003037,16,0.6465635174083825,-1.0934381246013931,0.0,17.146246693248383,-17.401030956562966,0.0,-0.05271875687869985,1.3481221050231313,1.3481221050231313,-1.1027312723296967,-0.8984777962956635,-0.17872746956371346,0.0,0.0,-0.12524872146751798,0.5499829716128402,0.5499829716128402,0.4091726812513108,0.2102442417296108,-0.22941573387056177,-0.23171409647312494,0.0,0.0,0.0,0.0,0.0,0.0,0.4417480457393655,-1.2768040880600326,0.2858365490598407,0,0
127.78772727515145,1012,1012050,0,-0.4754988753757009,-1.194920482433614,0.0,-0.06649188858177275,-15.18284542853341,0.0,-0.2686569264893571,0.927679299170554,0.927679299170554,-1.1027312723296967,-1.5603464477126483,-0.21083771494179077,0.0,0.0,-0.10008036384179171,2.1046020134003918,2.1046020134003918,1.1445521544679522,0.2102442417296108,-0.22941573387056177,-0.23210003321797068,0.0,0.0,0.0,0.0,0.0,0.0,1.2703248911585867,0.2828402657505764,1.052377171425339,0,0
131.36206699559847,1003,1003055,16,0.7377502302755128,-1.181994932715819,0.0,17.146246693248383,-17.401030956562966,0.0,-0.05271875687869985,1.3481221050231313,1.3481221050231313,0.11128480729932706,0.20512031106451178,-0.17872746956371346,0.0,0.0,-0.16905857974353308,-0.4985664498044152,-0.4985664498044152,1.4273904133974298,0.2102442417296108,-0.22941573387056177,-0.23171409647312494,0.0,0.0,0.0,0.0,0.0,0.0,1.3930888369761036,-1.2768040880600326,1.4115271023641336,0,0
111.86590390554203,1012,1012017,0,-0.47485058048969386,-1.053262327632125,0.0,-0.06649188858177275,-15.18284542853341,0.0,-0.2686569264893571,0.927679299170554,0.927679299170554,0.11128480729932706,1.310078598199465,-0.21083771494179077,0.0,0.0,-0.19874475710635417,-0.8880523916652477,-0.8880523916652477,-0.7221803544665991,0.2102442417296108,-0.22941573387056177,-0.23210003321797068,0.0,0.0,0.0,0.0,0.0,0.0,-0.7746163283346096,0.2828402657505764,-0.5474488694244565,0,0
102.47493317029247,1001,1001002,1,3.6038708037597713,3.5344370345646494,0.0,-5.958580837432313,10.181873359807902,0.0,-0.34772753564590486,-0.4736501414509813,-0.4736501414509813,-1.1027312723296967,1.5269265361124744,-0.26356477564364394,0.0,0.0,-0.22076960836443846,-0.9373877540474916,-0.9373877540474916,-1.5706951312550315,0.2102442417296108,4.358898943540674,4.358585241966482,0.0,0.0,0.0,0.0,0.0,0.0,-1.6238991855853975,-1.623391722240168,-1.4910543335943012,1,1
110.41940318073213,1012,1012015,0,-0.47481128989054194,-1.0446769849168833,0.0,-0.06649188858177275,-15.18284542853341,0.0,-0.2686569264893571,0.927679299170554,0.927679299170554,0.11128480729932706,0.9692018966555672,-0.21083771494179077,0.0,0.0,-0.19637661302728587,-0.7968558255809868,-0.7968558255809868,-0.83531565803839,0.2102442417296108,-0.22941573387056177,-0.23210003321797068,0.0,0.0,0.0,0.0,0.0,0.0,-0.8818698634185118,0.2828402657505764,-0.692793373878392,0,0
115.443500924412,1010,1010030,0,-0.9305928696856558,-0.0276432423481393,0.0,-3.330296274990087,9.95568497806392,0.0,-0.3780720260386732,-0.5847070204353849,-0.5847070204353849,0.11128480729932706,-0.8133102617993114,-0.22710786162743654,0.0,0.0,-0.18224072535714889,0.4096814954620186,0.4096814954620186,0.013199118750042335,0.2102442417296108,-0.22941573387056177,-0.23229558598862335,0.0,0.0,0.0,0.0,0.0,0.0,0.03823816611577682,-0.06374736842955891,-0.18797164488875973,0,0
112.63008360503184,1004,1004020,3,0.11587556755874005,-0.710542262900213,0.0,18.585679703128186,-1.280400464997585,0.0,-0.18816159957334697,1.7371753675310497,1.7371753675310497,1.325300886928351,0.4313618958557871,3.159208844600806,0.0,0.0,1.6862183684091103,-0.6049338867014479,-0.6049338867014479,-0.5524773991089126,0.2102442417296108,-0.22941573387056177,-0.1915950547024084,0.0,0.0,0.0,0.0,0.0,0.0,-0.5880357273079487,-1.103510270969965,-0.4706640342487244,3,1
132.94514586196067,1014,1014053,0,0.03088592050906901,0.670528527194151,0.0,-8.136546240266938,20.588589061973188,0.0,-0.10622813487034453,-0.555931766616366,-0.555931766616366,1.325300886928351,-1.2306061079940143,-0.18668437343317387,0.0,0.0,-0.10458422547429247,1.3323731597488522,1.3323731597488522,1.3142551098256388,-1.699000764247398,-0.22941573387056177,-0.2318097314189895,0.0,0.0,0.0,0.0,0.0,0.0,1.3923142097963275,0.6294278999307118,1.5705949890208457,0,0
102.02973851176955,1010,1010003,0,-0.9040262301502286,-0.10364250524677406,0.0,-3.330296274990087,9.95568497806392,0.0,-0.3780720260386732,-0.5847070204353849,-0.5847070204353849,0.11128480729932706,0.1058318497360621,-0.22710786162743654,0.0,0.0,-0.19759156633402755,-0.4452989756454719,-0.4452989756454719,-1.514127479469136,0.2102442417296108,-0.22941573387056177,-0.23229558598862335,0.0,0.0,0.0,0.0,0.0,0.0,-1.5373639196811868,-0.06374736842955891,-1.535787527237918,0,0
120.96628802754164,1008,1008037,0,-0.5804666635824729,0.1753503809639175,0.0,-9.085401407639898,-18.474491846838987,0.0,-0.14243628509563758,0.6844255480753929,0.6844255480753929,1.325300886928351,-0.5082884622647125,-0.1920685655401895,0.0,0.0,-0.15882475350691497,0.023021015149264547,0.023021015149264547,0.4091726812513108,0.2102442417296108,-0.22941573387056177,-0.23187444464528034,0.0,0.0,0.0,0.0,0.0,0.0,0.40949596469676475,-0.41033500260969424,0.3669584294217511,0,0
106.8308393566208,1002,1002012,4,0.2619797813040972,0.7416328414599349,0.0,150.0,150.0,0.0,4.330898892721817,-1.1802296948739384,-1.1802296948739384,-1.1027312723296967,-0.14552887794177707,-0.22282282213147617,0.0,0.0,-0.19169989926075526,-0.28744218170055064,-0.28744218170055064,-1.0050186133960766,0.2102442417296108,-0.22941573387056177,-0.23224408360441126,0.0,0.0,0.0,0.0,0.0,0.0,-1.0199444750091824,-1.4500979051501004,-1.0533725438510373,4,1
130.58898260447498,1010,1010059,0,-0.9591274084459294,0.05398559558002395,0.0,-3.330296274990087,9.95568497806392,0.0,-0.3780720260386732,-0.5847070204353849,-0.5847070204353849,-1.1027312723296967,-0.3529210640741837,-0.22710786162743654,0.0,0.0,-0.1918383740660176,-0.12486916707121179,-0.12486916707121179,1.6536610205410116,0.2102442417296108,-0.22941573387056177,-0.23229558598862335,0.0,0.0,0.0,0.0,0.0,0.0,1.6416307609097964,-0.06374736842955891,1.3338475230858837,0,0
125.00201443860307,1020,1020049,0,-0.014092613659329494,0.02431054868096133,0.0,5.181994831053066,9.975893117410907,0.0,-0.3607064661279383,-1.015626401212372,-1.015626401212372,0.11128480729932706,1.1359073220256102,-0.2245255836037462,0.0,0.0,-0.20361124224079072,-0.8437832359053795,-0.8437832359053795,1.0879845026820567,0.2102442417296108,-0.22941573387056177,-0.23226454929105175,0.0,0.0,0.0,0.0,0.0,0.0,1.033454915371543,1.6691908024711177,0.7724685306382393,0,0
109.63434394861775,1020,1020020,0,-0.05849281717054704,-0.057483980200184026,0.0,5.181994831053066,9.975893117410907,0.0,-0.3607064661279383,-1.015626401212372,-1.015626401212372,0.11128480729932706,-1.6855271722483245,-0.2245255836037462,0.0,0.0,-0.1097154169366127,2.1046020134003918,2.1046020134003918,-0.5524773991089126,0.2102442417296108,-0.22941573387056177,-0.23226454929105175,0.0,0.0,0.0,0.0,0.0,0.0,-0.42220179875572467,1.6691908024711177,-0.771676186103493,0,0
131.74245667879055,1011,1011058,0,0.39816272985641304,0.03827561290309311,0.0,-11.712368884762107,21.247785241361655,0.0,-0.056623791325879136,-0.48745613496279744,-0.48745613496279744,1.325300886928351,1.5147815132092899,-0.17930815251816654,0.0,0.0,-0.18751325605342906,-0.9347768404200619,-0.9347768404200619,1.597093368755116,0.2102442417296108,-0.22941573387056177,-0.23172107576856757,0.0,0.0,0.0,0.0,0.0,0.0,1.5356437667907352,0.10954644866050875,1.4497486870855711,0,0
130.24221379839602,1004,1004049,3,0.028894722925115243,-0.3713660641978669,0.0,18.585679703128186,-1.280400464997585,0.0,-0.18816159957334697,1.7371753675310497,1.7371753675310497,0.11128480729932706,1.4657343010591612,4.7207955932092425,0.0,0.0,1.7728878950660383,-0.9240568059574666,-0.9240568059574666,1.0879845026820567,0.2102442417296108,-0.22941573387056177,-0.17282616335772727,0.0,0.0,0.0,0.0,0.0,0.0,1.0285418668010666,-1.103510270969965,1.2990041666912626,3,1
102.91085147337014,1003,1003002,16,0.46925602016674006,-0.9212443310455649,0.0,17.146246693248383,-17.401030956562966,0.0,-0.05271875687869985,1.3481221050231313,1.3481221050231313,-1.1027312723296967,1.5759060838769527,-0.17872746956371346,0.0,0.0,-0.18782596505216315,-0.9477468804485447,-0.9477468804485447,-1.5706951312550315,0.2102442417296108,-0.22941573387056177,-0.23171409647312494,0.0,0.0,0.0,0.0,0.0,0.0,-1.6245332036205125,-1.2768040880600326,-1.4472532288616704,0,0
122.60437025438677,1007,1007035,0,0.30360053187424485,-0.3379217588536446,0.0,-8.744406652123791,6.787743277081043,0.0,-0.36471904919391884,-0.2687837795106529,-0.2687837795106529,0.11128480729932706,1.6503725641692424,-0.22512225915712755,0.0,0.0,-0.20613040418665865,-0.9629916694411585,-0.9629916694411585,0.2960373776795198,0.2102442417296108,-0.22941573387056177,-0.23227172080338654,0.0,0.0,0.0,0.0,0.0,0.0,0.2363131160704707,-0.583628819699762,0.5315530579843429,0,0
119.77960969605479,1006,1006032,0,0.34449187750836524,-0.857048888284903,0.0,-1.5496980895381303,-23.93157344232101,0.0,-0.06317160540549178,0.8952833310040319,0.8952833310040319,1.325300886928351,0.2338057277906446,-0.18028181973580326,0.0,0.0,-0.1706040443466581,-0.5131471108217186,-0.5131471108217186,0.1263344223218333,0.2102442417296108,-0.22941573387056177,-0.2317327783872213,0.0,0.0,0.0,0.0,0.0,0.0,0.09459264932478191,-0.7569226367898296,0.24772089909915387,0,0
112.21203618420525,1019,1019025,0,0.5083088397970636,-0.8386566982403331,0.0,-17.376302103923766,9.800501167249662,0.0,-0.15733784321247446,-0.19003518656051338,-0.19003518656051338,-1.1027312723296967,-1.2971787341467416,-0.19428444376362033,0.0,0.0,-0.10835891325937515,1.5583684476671573,1.5583684476671573,-0.26963914017943513,0.2102442417296108,-0.22941573387056177,-0.23190107754136866,0.0,0.0,0.0,0.0,0.0,0.0,-0.17354559411592935,1.4958969853810502,-0.5126694713536888,0,0
101.08979384425001,1004,1004002,3,0.19949128019946677,-0.5900306350271424,0.0,18.585679703128186,-1.280400464997585,0.0,-0.18816159957334697,1.7371753675310497,1.7371753675310497,1.325300886928351,-1.1110259814242982,2.4848411754825372,0.0,0.0,3.4771213799792458,0.9957544479679563,0.9957544479679563,-1.5706951312550315,0.2102442417296108,-0.22941573387056177,-0.19970035754218063,0.0,0.0,0.0,0.0,0.0,0.0,-1.5055835117468375,-1.103510270969965,-1.6302332399648864,3,1
131.80288471884046,1017,1017057,0,-0.718042949532254,0.8010271355220652,0.0,4.783669788272565,13.354964151385625,0.0,-0.2919440134913492,-0.9430101894797384,-0.9430101894797384,-1.1027312723296967,1.2242119293709595,-0.2143005306131605,0.0,0.0,-0.19967536209167527,-0.8667902801576378,-0.8667902801576378,1.5405257169692206,0.2102442417296108,-0.22941573387056177,-0.2321416531991472,0.0,0.0,0.0,0.0,0.0,0.0,1.4833872471812137,1.1493093512009147,1.4558205012129588,0,0
132.89839660419773,1016,1016053,0,-0.950070392689893,0.1459192396950547,0.0,-13.28709936806187,3.646546868613464,0.0,-0.3014597953260249,-0.05800679269001393,-0.05800679269001393,0.11128480729932706,1.6466845077399468,-0.21571553792857157,0.0,0.0,-0.20253078792244344,-0.9622505382103007,-0.9622505382103007,1.3142551098256388,-1.699000764247398,-0.22941573387056177,-0.23215866033536844,0.0,0.0,0.0,0.0,0.0,0.0,1.2518744900763215,0.9760155341108472,1.565897619993231,0,0
118.43982247554067,1013,1013032,0,-1.0222334950387826,0.25734970611113767,0.0,8.966626336535008,-6.622551768963632,0.0,-0.36291050996570695,1.4322867854548724,1.4322867854548724,1.325300886928351,-0.6869799914425088,-0.22485332736753919,0.0,0.0,-0.18327147883921205,0.2306397514546067,0.2306397514546067,0.1263344223218333,0.2102442417296108,-0.22941573387056177,-0.23226848848117165,0.0,0.0,0.0,0.0,0.0,0.0,0.1401152413569373,0.4561340828406441,0.11309897579183327,0,0
125.9140276895216,1003,1003046,16,0.6921568738419476,-1.1377165286586062,0.0,17.146246693248383,-17.401030956562966,0.0,-0.05271875687869985,1.3481221050231313,1.3481221050231313,1.325300886928351,0.3087501396317395,-0.17872746956371346,0.0,0.0,-0.17119367961199078,-0.5496681383247145,-0.5496681383247145,0.9182815473243703,0.2102442417296108,-0.22941573387056177,-0.23171409647312494,0.0,0.0,0.0,0.0,0.0,0.0,0.8822032118135238,-1.2768040880600326,0.8641076924696985,0,0
124.11171184062987,1004,1004039,3,0.33135607901401853,-0.7112913709232703,0.0,18.585679703128186,-1.280400464997585,0.0,-0.18816159957334697,1.7371753675310497,1.7371753675310497,-1.1027312723296967,0.6383236775721578,4.205841283933189,0.0,0.0,2.0878459773343763,-0.6873917196688816,-0.6873917196688816,0.5223079848231018,0.2102442417296108,-0.22941573387056177,-0.17901545862863705,0.0,0.0,0.0,0.0,0.0,0.0,0.47885110918162105,-1.103510270969965,0.6830108568901164,3,1
129.476225631961,1015,1015053,0,-0.1203990280740716,0.6269586896153344,0.0,10.904135631270758,11.576128422838552,0.0,-0.25184069638838796,-1.1641709918683423,-1.1641709918683423,0.11128480729932706,0.0579657554330424,-0.20833712287022454,0.0,0.0,-0.18491382006136609,-0.4179464333902602,-0.4179464333902602,1.3142551098256388,0.2102442417296108,-0.22941573387056177,-0.23206997831328452,0.0,0.0,0.0,0.0,0.0,0.0,1.2851879767239855,0.8027217170207794,1.2220376166173188,0,0
129.66553815742193,1015,1015054,0,-0.11717735674447484,0.6302316278235753,0.0,10.904135631270758,11.576128422838552,0.0,-0.25184069638838796,-1.1641709918683423,-1.1641709918683423,-1.1027312723296967,-1.4671681423694316,-0.20833712287022454,0.0,0.0,-0.11040550075058296,2.1046020134003918,2.1046020134003918,1.3708227616115343,0.2102442417296108,-0.22941573387056177,-0.23206997831328452,0.0,0.0,0.0,0.0,0.0,0.0,1.4959951164804954,0.8027217170207794,1.2410597537846946,0,0
106.9545825939343,1011,1011011,0,0.5608046854173777,-0.24407321945159902,0.0,-11.712368884762107,21.247785241361655,0.0,-0.056623791325879136,-0.48745613496279744,-0.48745613496279744,1.325300886928351,-0.6985728717998075,-0.17930815251816654,0.0,0.0,-0.13852410062546494,0.2458151410686456,0.2458151410686456,-1.061586265181972,0.2102442417296108,-0.22941573387056177,-0.23172107576856757,0.0,0.0,0.0,0.0,0.0,0.0,-1.0437246498749102,0.10954644866050875,-1.0409388138166324,0,0
121.22751508801416,1012,1012036,0,-0.47522384118163735,-1.1348230834269215,0.0,-0.06649188858177275,-15.18284542853341,0.0,-0.2686569264893571,0.927679299170554,0.927679299170554,-1.1027312723296967,0.2545936540113928,-0.21083771494179077,0.0,0.0,-0.18927827051972454,-0.5235006411133977,-0.5235006411133977,0.3526050294654153,0.2102442417296108,-0.22941573387056177,-0.23210003321797068,0.0,0.0,0.0,0.0,0.0,0.0,0.3196291991148067,0.2828402657505764,0.3932065446166652,0,0
105.69602243754137,1019,1019012,0,0.575049530718683,-0.8746785560032356,0.0,-17.376302103923766,9.800501167249662,0.0,-0.15733784321247446,-0.19003518656051338,-0.19003518656051338,1.325300886928351,-1.408221722247038,-0.19428444376362033,0.0,0.0,-0.09261596702320223,2.0197709856099006,2.0197709856099006,-1.0050186133960766,0.2102442417296108,-0.22941573387056177,-0.23190107754136866,0.0,0.0,0.0,0.0,0.0,0.0,-0.8787342317612036,1.4958969853810502,-1.167399035452843,0,0
127.6063812211057,1010,1010052,0,-0.9522397611589668,0.0342820829766742,0.0,-3.330296274990087,9.95568497806392,0.0,-0.3780720260386732,-0.5847070204353849,-0.5847070204353849,-1.1027312723296967,-1.8075840142747044,-0.22710786162743654,0.0,0.0,-0.08489487592610388,2.1046020134003918,2.1046020134003918,1.2576874580397432,0.2102442417296108,-0.22941573387056177,-0.23229558598862335,0.0,0.0,0.0,0.0,0.0,0.0,1.383160003819541,-0.06374736842955891,1.0341555059205259,0,0
100.53320378902696,1020,1020000,0,-0.08911364717828327,-0.11389400011821531,0.0,5.181994831053066,9.975893117410907,0.0,-0.3607064661279383,-1.015626401212372,-1.015626401212372,-1.1027312723296967,-0.2626679390523189,-0.26356477564364394,0.0,0.0,-0.22076960836443846,-0.19989314642610573,-0.19989314642610573,-1.6838304348268225,0.2102442417296108,-0.22941573387056177,-0.23273376584545316,0.0,0.0,0.0,0.0,0.0,0.0,-1.6915968161914585,1.6691908024711177,-1.6861594516652059,0,0
120.7710987692196,1007,1007032,0,0.31135124366602374,-0.34367908898367105,0.0,-8.744406652123791,6.787743277081043,0.0,-0.36471904919391884,-0.2687837795106529,-0.2687837795106529,1.325300886928351,-0.7012597067405276,-0.22512225915712755,0.0,0.0,-0.18317745140496192,0.2493657654770578,0.2493657654770578,0.1263344223218333,0.2102442417296108,-0.22941573387056177,-0.23227172080338654,0.0,0.0,0.0,0.0,0.0,0.0,0.14126134481744157,-0.583628819699762,0.3473457976829904,0,0
131.03822724594485,1012,1012056,0,-0.4756167471731568,-1.2206765105793391,0.0,-0.06649188858177275,-15.18284542853341,0.0,-0.2686569264893571,0.927679299170554,0.927679299170554,-1.1027312723296967,0.008988675425111859,-0.21083771494179077,0.0,0.0,-0.18577868719187834,-0.3887326660369508,-0.3887326660369508,1.483958065183325,0.2102442417296108,-0.22941573387056177,-0.23210003321797068,0.0,0.0,0.0,0.0,0.0,0.0,1.4562286396695943,0.2828402657505764,1.3789876593285435,0,0
113.36383822608535,1006,1006022,0,0.3490705236967708,-0.789386749233162,0.0,-1.5496980895381303,-23.93157344232101,0.0,-0.06317160540549178,0.8952833310040319,0.8952833310040319,-1.1027312723296967,-1.1508062238124448,-0.18028181973580326,0.0,0.0,-0.10447103705757618,1.0992279318588671,1.0992279318588671,-0.4393420955371216,0.2102442417296108,-0.22941573387056177,-0.2317327783872213,0.0,0.0,0.0,0.0,0.0,0.0,-0.3708994133785644,-0.7569226367898296,-0.39693631330214607,0,0
110.87270139044496,1002,1002018,4,0.2553220522695591,0.7604872730707937,0.0,150.0,150.0,0.0,4.330898892721817,-1.1802296948739384,-1.1802296948739384,0.11128480729932706,-0.5770831150024566,-0.22282282213147617,0.0,0.0,-0.18397518393808135,0.0975434850143587,0.0975434850143587,-0.6656127026807036,0.2102442417296108,-0.22941573387056177,-0.23224408360441126,0.0,0.0,0.0,0.0,0.0,0.0,-0.657876546272224,-1.4500979051501004,-0.6472459347858704,4,1
105.70184840540234,1005,1005010,0,-1.0683551208328383,-0.8316105009639805,0.0,-7.753988978814018,21.08743772142768,0.0,-0.09852599186506747,-0.5688275486850495,-0.5688275486850495,1.325300886928351,-0.9000963130715551,-0.1855390562237065,0.0,0.0,-0.13280880181726817,0.5528271070736321,0.5528271070736321,-1.1181539169678676,0.2102442417296108,-0.22941573387056177,-0.23179596571927485,0.0,0.0,0.0,0.0,0.0,0.0,-1.0813519032486205,-0.9302164538798973,-1.1668136417525883,0,0
119.47737071778906,1005,1005032,0,-1.1187559693009295,-0.7004445948466781,0.0,-7.753988978814018,21.08743772142768,0.0,-0.09852599186506747,-0.5688275486850495,-0.5688275486850495,-1.1027312723296967,1.088121001593957,-0.1855390562237065,0.0,0.0,-0.18597780222158158,-0.8308177717823207,-0.8308177717823207,0.1263344223218333,0.2102442417296108,-0.22941573387056177,-0.23179596571927485,0.0,0.0,0.0,0.0,0.0,0.0,0.07514999359510571,-0.9302164538798973,0.21735190323952838,0,0
104.93412109703912,1010,1010009,0,-0.909929927824768,-0.08675378015818855,0.0,-3.330296274990087,9.95568497806392,0.0,-0.3780720260386732,-0.5847070204353849,-0.5847070204353849,-1.1027312723296967,0.3968829378392852,-0.22710786162743654,0.0,0.0,-0.20018818260432078,-0.5899201208585912,-0.5899201208585912,-1.174721568753763,0.2102442417296108,-0.22941573387056177,-0.23229558598862335,0.0,0.0,0.0,0.0,0.0,0.0,-1.2077099472260935,-0.06374736842955891,-1.2439549409416855,0,0
132.99064225929965,1001,1001059,1,3.6038708037597713,3.5344370345646494,0.0,-5.958580837432313,10.181873359807902,0.0,-0.34772753564590486,-0.4736501414509813,-0.4736501414509813,-1.1027312723296967,1.0048596156793306,-0.26356477564364394,0.0,0.0,-0.22076960836443846,-0.8073037365825327,-0.8073037365825327,1.6536610205410116,-1.699000764247398,4.358898943540674,4.358585241966482,0.0,0.0,0.0,0.0,0.0,0.0,1.5998631631312785,-1.623391722240168,1.5751664705363784,1,1
122.66662243465187,1006,1006037,0,0.34220255441416253,-0.8908799578107734,0.0,-1.5496980895381303,-23.93157344232101,0.0,-0.06317160540549178,0.8952833310040319,0.8952833310040319,0.11128480729932706,-1.0452965429302594,-0.18028181973580326,0.0,0.0,-0.1150874650527069,0.8403910175334809,0.8403910175334809,0.4091726812513108,0.2102442417296108,-0.22941573387056177,-0.2317327783872213,0.0,0.0,0.0,0.0,0.0,0.0,0.45952212547618837,-0.7569226367898296,0.5378081618613202,0,0
129.2592274522085,1009,1009052,0,-0.6658854807943241,-0.7091880396680866,0.0,14.64923024777079,8.610220672323951,0.0,-0.22640391027819448,-1.3167376214261457,-1.3167376214261457,1.325300886928351,1.3543936867465267,-0.2045546445566401,0.0,0.0,-0.19642745311597082,-0.8986238199053782,-0.8986238199053782,1.2576874580397432,0.2102442417296108,-0.22941573387056177,-0.2320245162699209,0.0,0.0,0.0,0.0,0.0,0.0,1.1993511315149137,-0.2370411855196266,1.2002336227702521,0,0
111.11799387575688,1014,1014017,0,0.11742904787857691,0.4609708595525868,0.0,-8.136546240266938,20.588589061973188,0.0,-0.10622813487034453,-0.555931766616366,-0.555931766616366,0.11128480729932706,-0.13057685124476054,-0.186684373433175,0.0,0.0,-0.1663109524261771,-0.2979043173496033,-0.2979043173496033,-0.7221803544665991,0.2102442417296108,-0.22941573387056177,-0.2318097314189895,0.0,0.0,0.0,0.0,0.0,0.0,-0.7384970159506642,0.6294278999307118,-0.6225989269327489,0,0
104.3324101451231,1003,1003005,16,0.4844538056445951,-0.9360037990646359,0.0,17.146246693248383,-17.401030956562966,0.0,-0.05271875687869985,1.3481221050231313,1.3481221050231313,0.11128480729932706,-1.6880728431763554,-0.17872746956371346,0.0,0.0,0.021763270120881143,2.1046020134003918,2.1046020134003918,-1.400992175897345,0.2102442417296108,-0.22941573387056177,-0.23171409647312494,0.0,0.0,0.0,0.0,0.0,0.0,-1.2684651437128807,-1.2768040880600326,-1.304414903823649,0,0
107.98971472315124,1003,1003015,16,0.5351130905707786,-0.9852020257948726,0.0,17.146246693248383,-17.401030956562966,0.0,-0.05271875687869985,1.3481221050231313,1.3481221050231313,-1.1027312723296967,-0.4576576252497279,-0.17872746956371346,0.0,0.0,-0.14940051398820653,-0.02806838646749576,-0.02806838646749576,-0.83531565803839,0.2102442417296108,-0.22941573387056177,-0.23171409647312494,0.0,0.0,0.0,0.0,0.0,0.0,-0.8348171407566706,-1.2768040880600326,-0.9369286575927874,0,0
127.5756335116697,1005,1005047,0,-1.153120184165537,-0.6110132952212446,0.0,-7.753988978814018,21.08743772142768,0.0,-0.09852599186506747,-0.5688275486850495,-0.5688275486850495,1.325300886928351,0.204665739236152,-0.1855390562237065,0.0,0.0,-0.17320147153204124,-0.4983325944285163,-0.4983325944285163,0.9748491991102657,0.2102442417296108,-0.22941573387056177,-0.23179596571927485,0.0,0.0,0.0,0.0,0.0,0.0,0.9417626991729829,-0.9302164538798973,1.0310659737036247,0,0
117.09921891270015,1010,1010033,0,-0.9335447185229255,-0.01919887980384655,0.0,-3.330296274990087,9.95568497806392,0.0,-0.3780720260386732,-0.5847070204353849,-0.5847070204353849,1.325300886928351,-1.5383210838566237,-0.22710786162743654,0.0,0.0,-0.14009488118826927,2.1046020134003918,2.1046020134003918,0.18290207410772882,0.2102442417296108,-0.22941573387056177,-0.23229558598862335,0.0,0.0,0.0,0.0,0.0,0.0,0.311226433540477,-0.06374736842955891,-0.02160497365543914,0,0
101.69346868939496,1002,1002001,4,0.2741856178674171,0.707066383506694,0.0,150.0,150.0,0.0,4.330898892721817,-1.1802296948739384,-1.1802296948739384,-1.1027312723296967,0.9828688264617086,-0.22282282213147617,0.0,0.0,-0.2020021595593652,-0.8008879701931118,-0.8008879701931118,-1.627262783040927,0.2102442417296108,-0.22941573387056177,-0.23224408360441126,0.0,0.0,0.0,0.0,0.0,0.0,-1.6719624346700286,-1.4500979051501004,-1.569575944939728,4,1
130.8836754700983,1019,1019059,0,0.33375626354052046,-0.7444456856296648,0.0,-17.376302103923766,9.800501167249662,0.0,-0.15733784321247446,-0.19003518656051338,-0.19003518656051338,0.11128480729932706,1.5775673651997457,-0.19428444376362033,0.0,0.0,-0.19387880733946794,-0.9480935309987774,-0.9480935309987774,1.6536610205410116,0.2102442417296108,-0.22941573387056177,-0.23190107754136866,0.0,0.0,0.0,0.0,0.0,0.0,1.5912462908812268,1.4958969853810502,1.363458284964873,0,0
107.34249872170336,1018,1018014,0,0.28312160522322444,0.21077920364719938,0.0,10.7390102939936,-2.217324012489014,0.0,-0.36715165865048555,1.6647215517221783,1.6647215517221783,-1.1027312723296967,-1.5028720482253284,-0.22548399088200255,0.0,0.0,-0.14077967703616656,2.1046020134003918,2.1046020134003918,-0.8918833098242855,0.2102442417296108,-0.22941573387056177,-0.23227606849873303,0.0,0.0,0.0,0.0,0.0,0.0,-0.760707136738587,1.3226031682909825,-1.0019609713632915,0,0
120.86705274014078,1004,1004034,3,0.2021282507943111,-0.38353082354506574,0.0,18.585679703128186,-1.280400464997585,0.0,-0.18816159957334697,1.7371753675310497,1.7371753675310497,0.11128480729932706,-0.42076216019907736,1.9642436653036892,0.0,0.0,1.6145275626898772,-0.063467715413758,-0.063467715413758,0.2394697258936243,0.2102442417296108,-0.22941573387056177,-0.20595747909598836,0.0,0.0,0.0,0.0,0.0,0.0,0.23494985561316792,-1.103510270969965,0.3569872600858233,3,1
121.08779421959606,1017,1017039,0,-0.743483334896948,0.7330614500013901,0.0,4.783669788272565,13.354964151385625,0.0,-0.2919440134913492,-0.9430101894797384,-0.9430101894797384,1.325300886928351,0.058843613917430655,-0.2143005306131605,0.0,0.0,-0.1887979038436631,-0.4184585057486129,-0.4184585057486129,0.5223079848231018,0.2102442417296108,-0.22941573387056177,-0.2321416531991472,0.0,0.0,0.0,0.0,0.0,0.0,0.49531084731644226,1.1493093512009147,0.3791673809758931,0,0
116.0554012185811,1017,1017031,0,-0.754790172836812,0.7028544786588679,0.0,4.783669788272565,13.354964151385625,0.0,-0.2919440134913492,-0.9430101894797384,-0.9430101894797384,0.11128480729932706,-0.23749024552382778,-0.2143005306131605,0.0,0.0,-0.18397299217508953,-0.21959208305894545,-0.21959208305894545,0.06976677053593783,0.2102442417296108,-0.22941573387056177,-0.2321416531991472,0.0,0.0,0.0,0.0,0.0,0.0,0.056141780019314455,1.1493093512009147,-0.1264878561109061,0,0
102.58744416524607,1010,1010005,0,-0.9059941293750752,-0.09801293021724555,0.0,-3.330296274990087,9.95568497806392,0.0,-0.3780720260386732,-0.5847070204353849,-0.5847070204353849,-1.1027312723296967,-1.501511509536698,-0.22710786162743654,0.0,0.0,-0.14433959653236492,2.1046020134003918,2.1046020134003918,-1.400992175897345,0.2102442417296108,-0.22941573387056177,-0.23229558598862335,0.0,0.0,0.0,0.0,0.0,0.0,-1.2684651437128807,-0.06374736842955891,-1.4797492201390012,0,0
127.3761150811476,1012,1012048,0,-0.475459584776549,-1.1863351397183721,0.0,-0.06649188858177275,-15.18284542853341,0.0,-0.2686569264893571,0.927679299170554,0.927679299170554,-1.1027312723296967,-0.48753979556763294,-0.21083771494179077,0.0,0.0,-0.1756396369176227,0.0017193240005790522,0.0017193240005790522,1.0314168508961612,0.2102442417296108,-0.22941573387056177,-0.23210003321797068,0.0,0.0,0.0,0.0,0.0,0.0,1.0287853396103201,0.2828402657505764,1.0110183464081242,0,0
117.71279485677428,1007,1007027,0,0.3242690966523219,-0.35327463920038177,0.0,-8.744406652123791,6.787743277081043,0.0,-0.36471904919391884,-0.2687837795106529,-0.2687837795106529,-1.1027312723296967,0.2434901300723259,-0.22512225915712755,0.0,0.0,-0.1977054568071998,-0.5179923836661882,-0.5179923836661882,-0.15650383660764414,0.2102442417296108,-0.22941573387056177,-0.23227172080338654,0.0,0.0,0.0,0.0,0.0,0.0,-0.1877916815007203,-0.583628819699762,0.04004718455418102,0,0
108.7238693303479,1003,1003017,16,0.5452449475560154,-0.9950416711409199,0.0,17.146246693248383,-17.401030956562966,0.0,-0.05271875687869985,1.3481221050231313,1.3481221050231313,1.325300886928351,-1.5383345997572808,-0.17872746956371346,0.0,0.0,-0.033031115399061825,2.1046020134003918,2.1046020134003918,-0.7221803544665991,0.2102442417296108,-0.22941573387056177,-0.23171409647312494,0.0,0.0,0.0,0.0,0.0,0.0,-0.5914544677471559,-1.2768040880600326,-0.8631607460076787,0,0
111.55202620980323,1017,1017023,0,-0.766097010776676,0.6726475073163456,0.0,4.783669788272565,13.354964151385625,0.0,-0.2919440134913492,-0.9430101894797384,-0.9430101894797384,-1.1027312723296967,-0.6407418678136015,-0.2143005306131605,0.0,0.0,-0.17446351706619734,0.17235608645457096,0.17235608645457096,-0.3827744437512261,0.2102442417296108,-0.22941573387056177,-0.2321416531991472,0.0,0.0,0.0,0.0,0.0,0.0,-0.371209948151094,1.1493093512009147,-0.5789873245139235,0,0
128.34212433233364,1009,1009051,0,-0.6702136555975207,-0.7116224218026381,0.0,14.64923024777079,8.610220672323951,0.0,-0.22640391027819448,-1.3167376214261457,-1.3167376214261457,-1.1027312723296967,1.603243081899081,-0.2045546445566401,0.0,0.0,-0.19801971552162528,-0.9534126450798273,-0.9534126450798273,1.2011198062538477,0.2102442417296108,-0.22941573387056177,-0.2320245162699209,0.0,0.0,0.0,0.0,0.0,0.0,1.139580290173857,-0.2370411855196266,1.1080830305132803,0,0
129.85160428383097,1003,1003053,16,0.7276183732902761,-1.1721552873697716,0.0,17.146246693248383,-17.401030956562966,0.0,-0.05271875687869985,1.3481221050231313,1.3481221050231313,1.325300886928351,1.504918710677288,-0.17872746956371346,0.0,0.0,-0.1871949440846858,-0.9326439630599076,-0.9326439630599076,1.3142551098256388,0.2102442417296108,-0.22941573387056177,-0.23171409647312494,0.0,0.0,0.0,0.0,0.0,0.0,1.2536865253654577,-1.2768040880600326,1.259755692524814,0,0
114.83210223663488,1016,1016021,0,-0.8244471068904714,0.11292742166821175,0.0,-13.28709936806187,3.646546868613464,0.0,-0.3014597953260249,-0.05800679269001393,-0.05800679269001393,-1.1027312723296967,0.24709423120693755,-0.21571553792857157,0.0,0.0,-0.1921040184224767,-0.5197857899113562,-0.5197857899113562,-0.4959097473230171,0.2102442417296108,-0.22941573387056177,-0.23215866033536844,0.0,0.0,0.0,0.0,0.0,0.0,-0.5264067827840488,0.9760155341108472,-0.24940503221764032,0,0
103.64375186475998,1003,1003003,16,0.4743219486593584,-0.9261641537185886,0.0,17.146246693248383,-17.401030956562966,0.0,-0.05271875687869985,1.3481221050231313,1.3481221050231313,1.325300886928351,0.640260539792476,-0.17872746956371346,0.0,0.0,-0.17697783471736983,-0.6881066708331215,-0.6881066708331215,-1.514127479469136,0.2102442417296108,-0.22941573387056177,-0.23171409647312494,0.0,0.0,0.0,0.0,0.0,0.0,-1.5522246764529153,-1.2768040880600326,-1.373611340977618,0,0
124.14126745440126,1020,1020048,0,-0.015623655159716306,0.021490047685059768,0.0,5.181994831053066,9.975893117410907,0.0,-0.3607064661279383,-1.015626401212372,-1.015626401212372,0.11128480729932706,0.16737279792053317,-0.2245255836037462,0.0,0.0,-0.19659474197351984,-0.47884140093212146,-0.47884140093212146,1.0314168508961612,0.2102442417296108,-0.22941573387056177,-0.23226454929105175,0.0,0.0,0.0,0.0,0.0,0.0,0.9993731908654009,1.6691908024711177,0.6859806072426436,0,0
113.26075961855861,1005,1005023,0,-1.0981374403821649,-0.7541033746219382,0.0,-7.753988978814018,21.08743772142768,0.0,-0.09852599186506747,-0.5688275486850495,-0.5688275486850495,1.325300886928351,0.2531559236868489,-0.1855390562237065,0.0,0.0,-0.17414129895509395,-0.5227902180630911,-0.5227902180630911,-0.3827744437512261,0.2102442417296108,-0.22941573387056177,-0.23179596571927485,0.0,0.0,0.0,0.0,0.0,0.0,-0.4137555525818718,-0.9302164538798973,-0.4072936597409076,0,0
108.51293320361579,1013,1013014,0,-1.0699195686013694,0.2910529991916417,0.0,8.966626336535008,-6.622551768963632,0.0,-0.36291050996570695,1.4322867854548724,1.4322867854548724,1.325300886928351,-0.31244320364728084,-0.22485332736753919,0.0,0.0,-0.19070763361216544,-0.1594036427981885,-0.1594036427981885,-0.8918833098242855,0.2102442417296108,-0.22941573387056177,-0.23226848848117165,0.0,0.0,0.0,0.0,0.0,0.0,-0.8992729155561902,0.4561340828406441,-0.8843556242994542,0,0
115.2357950040526,1014,1014023,0,0.10300519331699227,0.49589713749284753,0.0,-8.136546240266938,20.588589061973188,0.0,-0.10622813487034453,-0.555931766616366,-0.555931766616366,0.11128480729932706,-0.012380405481213158,-0.18668437343317387,0.0,0.0,-0.1692518435661758,-0.37557680745064037,-0.37557680745064037,-0.3827744437512261,0.2102442417296108,-0.22941573387056177,-0.2318097314189895,0.0,0.0,0.0,0.0,0.0,0.0,-0.40474553052735057,0.6294278999307118,-0.20884195179493387,0,0
101.24479211368448,1019,1019002,0,0.6263885237353134,-0.9023876773593145,0.0,-17.376302103923766,9.800501167249662,0.0,-0.15733784321247446,-0.19003518656051338,-0.19003518656051338,1.325300886928351,-0.8441848566857973,-0.19428444376362033,0.0,0.0,-0.14588589444137848,0.45850797053989983,0.45850797053989983,-1.5706951312550315,0.2102442417296108,-0.22941573387056177,-0.23190107754136866,0.0,0.0,0.0,0.0,0.0,0.0,-1.538465044687364,1.4958969853810502,-1.6146590018910467,0,0
132.6920869121744,1018,1018058,0,0.42272851774365444,0.18319526318977447,0.0,10.7390102939936,-2.217324012489014,0.0,-0.36715165865048555,1.6647215517221783,1.6647215517221783,1.325300886928351,-0.5198179493800014,-0.2254839908820019,0.0,0.0,-0.18754987654807725,0.03508505083730702,0.03508505083730702,1.597093368755116,-0.2670670097646414,-0.22941573387056177,-0.23227606849873303,0.0,0.0,0.0,0.0,0.0,0.0,1.5950030126210837,1.3226031682909825,1.5451676062180115,0,0
116.03722018481531,1014,1014026,0,0.09579326603619995,0.5133602764629779,0.0,-8.136546240266938,20.588589061973188,0.0,-0.10622813487034453,-0.555931766616366,-0.555931766616366,0.11128480729932706,-1.7319511339932305,-0.18668437343317387,0.0,0.0,0.01957156675618419,2.1046020134003918,2.1046020134003918,-0.21307148839353965,0.2102442417296108,-0.22941573387056177,-0.2318097314189895,0.0,0.0,0.0,0.0,0.0,0.0,-0.08369646077286234,0.6294278999307118,-0.12831468778670468,0,0
116.82202488758095,1004,1004027,3,0.012459533294864772,-0.5614044021615281,0.0,18.585679703128186,-1.280400464997585,0.0,-0.18816159957334697,1.7371753675310497,1.7371753675310497,0.11128480729932706,1.006349232941648,3.7492722075284517,0.0,0.0,1.6141791273872275,-0.8077351478164407,-0.8077351478164407,-0.15650383660764414,0.2102442417296108,-0.22941573387056177,-0.18450301504778455,0.0,0.0,0.0,0.0,0.0,0.0,-0.2055250434564747,-1.103510270969965,-0.049457450690206545,3,1
134.38999043633424,1007,1007055,0,0.25192911992905226,-0.29953955798680176,0.0,-8.744406652123791,6.787743277081043,0.0,-0.36471904919391884,-0.2687837795106529,-0.2687837795106529,0.11128480729932706,0.7795124541344611,-0.22512225915712755,0.0,0.0,-0.20185321269614928,-0.7370736817466503,-0.7370736817466503,1.4273904133974298,-5.040179524707164,-0.22941573387056177,-0.23227172080338654,0.0,0.0,0.0,0.0,0.0,0.0,1.3784912849526703,-0.583628819699762,1.7157730833511364,0,0
135.97248817590642,1016,1016057,0,-0.9657733034148207,0.15004321694841005,0.0,-13.28709936806187,3.646546868613464,0.0,-0.3014597953260249,-0.05800679269001393,-0.05800679269001393,0.11128480729932706,0.5389687259172186,-0.21571553792857157,0.0,0.0,-0.19515748920168588,-0.6493612235838174,-0.6493612235838174,1.5405257169692206,-5.517490776201416,-0.22941573387056177,-0.23215866033536844,0.0,0.0,0.0,0.0,0.0,0.0,1.4966947345009742,0.9760155341108472,1.8747825783431418,0,0
120.09852873344875,1002,1002033,4,0.23867772968321385,0.8076233520979403,0.0,150.0,150.0,0.0,4.330898892721817,-1.1802296948739384,-1.1802296948739384,1.325300886928351,-1.0577516725712925,-0.22282282213147617,0.0,0.0,-0.1685068037083572,0.8684592310303159,0.8684592310303159,0.18290207410772882,0.2102442417296108,-0.22941573387056177,-0.23224408360441126,0.0,0.0,0.0,0.0,0.0,0.0,0.2355697818444425,-1.4500979051501004,0.2797659085871666,4,1
108.73776555312486,1001,1001012,1,3.6038708037597713,3.5344370345646494,0.0,-5.958580837432313,10.181873359807902,0.0,-0.34772753564590486,-0.4736501414509813,-0.4736501414509813,-1.1027312723296967,1.482628818073117,-0.26356477564364394,0.0,0.0,-0.22076960836443846,-0.9277815962700733,-0.9277815962700733,-1.0050186133960766,0.2102442417296108,4.358898943540674,4.358585241966482,0.0,0.0,0.0,0.0,0.0,0.0,-1.0591356887963495,-1.623391722240168,-0.8617644524706916,1,1
130.36418130189276,1012,1012054,0,-0.4755774565740048,-1.2120911678640973,0.0,-0.06649188858177275,-15.18284542853341,0.0,-0.2686569264893571,0.927679299170554,0.927679299170554,-1.1027312723296967,0.5977208308475938,-0.21083771494179077,0.0,0.0,-0.193138999916874,-0.6721762503014654,-0.6721762503014654,1.3708227616115343,0.2102442417296108,-0.22941573387056177,-0.23210003321797068,0.0,0.0,0.0,0.0,0.0,0.0,1.3260456988806788,0.2828402657505764,1.3112594708547267,0,0
134.71857730506844,1006,1006057,0,0.33304526203735146,-1.026204235914257,0.0,-1.5496980895381303,-23.93157344232101,0.0,-0.06317160540549178,0.8952833310040319,0.8952833310040319,-1.1027312723296967,-0.27745951668918206,-0.18028181973580168,0.0,0.0,-0.15727111771369096,-0.1880798103901127,-0.1880798103901127,1.5405257169692206,-5.040179524707164,-0.22941573387056177,-0.23173277838722126,0.0,0.0,0.0,0.0,0.0,0.0,1.5249269158554113,-0.7569226367898296,1.7487895172782733,0,0
130.74140620231043,1003,1003054,16,0.7326843017828945,-1.1770751100427954,0.0,17.146246693248383,-17.401030956562966,0.0,-0.05271875687869985,1.3481221050231313,1.3481221050231313,0.11128480729932706,1.2485500164139798,-0.17872746956371346,0.0,0.0,-0.1846997737427767,-0.8729243127048952,-0.8729243127048952,1.3708227616115343,0.2102442417296108,-0.22941573387056177,-0.23171409647312494,0.0,0.0,0.0,0.0,0.0,0.0,1.3137591520088119,-1.2768040880600326,1.3491630579587688,0,0
133.6211715573655,1007,1007054,0,0.25451269052631187,-0.3014586680301439,0.0,-8.744406652123791,6.787743277081043,0.0,-0.36471904919391884,-0.2687837795106529,-0.2687837795106529,1.325300886928351,-0.6406506994017122,-0.22512225915712755,0.0,0.0,-0.18463754798056725,0.17224457954644712,0.17224457954644712,1.3708227616115343,-3.1309345187301547,-0.22941573387056177,-0.23227172080338654,0.0,0.0,0.0,0.0,0.0,0.0,1.3777274734457419,-0.583628819699762,1.6385221030633608,0,0
132.6987669517813,1005,1005055,0,-1.171447765426661,-0.5633166020876801,0.0,-7.753988978814018,21.08743772142768,0.0,-0.09852599186506747,-0.5688275486850495,-0.5688275486850495,0.11128480729932706,0.3635900720136482,-0.1855390562237065,0.0,0.0,-0.17614907947267228,-0.5750397471098826,-0.5750397471098826,1.4273904133974298,-0.2670670097646414,-0.22941573387056177,-0.23179596571927485,0.0,0.0,0.0,0.0,0.0,0.0,1.3884083795881688,-0.9302164538798973,1.545838817113204,0,0
126.66544638328834,1004,1004045,3,0.45593622854410804,-0.19529953896718522,0.0,18.585679703128186,-1.280400464997585,0.0,-0.18816159957334697,1.7371753675310497,1.7371753675310497,0.11128480729932706,-0.04555069950775352,3.3504508427149386,0.0,0.0,2.2382586599026837,-0.3546388478874573,-0.3546388478874573,0.8617138955384748,0.2102442417296108,-0.22941573387056177,-0.18929649505700769,0.0,0.0,0.0,0.0,0.0,0.0,0.8377221917048946,-1.103510270969965,0.9396103008056215,3,1
104.44456969293726,1005,1005007,0,-1.061482277859917,-0.8494967608890672,0.0,-7.753988978814018,21.08743772142768,0.0,-0.09852599186506747,-0.5688275486850495,-0.5688275486850495,0.11128480729932706,1.0237383296005984,-0.1855390562237065,0.0,0.0,-0.185283199485111,-0.8127417592214586,-0.8127417592214586,-1.2878568723255541,0.2102442417296108,-0.22941573387056177,-0.23179596571927485,0.0,0.0,0.0,0.0,0.0,0.0,-1.3341825937742229,-0.9302164538798973,-1.2931451038040405,0,0
133.29501097541475,1009,1009059,0,-0.6355882571719478,-0.6921473647262261,0.0,14.64923024777079,8.610220672323951,0.0,-0.22640391027819448,-1.3167376214261457,-1.3167376214261457,1.325300886928351,-0.48131474869490204,-0.2045546445566401,0.0,0.0,-0.17044467204722105,-0.0045714046336622315,-0.0045714046336622315,1.6536610205410116,-2.6536232672359024,-0.22941573387056177,-0.2320245162699209,0.0,0.0,0.0,0.0,0.0,0.0,1.6489934426665909,-0.2370411855196266,1.6057494626194586,0,0
127.31725809541793,1006,1006045,0,0.33853963746343807,-0.9450096690521663,0.0,-1.5496980895381303,-23.93157344232101,0.0,-0.06317160540549178,0.8952833310040319,0.8952833310040319,-1.1027312723296967,1.0624021221464246,-0.18028181973580326,0.0,0.0,-0.18334093213830804,-0.8236825127112661,-0.8236825127112661,0.8617138955384748,0.2102442417296108,-0.22941573387056177,-0.2317327783872213,0.0,0.0,0.0,0.0,0.0,0.0,0.8090149309532134,-0.7569226367898296,1.0051043919400706,0,0
102.52390656441064,1012,1012003,0,-0.4745755462956303,-0.9931649286254327,0.0,-0.06649188858177275,-15.18284542853341,0.0,-0.2686569264893571,0.927679299170554,0.927679299170554,0.11128480729932706,0.48052195508408124,-0.21083771494179077,0.0,0.0,-0.19193142385230208,-0.62567283382951,-0.62567283382951,-1.514127479469136,0.2102442417296108,-0.22941573387056177,-0.23210003321797068,0.0,0.0,0.0,0.0,0.0,0.0,-1.5484034875679444,0.2828402657505764,-1.4861334831740793,0,0
100.80861839651126,1004,1004001,3,-0.01571598316290043,-0.6775312046658398,0.0,18.585679703128186,-1.280400464997585,0.0,-0.18816159957334697,1.7371753675310497,1.7371753675310497,0.11128480729932706,-1.255730851076944,5.574705023611974,0.0,0.0,8.83679108906816,1.4139251834759734,1.4139251834759734,-1.627262783040927,0.2102442417296108,-0.22941573387056177,-0.1625629273692627,0.0,0.0,0.0,0.0,0.0,0.0,-1.5364074245783443,-1.103510270969965,-1.6584857706517082,3,1
123.46406641820417,1003,1003043,16,0.6769590883640926,-1.1229570606395352,0.0,17.146246693248383,-17.401030956562966,0.0,-0.05271875687869985,1.3481221050231313,1.3481221050231313,-1.1027312723296967,0.613260898986859,-0.17872746956371346,0.0,0.0,-0.17655771895602673,-0.6780515792208824,-0.6780515792208824,0.7485785919666837,0.2102442417296108,-0.22941573387056177,-0.23171409647312494,0.0,0.0,0.0,0.0,0.0,0.0,0.7050929867129215,-1.2768040880600326,0.6179353948666225,0,0
116.93321292727929,1013,1013028,0,-1.032830400274913,0.2648393267956941,0.0,8.966626336535008,-6.622551768963632,0.0,-0.36291050996570695,1.4322867854548724,1.4322867854548724,1.325300886928351,0.5890766246079446,-0.22485332736753919,0.0,0.0,-0.20042076625114416,-0.6688797549838154,-0.6688797549838154,-0.09993618482174865,0.2102442417296108,-0.22941573387056177,-0.23226848848117165,0.0,0.0,0.0,0.0,0.0,0.0,-0.14060900762874132,0.4561340828406441,-0.038285267881046366,0,0
110.73140979611159,1007,1007016,0,0.35268837322217783,-0.37438484967714536,0.0,-8.744406652123791,6.787743277081043,0.0,-0.36471904919391884,-0.2687837795106529,-0.2687837795106529,-1.1027312723296967,0.7917880315399807,-0.22512225915712755,0.0,0.0,-0.20193079955966095,-0.741171760618026,-0.741171760618026,-0.7787480062524946,0.2102442417296108,-0.22941573387056177,-0.23227172080338654,0.0,0.0,0.0,0.0,0.0,0.0,-0.8220442299888466,-0.583628819699762,-0.6614429250878204,0,0
121.64108983711593,1008,1008040,0,-0.5885196202466211,0.15968040875004919,0.0,-9.085401407639898,-18.474491846838987,0.0,-0.14243628509563758,0.6844255480753929,0.6844255480753929,0.11128480729932706,-1.5766772070440382,-0.1920685655401895,0.0,0.0,-0.052838907322088575,2.1046020134003918,2.1046020134003918,0.5788756366089973,0.2102442417296108,-0.22941573387056177,-0.23187444464528034,0.0,0.0,0.0,0.0,0.0,0.0,0.7061493278538165,-0.41033500260969424,0.4347625673215674,0,0
111.25799192893363,1002,1002019,4,0.2542124307638028,0.7636296783392701,0.0,150.0,150.0,0.0,4.330898892721817,-1.1802296948739384,-1.1802296948739384,1.325300886928351,-0.7073835489035748,-0.22282282213147617,0.0,0.0,-0.18076554338504505,0.25750609290476323,0.25750609290476323,-0.6090450508948081,0.2102442417296108,-0.22941573387056177,-0.23224408360441126,0.0,0.0,0.0,0.0,0.0,0.0,-0.5916686684010996,-1.4500979051501004,-0.6085319117460366,4,1
110.45380129952234,1002,1002017,4,0.25643167377531545,0.7573448678023171,0.0,150.0,150.0,0.0,4.330898892721817,-1.1802296948739384,-1.1802296948739384,1.325300886928351,1.1009762945225325,-0.22282282213147617,0.0,0.0,-0.2026734245496342,-0.8343425881338586,-0.8343425881338586,-0.7221803544665991,0.2102442417296108,-0.22941573387056177,-0.23224408360441126,0.0,0.0,0.0,0.0,0.0,0.0,-0.7713290835628966,-1.4500979051501004,-0.689337048247883,4,1
106.62515238633908,1008,1008010,0,-0.5079900536051394,0.31638013088873246,0.0,-9.085401407639898,-18.474491846838987,0.0,-0.14243628509563758,0.6844255480753929,0.6844255480753929,1.325300886928351,1.3036095056498371,-0.1920685655401895,0.0,0.0,-0.19084948809836108,-0.886486818840391,-0.886486818840391,-1.1181539169678676,0.2102442417296108,-0.22941573387056177,-0.23187444464528034,0.0,0.0,0.0,0.0,0.0,0.0,-1.1694434036215353,-0.41033500260969424,-1.0740399864976053,0,0
131.15275346826246,1006,1006052,0,0.33533458513155423,-0.9923731663883857,0.0,-1.5496980895381303,-23.93157344232101,0.0,-0.06317160540549178,0.8952833310040319,0.8952833310040319,0.11128480729932706,-0.794809133883528,-0.18028181973580168,0.0,0.0,-0.1339113317313825,0.3814502543110489,0.3814502543110489,1.2576874580397432,0.2102442417296108,-0.22941573387056177,-0.23173277838722126,0.0,0.0,0.0,0.0,0.0,0.0,1.2776965457820522,-0.7569226367898296,1.3904952629848926,0,0
109.4809498861639,1006,1006016,0,0.3518177114098141,-0.7487894658021174,0.0,-1.5496980895381303,-23.93157344232101,0.0,-0.06317160540549178,0.8952833310040319,0.8952833310040319,1.325300886928351,-1.668232459584518,-0.18028181973580326,0.0,0.0,0.008455048123773228,2.1046020134003918,2.1046020134003918,-0.7787480062524946,0.2102442417296108,-0.22941573387056177,-0.2317327783872213,0.0,0.0,0.0,0.0,0.0,0.0,-0.647872024077633,-0.7569226367898296,-0.7870892333361252,0,0
125.44378904755112,1015,1015046,0,-0.14295072738124895,0.6040481221576477,0.0,10.904135631270758,11.576128422838552,0.0,-0.25184069638838796,-1.1641709918683423,-1.1641709918683423,1.325300886928351,-1.1072925556297786,-0.20833712287022454,0.0,0.0,-0.14671621928743758,0.9864296533512951,0.9864296533512951,0.9182815473243703,0.2102442417296108,-0.22941573387056177,-0.23206997831328452,0.0,0.0,0.0,0.0,0.0,0.0,0.9762182538081526,0.8027217170207794,0.8168580774366513,0,0
130.79914283093365,1017,1017055,0,-0.72086965901722,0.7934753926864345,0.0,4.783669788272565,13.354964151385625,0.0,-0.2919440134913492,-0.9430101894797384,-0.9430101894797384,1.325300886928351,1.300491631604295,-0.2143005306131605,0.0,0.0,-0.20013488386287648,-0.8857302021839852,-0.8857302021839852,1.4273904133974298,0.2102442417296108,-0.22941573387056177,-0.2321416531991472,0.0,0.0,0.0,0.0,0.0,0.0,1.3693929390742856,1.1493093512009147,1.3549644388583086,0,0
122.36918164162928,1020,1020044,0,-0.02174782116126355,0.01020804370145351,0.0,5.181994831053066,9.975893117410907,0.0,-0.3607064661279383,-1.015626401212372,-1.015626401212372,-1.1027312723296967,0.2568285005664782,-0.2245255836037462,0.0,0.0,-0.19747457620537281,-0.5246032917343585,-0.5246032917343585,0.8051462437525793,0.2102442417296108,-0.22941573387056177,-0.23226454929105175,0.0,0.0,0.0,0.0,0.0,0.0,0.7709021633362115,1.6691908024711177,0.5079212880251973,0,0
124.87565041691869,1004,1004042,3,0.34001470725875027,-0.22837838928670398,0.0,18.585679703128186,-1.280400464997585,0.0,-0.18816159957334697,1.7371753675310497,1.7371753675310497,-1.1027312723296967,-0.6359878133282375,1.6298447908093312,0.0,0.0,1.5535411440189113,0.16655878694454687,0.16655878694454687,0.6920109401807882,0.2102442417296108,-0.22941573387056177,-0.20997665775946076,0.0,0.0,0.0,0.0,0.0,0.0,0.7003688052928418,-1.103510270969965,0.7597714639880054,3,1
127.48924812089021,1016,1016044,0,-0.9147388435588056,0.1366402908750051,0.0,-13.28709936806187,3.646546868613464,0.0,-0.3014597953260249,-0.05800679269001393,-0.05800679269001393,0.11128480729932706,0.8057809365969021,-0.21571553792857157,0.0,0.0,-0.19743014328500907,-0.7458023424702912,-0.7458023424702912,0.8051462437525793,0.2102442417296108,-0.22941573387056177,-0.23215866033536844,0.0,0.0,0.0,0.0,0.0,0.0,0.7573639379987344,0.9760155341108472,1.0223859629718266,0,0
100.32107767073441,1010,1010000,0,-0.901074381312959,-0.1120868677910668,0.0,-3.330296274990087,9.95568497806392,0.0,-0.3780720260386732,-0.5847070204353849,-0.5847070204353849,-1.1027312723296967,-0.2626679390523189,-0.26356477564364394,0.0,0.0,-0.22076960836443846,-0.19989314642610573,-0.19989314642610573,-1.6838304348268225,0.2102442417296108,-0.22941573387056177,-0.23273376584545316,0.0,0.0,0.0,0.0,0.0,0.0,-1.6915968161914585,-0.06374736842955891,-1.7074739004008044,0,0
116.26575415119844,1011,1011028,0,0.5019767440442628,-0.14194704604671038,0.0,-11.712368884762107,21.247785241361655,0.0,-0.056623791325879136,-0.48745613496279744,-0.48745613496279744,0.11128480729932706,-1.5883470722282806,-0.17930815251816654,0.0,0.0,-0.019098200247188973,2.1046020134003918,2.1046020134003918,-0.09993618482174865,0.2102442417296108,-0.22941573387056177,-0.23172107576856757,0.0,0.0,0.0,0.0,0.0,0.0,0.029138651888091723,0.10954644866050875,-0.10535157720878698,0,0
104.80740555440919,1003,1003008,16,0.49965159112245017,-0.950763267083707,0.0,17.146246693248383,-17.401030956562966,0.0,-0.05271875687869985,1.3481221050231313,1.3481221050231313,-1.1027312723296967,-1.801390959619367,-0.17872746956371346,0.0,0.0,0.09051974734479436,2.1046020134003918,2.1046020134003918,-1.2312892205396586,0.2102442417296108,-0.22941573387056177,-0.23171409647312494,0.0,0.0,0.0,0.0,0.0,0.0,-1.0992124747214496,-1.2768040880600326,-1.2566873284436555,0,0
120.00408277227817,1015,1015035,0,-0.17838911200681334,0.5680458018669973,0.0,10.904135631270758,11.576128422838552,0.0,-0.25184069638838796,-1.1641709918683423,-1.1641709918683423,1.325300886928351,0.915207999113261,-0.20833712287022454,0.0,0.0,-0.19477708904415078,-0.7805801804285548,-0.7805801804285548,0.2960373776795198,0.2102442417296108,-0.22941573387056177,-0.23206997831328452,0.0,0.0,0.0,0.0,0.0,0.0,0.2474773947334268,0.8027217170207794,0.27027597112044505,0,0
105.49150533648094,1019,1019011,0,0.5801834300203461,-0.8774494681388435,0.0,-17.376302103923766,9.800501167249662,0.0,-0.15733784321247446,-0.19003518656051338,-0.19003518656051338,0.11128480729932706,0.3404833280068412,-0.19428444376362033,0.0,0.0,-0.18079010346276572,-0.564482922381242,-0.564482922381242,-1.061586265181972,0.2102442417296108,-0.22941573387056177,-0.23190107754136866,0.0,0.0,0.0,0.0,0.0,0.0,-1.0933179810262352,1.4958969853810502,-1.1879489295497785,0,0
117.8948572670363,1015,1015032,0,-0.18805412599560364,0.5582269872422744,0.0,10.904135631270758,11.576128422838552,0.0,-0.25184069638838796,-1.1641709918683423,-1.1641709918683423,-1.1027312723296967,0.18209156440558774,-0.20833712287022454,0.0,0.0,-0.18678131888816307,-0.4866070466547903,-0.4866070466547903,0.1263344223218333,0.2102442417296108,-0.22941573387056177,-0.23206997831328452,0.0,0.0,0.0,0.0,0.0,0.0,0.09621700244911727,0.8027217170207794,0.05834082958688582,0,0
101.213371036343,1010,1010001,0,-0.9020583309253822,-0.10927208027630256,0.0,-3.330296274990087,9.95568497806392,0.0,-0.3780720260386732,-0.5847070204353849,-0.5847070204353849,0.11128480729932706,1.2582090751772737,-0.22710786162743654,0.0,0.0,-0.20531269191391074,-0.875334802067725,-0.875334802067725,-1.627262783040927,0.2102442417296108,-0.22941573387056177,-0.23229558598862335,0.0,0.0,0.0,0.0,0.0,0.0,-1.6765188646466787,-0.06374736842955891,-1.617816194167052,0,0
119.80361176833227,1002,1002032,4,0.2397873511889702,0.8044809468294639,0.0,150.0,150.0,0.0,4.330898892721817,-1.1802296948739384,-1.1802296948739384,0.11128480729932706,0.9139931408605517,-0.22282282213147617,0.0,0.0,-0.20158720690245446,-0.7802074896054338,-0.7802074896054338,0.1263344223218333,0.2102442417296108,-0.22941573387056177,-0.23224408360441126,0.0,0.0,0.0,0.0,0.0,0.0,0.07824753584144165,-1.4500979051501004,0.2501326291738116,4,1
105.9040899304928,1016,1016008,0,-0.7734126470344563,0.0995244955948068,0.0,-13.28709936806187,3.646546868613464,0.0,-0.3014597953260249,-0.05800679269001393,-0.05800679269001393,-1.1027312723296967,-0.30016919662693264,-0.21571553792857157,0.0,0.0,-0.18385146396215044,-0.16958485450914612,-0.16958485450914612,-1.2312892205396586,0.2102442417296108,-0.22941573387056177,-0.23215866033536844,0.0,0.0,0.0,0.0,0.0,0.0,-1.2384013825167446,0.9760155341108472,-1.1464923977047197,0,0
113.35276133042726,1017,1017026,0,-0.761856946549227,0.6839751215697915,0.0,4.783669788272565,13.354964151385625,0.0,-0.2919440134913492,-0.9430101894797384,-0.9430101894797384,0.11128480729932706,0.14565260654887288,-0.2143005306131605,0.0,0.0,-0.1899805670603791,-0.46720385474367493,-0.46720385474367493,-0.21307148839353965,0.2102442417296108,-0.22941573387056177,-0.2321416531991472,0.0,0.0,0.0,0.0,0.0,0.0,-0.24110078620437386,1.1493093512009147,-0.39804932063266435,0,0
115.30662545377119,1018,1018029,0,0.33071487085518925,0.20137558758217,0.0,10.7390102939936,-2.217324012489014,0.0,-0.36715165865048555,1.6647215517221783,1.6647215517221783,1.325300886928351,-0.34977222308630973,-0.22548399088200255,0.0,0.0,-0.19060111292427606,-0.1276098306246419,-0.1276098306246419,-0.04336853303585316,0.2102442417296108,-0.22941573387056177,-0.23227606849873303,0.0,0.0,0.0,0.0,0.0,0.0,-0.051063668064141574,1.3226031682909825,-0.20172490274129437,0,0
100.77822181232726,1009,1009000,0,-0.8909505705605475,-0.8357759106647649,0.0,14.64923024777079,8.610220672323951,0.0,-0.22640391027819448,-1.3167376214261457,-1.3167376214261457,1.325300886928351,-0.2626679390523189,-0.26356477564364394,0.0,0.0,-0.22076960836443846,-0.19989314642610573,-0.19989314642610573,-1.6838304348268225,0.2102442417296108,-0.22941573387056177,-0.23273376584545316,0.0,0.0,0.0,0.0,0.0,0.0,-1.6915968161914585,-0.2370411855196266,-1.6615400217761915,0,0
100.9757215139706,1006,1006000,0,0.3591435453112629,-0.6405300433193317,0.0,-1.5496980895381303,-23.93157344232101,0.0,-0.06317160540549178,0.8952833310040319,0.8952833310040319,1.325300886928351,-0.2626679390523189,-0.26356477564364394,0.0,0.0,-0.22076960836443846,-0.19989314642610573,-0.19989314642610573,-1.6838304348268225,0.2102442417296108,-0.22941573387056177,-0.23273376584545316,0.0,0.0,0.0,0.0,0.0,0.0,-1.6915968161914585,-0.7569226367898296,-1.6416952365142112,0,0
120.3968051586929,1015,1015036,0,-0.1751674406772166,0.5713187400752382,0.0,10.904135631270758,11.576128422838552,0.0,-0.25184069638838796,-1.1641709918683423,-1.1641709918683423,0.11128480729932706,-0.6785711149577326,-0.20833712287022454,0.0,0.0,-0.16756839382874078,0.21977691367568972,0.21977691367568972,0.3526050294654153,0.2102442417296108,-0.22941573387056177,-0.23206997831328452,0.0,0.0,0.0,0.0,0.0,0.0,0.3651206195867527,0.8027217170207794,0.3097367468133974,0,0
117.72429893477796,1014,1014029,0,0.08858133875540762,0.5308234154331082,0.0,-8.136546240266938,20.588589061973188,0.0,-0.10622813487034453,-0.555931766616366,-0.555931766616366,-1.1027312723296967,-1.11068428017627,-0.18668437343317387,0.0,0.0,-0.11736193734606694,0.9948983428896099,0.9948983428896099,-0.04336853303585316,0.2102442417296108,-0.22941573387056177,-0.2318097314189895,0.0,0.0,0.0,0.0,0.0,0.0,0.01763811228091822,0.6294278999307118,0.04120311519974938,0,0
115.11276022709322,1017,1017029,0,-0.757616882321778,0.6953027358232373,0.0,4.783669788272565,13.354964151385625,0.0,-0.2919440134913492,-0.9430101894797384,-0.9430101894797384,1.325300886928351,-1.3716053731449056,-0.2143005306131605,0.0,0.0,-0.13366401550758458,1.8539725552761663,1.8539725552761663,-0.04336853303585316,0.2102442417296108,-0.22941573387056177,-0.2321416531991472,0.0,0.0,0.0,0.0,0.0,0.0,0.07021672973072424,1.1493093512009147,-0.22120449567828565,0,0
122.74716996207766,1014,1014036,0,0.07175350843355886,0.5715707396967457,0.0,-8.136546240266938,20.588589061973188,0.0,-0.10622813487034453,-0.555931766616366,-0.555931766616366,1.325300886928351,0.8942063501501424,-0.18668437343317387,0.0,0.0,-0.184340867408413,-0.7740961674772321,-0.7740961674772321,0.3526050294654153,0.2102442417296108,-0.22941573387056177,-0.2318097314189895,0.0,0.0,0.0,0.0,0.0,0.0,0.30429179738007966,0.6294278999307118,0.5459015836328373,0,0
110.34580643421637,1009,1009016,0,-0.8216997737094018,-0.7968257965119407,0.0,14.64923024777079,8.610220672323951,0.0,-0.22640391027819448,-1.3167376214261457,-1.3167376214261457,1.325300886928351,0.9774898664579701,-0.2045546445566401,0.0,0.0,-0.19354107305302584,-0.7993051572941686,-0.7993051572941686,-0.7787480062524946,0.2102442417296108,-0.22941573387056177,-0.2320245162699209,0.0,0.0,0.0,0.0,0.0,0.0,-0.8256022155281882,-0.2370411855196266,-0.7001883806476842,0,0
117.44303534899034,1014,1014028,0,0.09098531451567173,0.5250023691097314,0.0,-8.136546240266938,20.588589061973188,0.0,-0.10622813487034453,-0.555931766616366,-0.555931766616366,1.325300886928351,1.0364368097128098,-0.18668437343317387,0.0,0.0,-0.18594123788659983,-0.8163638864125812,-0.8163638864125812,-0.09993618482174865,0.2102442417296108,-0.22941573387056177,-0.2318097314189895,0.0,0.0,0.0,0.0,0.0,0.0,-0.14963559882947988,0.6294278999307118,0.012941728394974471,0,0
118.1546664681086,1001,1001030,1,3.6038708037597713,3.5344370345646494,0.0,-5.958580837432313,10.181873359807902,0.0,-0.34772753564590486,-0.4736501414509813,-0.4736501414509813,-1.1027312723296967,-1.0356752991220266,-0.26356477564364394,0.0,0.0,-0.22076960836443846,0.8191198091007063,0.8191198091007063,0.013199118750042335,0.2102442417296108,4.358898943540674,4.358585241966482,0.0,0.0,0.0,0.0,0.0,0.0,0.06329735209960131,-1.623391722240168,0.08444647815985096,1,1
119.07317338990441,1007,1007029,0,0.3191019554578026,-0.3494364191136975,0.0,-8.744406652123791,6.787743277081043,0.0,-0.36471904919391884,-0.2687837795106529,-0.2687837795106529,0.11128480729932706,0.7328658175425596,-0.22512225915712755,0.0,0.0,-0.20155246522244866,-0.721188429890752,-0.721188429890752,-0.04336853303585316,0.2102442417296108,-0.22941573387056177,-0.23227172080338654,0.0,0.0,0.0,0.0,0.0,0.0,-0.08739294165565431,-0.583628819699762,0.1767381245421692,0,0
107.75360602374465,1013,1013012,0,-1.0752180212194344,0.29479780953391993,0.0,8.966626336535008,-6.622551768963632,0.0,-0.36291050996570695,1.4322867854548724,1.4322867854548724,1.325300886928351,-1.0920956644112234,-0.22485332736753919,0.0,0.0,-0.16957367495078193,0.9491210210867203,0.9491210210867203,-1.0050186133960766,0.2102442417296108,-0.22941573387056177,-0.23226848848117165,0.0,0.0,0.0,0.0,0.0,0.0,-0.9442620919805514,0.4561340828406441,-0.9606528779294371,0,0
103.58700014899108,1020,1020008,0,-0.07686531517518877,-0.09132999215100279,0.0,5.181994831053066,9.975893117410907,0.0,-0.3607064661279383,-1.015626401212372,-1.015626401212372,1.325300886928351,-1.5851368103609431,-0.2245255836037462,0.0,0.0,-0.12781481706871214,2.1046020134003918,2.1046020134003918,-1.2312892205396586,0.2102442417296108,-0.22941573387056177,-0.23226454929105175,0.0,0.0,0.0,0.0,0.0,0.0,-1.0992124747214496,1.6691908024711177,-1.3793137577575507,0,0
116.65475077441272,1012,1012026,0,-0.47502738818587764,-1.091896369850713,0.0,-0.06649188858177275,-15.18284542853341,0.0,-0.2686569264893571,0.927679299170554,0.927679299170554,0.11128480729932706,-1.7098523878336793,-0.21083771494179077,0.0,0.0,-0.06335073908974805,2.1046020134003918,2.1046020134003918,-0.21307148839353965,0.2102442417296108,-0.22941573387056177,-0.23210003321797068,0.0,0.0,0.0,0.0,0.0,0.0,-0.08369646077286234,0.2828402657505764,-0.06626516648972929,0,0
125.43265063514527,1018,1018044,0,0.378308136487154,0.19197197151713882,0.0,10.7390102939936,-2.217324012489014,0.0,-0.36715165865048555,1.6647215517221783,1.6647215517221783,1.325300886928351,1.1153908733580566,-0.2254839908820019,0.0,0.0,-0.20392893923838912,-0.8382624497513996,-0.8382624497513996,0.8051462437525793,0.2102442417296108,-0.22941573387056177,-0.23227606849873303,0.0,0.0,0.0,0.0,0.0,0.0,0.7517050268825503,1.3226031682909825,0.8157388888985706,0,0
127.62244906059324,1012,1012049,0,-0.47547923007612497,-1.190627811075993,0.0,-0.06649188858177275,-15.18284542853341,0.0,-0.2686569264893571,0.927679299170554,0.927679299170554,-1.1027312723296967,-1.2461024137947316,-0.21083771494179077,0.0,0.0,-0.13979294856308602,1.382165265749452,1.382165265749452,1.0879845026820567,0.2102442417296108,-0.22941573387056177,-0.23210003321797068,0.0,0.0,0.0,0.0,0.0,0.0,1.1696914512190597,0.2828402657505764,1.0357700036721726,0,0
112.13521537414233,1002,1002020,4,0.2531028092580464,0.7667720836077465,0.0,150.0,150.0,0.0,4.330898892721817,-1.1802296948739384,-1.1802296948739384,-1.1027312723296967,1.1997846980356572,-0.22282282213147617,0.0,0.0,-0.20319918452108174,-0.8605455023753219,-0.8605455023753219,-0.5524773991089126,0.2102442417296108,-0.22941573387056177,-0.23224408360441126,0.0,0.0,0.0,0.0,0.0,0.0,-0.6036801328348091,-1.4500979051501004,-0.5203884322769966,4,1
116.11388209820608,1003,1003031,16,0.6161679464526724,-1.063919188563251,0.0,17.146246693248383,-17.401030956562966,0.0,-0.05271875687869985,1.3481221050231313,1.3481221050231313,1.325300886928351,-0.06646696319225216,-0.17872746956371346,0.0,0.0,-0.1624794712478634,-0.3411014253089455,-0.3411014253089455,0.06976677053593783,0.2102442417296108,-0.22941573387056177,-0.23171409647312494,0.0,0.0,0.0,0.0,0.0,0.0,0.04870494495824114,-1.2768040880600326,-0.12061169281327616,0,0
104.70791634844127,1015,1015008,0,-0.265374237905926,0.4796764702444916,0.0,10.904135631270758,11.576128422838552,0.0,-0.25184069638838796,-1.1641709918683423,-1.1641709918683423,0.11128480729932706,0.6729719540611101,-0.20833712287022454,0.0,0.0,-0.19258636444856736,-0.7000358223448443,-0.7000358223448443,-1.2312892205396586,0.2102442417296108,-0.22941573387056177,-0.23206997831328452,0.0,0.0,0.0,0.0,0.0,0.0,-1.2708670043589267,0.8027217170207794,-1.2666840115367954,0,0
103.00041874558765,1018,1018004,0,0.2513927614685813,0.21704828102388563,0.0,10.7390102939936,-2.217324012489014,0.0,-0.36715165865048555,1.6647215517221783,1.6647215517221783,-1.1027312723296967,0.20576122953681125,-0.22548399088200255,0.0,0.0,-0.19756434324485614,-0.4988960215065705,-0.4988960215065705,-1.4575598276832404,0.2102442417296108,-0.22941573387056177,-0.23227606849873303,0.0,0.0,0.0,0.0,0.0,0.0,-1.484226706923056,1.3226031682909825,-1.438253502437437,0,0
122.71636799833712,1005,1005037,0,-1.1302107075891321,-0.6706341616382002,0.0,-7.753988978814018,21.08743772142768,0.0,-0.09852599186506747,-0.5688275486850495,-0.5688275486850495,1.325300886928351,1.3567337315734191,-0.1855390562237065,0.0,0.0,-0.18860453882708877,-0.8991747208442904,-0.8991747208442904,0.4091726812513108,0.2102442417296108,-0.22941573387056177,-0.23179596571927485,0.0,0.0,0.0,0.0,0.0,0.0,0.35305406931971023,-0.9302164538798973,0.5428065999392302,0,0
116.82008929715715,1011,1011029,0,0.4985162769046678,-0.13593962408171695,0.0,-11.712368884762107,21.247785241361655,0.0,-0.056623791325879136,-0.48745613496279744,-0.48745613496279744,0.11128480729932706,-0.052016722901309945,-0.17930815251816654,0.0,0.0,-0.1632677005490726,-0.3504820477230779,-0.3504820477230779,-0.04336853303585316,0.2102442417296108,-0.22941573387056177,-0.23172107576856757,0.0,0.0,0.0,0.0,0.0,0.0,-0.06470429756279053,0.10954644866050875,-0.04965193896535741,0,0
106.0329627806512,1010,1010011,0,-0.9118978270496145,-0.08112420512866006,0.0,-3.330296274990087,9.95568497806392,0.0,-0.3780720260386732,-0.5847070204353849,-0.5847070204353849,1.325300886928351,-0.14254769660372013,-0.22710786162743654,0.0,0.0,-0.19479497977666113,-0.2895402849058971,-0.2895402849058971,-1.061586265181972,0.2102442417296108,-0.22941573387056177,-0.23229558598862335,0.0,0.0,0.0,0.0,0.0,0.0,-1.0764904432558986,-0.06374736842955891,-1.1335432437758126,0,0
126.15600398137583,1018,1018045,0,0.3814810208626183,0.19134506377946994,0.0,10.7390102939936,-2.217324012489014,0.0,-0.36715165865048555,1.6647215517221783,1.6647215517221783,0.11128480729932706,0.6032477253799409,-0.2254839908820019,0.0,0.0,-0.2008534296720004,-0.6742732982579503,-0.6742732982579503,0.8617138955384748,0.2102442417296108,-0.22941573387056177,-0.23227606849873303,0.0,0.0,0.0,0.0,0.0,0.0,0.8181593445754002,1.3226031682909825,0.8884214889482838,0,0
124.03631808054756,1010,1010044,0,-0.944368164259581,0.0117637828585602,0.0,-3.330296274990087,9.95568497806392,0.0,-0.3780720260386732,-0.5847070204353849,-0.5847070204353849,0.11128480729932706,0.9285078176581487,-0.22710786162743654,0.0,0.0,-0.20368432614609533,-0.7846413388627402,-0.7846413388627402,0.8051462437525793,0.2102442417296108,-0.22941573387056177,-0.23229558598862335,0.0,0.0,0.0,0.0,0.0,0.0,0.754986843326343,-0.06374736842955891,0.6754352860589841,0,0
115.86766324752323,1011,1011026,0,0.5088976783234528,-0.1539618899766973,0.0,-11.712368884762107,21.247785241361655,0.0,-0.056623791325879136,-0.48745613496279744,-0.48745613496279744,0.11128480729932706,0.7053803006635228,-0.17930815251816654,0.0,0.0,-0.17825201098202556,-0.7115896559425043,-0.7115896559425043,-0.21307148839353965,0.2102442417296108,-0.22941573387056177,-0.23172107576856757,0.0,0.0,0.0,0.0,0.0,0.0,-0.25605812908130776,0.10954644866050875,-0.14535178193035544,0,0
115.55586859900207,1015,1015027,0,-0.20416248264358747,0.5418622962010696,0.0,10.904135631270758,11.576128422838552,0.0,-0.25184069638838796,-1.1641709918683423,-1.1641709918683423,-1.1027312723296967,0.09172748722060317,-0.20833712287022454,0.0,0.0,-0.1854417915282921,-0.43735787514601643,-0.43735787514601643,-0.15650383660764414,0.2102442417296108,-0.22941573387056177,-0.23206997831328452,0.0,0.0,0.0,0.0,0.0,0.0,-0.18285654211973823,0.8027217170207794,-0.1766809322746475,0,0
113.81433964937538,1009,1009024,0,-0.787074375283829,-0.7773507394355288,0.0,14.64923024777079,8.610220672323951,0.0,-0.22640391027819448,-1.3167376214261457,-1.3167376214261457,0.11128480729932706,-1.715494667953398,-0.2045546445566401,0.0,0.0,-0.042545399912460084,2.1046020134003918,2.1046020134003918,-0.32620679196533064,0.2102442417296108,-0.22941573387056177,-0.2320245162699209,0.0,0.0,0.0,0.0,0.0,0.0,-0.1965315734338164,-0.2370411855196266,-0.35166989552521183,0,0
123.34772856366563,1017,1017042,0,-0.739243270669499,0.744389064254836,0.0,4.783669788272565,13.354964151385625,0.0,-0.2919440134913492,-0.9430101894797384,-0.9430101894797384,0.11128480729932706,0.6121941461690873,-0.2143005306131605,0.0,0.0,-0.19508643506035908,-0.6776503403229336,-0.6776503403229336,0.6920109401807882,0.2102442417296108,-0.22941573387056177,-0.2321416531991472,0.0,0.0,0.0,0.0,0.0,0.0,0.6486999877329238,1.1493093512009147,0.606245758264912,0,0
102.33428754272279,1005,1005003,0,-1.052318487229355,-0.8733451074558495,0.0,-7.753988978814018,21.08743772142768,0.0,-0.09852599186506747,-0.5688275486850495,-0.5688275486850495,1.325300886928351,0.8827483454360163,-0.1855390562237065,0.0,0.0,-0.18366080785639,-0.7705214080486258,-0.7705214080486258,-1.514127479469136,0.2102442417296108,-0.22941573387056177,-0.23179596571927485,0.0,0.0,0.0,0.0,0.0,0.0,-1.5572687726180674,-0.9302164538798973,-1.5051864171059874,0,0
115.1179659357245,1011,1011025,0,0.5123581454630478,-0.15996931194169073,0.0,-11.712368884762107,21.247785241361655,0.0,-0.056623791325879136,-0.48745613496279744,-0.48745613496279744,0.11128480729932706,0.2994290328439601,-0.17930815251816654,0.0,0.0,-0.17134947408462992,-0.5452450916852573,-0.5452450916852573,-0.26963914017943513,0.2102442417296108,-0.22941573387056177,-0.23172107576856757,0.0,0.0,0.0,0.0,0.0,0.0,-0.30229476380707365,0.10954644866050875,-0.22068142567329524,0,0
125.16165060401687,1015,1015045,0,-0.14617239871084572,0.6007751839494068,0.0,10.904135631270758,11.576128422838552,0.0,-0.25184069638838796,-1.1641709918683423,-1.1641709918683423,1.325300886928351,0.1399404891659119,-0.20833712287022454,0.0,0.0,-0.18616935340500604,-0.46410747408887126,-0.46410747408887126,0.8617138955384748,0.2102442417296108,-0.22941573387056177,-0.23206997831328452,0.0,0.0,0.0,0.0,0.0,0.0,0.8310222943772699,0.8027217170207794,0.7885087848579837,0,0
103.80226913154299,1017,1017007,0,-0.788710686656404,0.6122335646313011,0.0,4.783669788272565,13.354964151385625,0.0,-0.2919440134913492,-0.9430101894797384,-0.9430101894797384,0.11128480729932706,0.4221129976977551,-0.2143005306131605,0.0,0.0,-0.19322540971580413,-0.6009452152909018,-0.6009452152909018,-1.2878568723255541,0.2102442417296108,-0.22941573387056177,-0.2321416531991472,0.0,0.0,0.0,0.0,0.0,0.0,-1.3212198377050128,1.1493093512009147,-1.3576835137786398,0,0
124.39056798599525,1003,1003044,16,0.6820250168567109,-1.1278768833125588,0.0,17.146246693248383,-17.401030956562966,0.0,-0.05271875687869985,1.3481221050231313,1.3481221050231313,-1.1027312723296967,1.390830406452518,-0.17872746956371346,0.0,0.0,-0.18612853579495428,-0.9071204430305192,-0.9071204430305192,0.8051462437525793,0.2102442417296108,-0.22941573387056177,-0.23171409647312494,0.0,0.0,0.0,0.0,0.0,0.0,0.7474906551381973,-1.2768040880600326,0.7110303438954843,0,0
128.74192445768,1010,1010054,0,-0.9542076603838132,0.0399116580062027,0.0,-3.330296274990087,9.95568497806392,0.0,-0.3780720260386732,-0.5847070204353849,-0.5847070204353849,-1.1027312723296967,-0.4036918250632615,-0.22710786162743654,0.0,0.0,-0.19102116877528003,-0.07935409949160993,-0.07935409949160993,1.3708227616115343,0.2102442417296108,-0.22941573387056177,-0.23229558598862335,0.0,0.0,0.0,0.0,0.0,0.0,1.3623286749423291,-0.06374736842955891,1.1482549779602649,0,0
127.56533310884534,1011,1011050,0,0.42584646697317297,-0.009783762816854493,0.0,-11.712368884762107,21.247785241361655,0.0,-0.056623791325879136,-0.48745613496279744,-0.48745613496279744,0.11128480729932706,0.6249479956415296,-0.17930815251816654,0.0,0.0,-0.1770419202197458,-0.6824276212362367,-0.6824276212362367,1.1445521544679522,0.2102442417296108,-0.22941573387056177,-0.23172107576856757,0.0,0.0,0.0,0.0,0.0,0.0,1.0997480505690638,0.10954644866050875,1.0300309884329615,0,0
102.33890742219747,1011,1011002,0,0.5919488896737326,-0.2981400171365401,0.0,-11.712368884762107,21.247785241361655,0.0,-0.056623791325879136,-0.48745613496279744,-0.48745613496279744,-1.1027312723296967,0.311807653817016,-0.17930815251816654,0.0,0.0,-0.17159291730701987,-0.551111841454479,-0.551111841454479,-1.5706951312550315,0.2102442417296108,-0.22941573387056177,-0.23172107576856757,0.0,0.0,0.0,0.0,0.0,0.0,-1.6002576268638515,0.10954644866050875,-1.5047222112598606,0,0
103.33958929424593,1006,1006005,0,0.35685422221706015,-0.6743611128452023,0.0,-1.5496980895381303,-23.93157344232101,0.0,-0.06317160540549178,0.8952833310040319,0.8952833310040319,0.11128480729932706,0.6953187160527173,-0.18028181973580326,0.0,0.0,-0.17859735282479672,-0.7080302958893603,-0.7080302958893603,-1.400992175897345,0.2102442417296108,-0.22941573387056177,-0.2317327783872213,0.0,0.0,0.0,0.0,0.0,0.0,-1.4406089656142265,-0.7569226367898296,-1.4041736195347962,0,0
104.20276988031888,1017,1017009,0,-0.785883977171438,0.6197853074669317,0.0,4.783669788272565,13.354964151385625,0.0,-0.2919440134913492,-0.9430101894797384,-0.9430101894797384,-1.1027312723296967,-1.8057280092839747,-0.2143005306131605,0.0,0.0,-0.0380239076446967,2.1046020134003918,2.1046020134003918,-1.174721568753763,0.2102442417296108,-0.22941573387056177,-0.2321416531991472,0.0,0.0,0.0,0.0,0.0,0.0,-1.0427949183909724,1.1493093512009147,-1.317441167635389,0,0
121.68774047280131,1001,1001036,1,3.6038708037597713,3.5344370345646494,0.0,-5.958580837432313,10.181873359807902,0.0,-0.34772753564590486,-0.4736501414509813,-0.4736501414509813,-1.1027312723296967,1.2303603209994458,-0.26356477564364394,0.0,0.0,-0.22076960836443846,-0.8683480999081911,-0.8683480999081911,0.3526050294654153,0.2102442417296108,4.358898943540674,4.358585241966482,0.0,0.0,0.0,0.0,0.0,0.0,0.2985232197324918,-1.623391722240168,0.4394500267952181,1,1
133.94836608184082,1003,1003059,16,0.7580139442459862,-1.2016742234079136,0.0,17.146246693248383,-17.401030956562966,0.0,-0.05271875687869985,1.3481221050231313,1.3481221050231313,1.325300886928351,-0.9930360000642559,-0.17872746956371346,0.0,0.0,-0.11777213223294622,0.7289283876580838,0.7289283876580838,1.6536610205410116,-4.085557021718659,-0.22941573387056177,-0.23171409647312494,0.0,0.0,0.0,0.0,0.0,0.0,1.6938864267910712,-1.2768040880600326,1.67139863413192,0,0
104.98371270055432,1009,1009006,0,-0.8649815217413679,-0.8211696178574558,0.0,14.64923024777079,8.610220672323951,0.0,-0.22640391027819448,-1.3167376214261457,-1.3167376214261457,0.11128480729932706,1.3520037082296419,-0.2045546445566401,0.0,0.0,-0.19641107953211012,-0.8980604143885259,-0.8980604143885259,-1.3444245241114494,0.2102442417296108,-0.22941573387056177,-0.2320245162699209,0.0,0.0,0.0,0.0,0.0,0.0,-1.395821977121133,-0.2370411855196266,-1.2389719727935433,0,0
107.4510542878413,1011,1011012,0,0.5573442182777827,-0.23806579748660558,0.0,-11.712368884762107,21.247785241361655,0.0,-0.056623791325879136,-0.48745613496279744,-0.48745613496279744,1.325300886928351,-0.2763467827607491,-0.17930815251816654,0.0,0.0,-0.15656589070454172,-0.18897481423852516,-0.18897481423852516,-1.0050186133960766,0.2102442417296108,-0.22941573387056177,-0.23172107576856757,0.0,0.0,0.0,0.0,0.0,0.0,-1.0139178966642306,0.10954644866050875,-0.9910532997006254,0,0
128.44050221764306,1018,1018049,0,0.3941725583644756,0.1888374328287944,0.0,10.7390102939936,-2.217324012489014,0.0,-0.36715165865048555,1.6647215517221783,1.6647215517221783,1.325300886928351,0.7304241800808525,-0.2254839908820019,0.0,0.0,-0.20171743726563118,-0.7203430207234153,-0.7203430207234153,1.0879845026820567,0.2102442417296108,-0.22941573387056177,-0.23227606849873303,0.0,0.0,0.0,0.0,0.0,0.0,1.041009927218475,1.3226031682909825,1.1179680480208953,0,0
110.73682515990073,1003,1003022,16,0.5705745900191072,-1.0196407845060382,0.0,17.146246693248383,-17.401030956562966,0.0,-0.05271875687869985,1.3481221050231313,1.3481221050231313,-1.1027312723296967,-1.1469496365239993,-0.17872746956371346,0.0,0.0,-0.10273391254786465,1.0888546045061909,1.0888546045061909,-0.4393420955371216,0.2102442417296108,-0.22941573387056177,-0.23171409647312494,0.0,0.0,0.0,0.0,0.0,0.0,-0.3715343005660668,-1.2768040880600326,-0.6608987889163893,0,0
131.90822003777913,1006,1006053,0,0.33487672051271367,-0.9991393802935599,0.0,-1.5496980895381303,-23.93157344232101,0.0,-0.06317160540549178,0.8952833310040319,0.8952833310040319,-1.1027312723296967,0.7277470603938972,-0.18028181973580168,0.0,0.0,-0.17906428437694236,-0.7194144565707284,-0.7194144565707284,1.3142551098256388,-0.2670670097646414,-0.22941573387056177,-0.23173277838722126,0.0,0.0,0.0,0.0,0.0,0.0,1.2667369842071445,-0.7569226367898296,1.4664046021885393,0,0
123.33797080262526,1016,1016037,0,-0.8872587497901822,0.12942333068163323,0.0,-13.28709936806187,3.646546868613464,0.0,-0.3014597953260249,-0.05800679269001393,-0.05800679269001393,1.325300886928351,-1.1327443780556845,-0.21571553792857157,0.0,0.0,-0.15508126579486461,1.0512917066001672,1.0512917066001672,0.4091726812513108,0.2102442417296108,-0.22941573387056177,-0.23215866033536844,0.0,0.0,0.0,0.0,0.0,0.0,0.47243005181183345,0.9760155341108472,0.6052652976825796,0,0
125.89969334817857,1015,1015047,0,-0.13972905605165217,0.6073210603658887,0.0,10.904135631270758,11.576128422838552,0.0,-0.25184069638838796,-1.1641709918683423,-1.1641709918683423,0.11128480729932706,-0.43362197876197506,-0.20833712287022454,0.0,0.0,-0.17494133277268314,-0.05129715726296263,-0.05129715726296263,0.9748491991102657,0.2102442417296108,-0.22941573387056177,-0.23206997831328452,0.0,0.0,0.0,0.0,0.0,0.0,0.9691229724745615,0.8027217170207794,0.8626673767453839,0,0
118.04926906559565,1013,1013031,0,-1.024882721347815,0.2592221112822768,0.0,8.966626336535008,-6.622551768963632,0.0,-0.36291050996570695,1.4322867854548724,1.4322867854548724,-1.1027312723296967,0.23972333335289872,-0.22485332736753919,0.0,0.0,-0.1975082646856479,-0.5161123595949262,-0.5161123595949262,0.06976677053593783,0.2102442417296108,-0.22941573387056177,-0.23226848848117165,0.0,0.0,0.0,0.0,0.0,0.0,0.037993608462884534,0.4561340828406441,0.07385613902193601,0,0
106.56701943896054,1011,1011010,0,0.5642651525569727,-0.2500806414165925,0.0,-11.712368884762107,21.247785241361655,0.0,-0.056623791325879136,-0.48745613496279744,-0.48745613496279744,0.11128480729932706,-1.7061996612980757,-0.17930815251816654,0.0,0.0,0.028925509843749357,2.1046020134003918,2.1046020134003918,-1.1181539169678676,0.2102442417296108,-0.22941573387056177,-0.23172107576856757,0.0,0.0,0.0,0.0,0.0,0.0,-0.9863773620604953,0.10954644866050875,-1.0798811895362634,0,0
119.36747491390928,1009,1009035,0,-0.7394644524486663,-0.7505725359554623,0.0,14.64923024777079,8.610220672323951,0.0,-0.22640391027819448,-1.3167376214261457,-1.3167376214261457,-1.1027312723296967,-1.2215813822516741,-0.2045546445566401,0.0,0.0,-0.13241227821349708,1.3041011918691943,1.3041011918691943,0.2960373776795198,0.2102442417296108,-0.22941573387056177,-0.2320245162699209,0.0,0.0,0.0,0.0,0.0,0.0,0.37506784361243345,-0.2370411855196266,0.206309564385137,0,0
108.60543290360795,1018,1018018,0,0.29581314272508175,0.20827157269652485,0.0,10.7390102939936,-2.217324012489014,0.0,-0.36715165865048555,1.6647215517221783,1.6647215517221783,-1.1027312723296967,-1.509696887496727,-0.22548399088200255,0.0,0.0,-0.13999010953469473,2.1046020134003918,2.1046020134003918,-0.6656127026807036,0.2102442417296108,-0.22941573387056177,-0.23227606849873303,0.0,0.0,0.0,0.0,0.0,0.0,-0.5350369114166788,1.3226031682909825,-0.8750612473061311,0,0
127.84309776751459,1006,1006047,0,0.337623908225757,-0.9585420968625145,0.0,-1.5496980895381303,-23.93157344232101,0.0,-0.06317160540549178,0.8952833310040319,0.8952833310040319,1.325300886928351,-0.6140052447913031,-0.18028181973580326,0.0,0.0,-0.14380626800872115,0.14020387891558375,0.14020387891558375,0.9748491991102657,0.2102442417296108,-0.22941573387056177,-0.2317327783872213,0.0,0.0,0.0,0.0,0.0,0.0,0.9808435660825358,-0.7569226367898296,1.0579408027708737,0,0
126.82654227297576,1019,1019053,0,0.36455965935049867,-0.7610711584433122,0.0,-17.376302103923766,9.800501167249662,0.0,-0.15733784321247446,-0.19003518656051338,-0.19003518656051338,1.325300886928351,1.5958493312925544,-0.19428444376362033,0.0,0.0,-0.1940082837149355,-0.9518882926239615,-0.9518882926239615,1.3142551098256388,0.2102442417296108,-0.22941573387056177,-0.23190107754136866,0.0,0.0,0.0,0.0,0.0,0.0,1.2525086990174692,1.4958969853810502,0.9557972282330244,0,0
124.87556576650618,1017,1017044,0,-0.736416561184533,0.7519408070904665,0.0,4.783669788272565,13.354964151385625,0.0,-0.2919440134913492,-0.9430101894797384,-0.9430101894797384,1.325300886928351,0.2970429201743752,-0.2143005306131605,0.0,0.0,-0.19184640961148888,-0.5441075286198565,-0.5441075286198565,0.8051462437525793,0.2102442417296108,-0.22941573387056177,-0.2321416531991472,0.0,0.0,0.0,0.0,0.0,0.0,0.7697084296691236,1.1493093512009147,0.7597629583080246,0,0
108.62788235425616,1002,1002015,4,0.25865091678682817,0.7510600572653643,0.0,150.0,150.0,0.0,4.330898892721817,-1.1802296948739384,-1.1802296948739384,-1.1027312723296967,0.38061728078046986,-0.22282282213147617,0.0,0.0,-0.1976241917425715,-0.5826980708375326,-0.5826980708375326,-0.83531565803839,0.2102442417296108,-0.22941573387056177,-0.23224408360441126,0.0,0.0,0.0,0.0,0.0,0.0,-0.8687625922442506,-1.4500979051501004,-0.8728055247725969,4,1
109.39922987485961,1011,1011014,0,0.5504232839985927,-0.22605095355661867,0.0,-11.712368884762107,21.247785241361655,0.0,-0.056623791325879136,-0.48745613496279744,-0.48745613496279744,1.325300886928351,1.4930011810696238,-0.17930815251816654,0.0,0.0,-0.187317178001041,-0.930051546130479,-0.930051546130479,-0.8918833098242855,0.2102442417296108,-0.22941573387056177,-0.23172107576856757,0.0,0.0,0.0,0.0,0.0,0.0,-0.9464395057221757,0.10954644866050875,-0.7953004663782326,0,0
114.37723194796206,1006,1006024,0,0.3481547944590897,-0.8029191770435101,0.0,-1.5496980895381303,-23.93157344232101,0.0,-0.06317160540549178,0.8952833310040319,0.8952833310040319,1.325300886928351,1.1231227706808093,-0.18028181973580326,0.0,0.0,-0.18402460644686067,-0.8403510332824472,-0.8403510332824472,-0.32620679196533064,0.2102442417296108,-0.22941573387056177,-0.2317327783872213,0.0,0.0,0.0,0.0,0.0,0.0,-0.37677392900286455,-0.7569226367898296,-0.295110433925378,0,0
119.40047117218234,1014,1014031,0,0.0837733872348794,0.5424655080798618,0.0,-8.136546240266938,20.588589061973188,0.0,-0.10622813487034453,-0.555931766616366,-0.555931766616366,0.11128480729932706,1.0592036207784818,-0.18668437343317387,0.0,0.0,-0.18618444473217102,-0.8227872732044964,-0.8227872732044964,0.06976677053593783,0.2102442417296108,-0.22941573387056177,-0.2318097314189895,0.0,0.0,0.0,0.0,0.0,0.0,0.01922393439789888,0.6294278999307118,0.20962503096270274,0,0
128.83368970356614,1006,1006048,0,0.33716604360691643,-0.9653083107676887,0.0,-1.5496980895381303,-23.93157344232101,0.0,-0.06317160540549178,0.8952833310040319,0.8952833310040319,0.11128480729932706,1.6393015162548321,-0.18028181973580168,0.0,0.0,-0.18896339543583293,-0.9607626164435872,-0.9607626164435872,1.0314168508961612,0.2102442417296108,-0.22941573387056177,-0.23173277838722126,0.0,0.0,0.0,0.0,0.0,0.0,0.9698777749095076,-0.7569226367898296,1.1574755569483375,0,0
132.26694625322867,1012,1012059,0,-0.4756756830718847,-1.2335545246522017,0.0,-0.06649188858177275,-15.18284542853341,0.0,-0.2686569264893571,0.927679299170554,0.927679299170554,-1.1027312723296967,-1.3778316658734295,-0.21083771494179077,0.0,0.0,-0.12683624082123954,1.8811244567285141,1.8811244567285141,1.6536610205410116,-0.2670670097646414,-0.22941573387056177,-0.23210003321797068,0.0,0.0,0.0,0.0,0.0,0.0,1.7644052195441762,0.2828402657505764,1.5024494399994577,0,0
101.16588127469377,1013,1013001,0,-1.1043595106187931,0.3153942664164502,0.0,8.966626336535008,-6.622551768963632,0.0,-0.36291050996570695,1.4322867854548724,1.4322867854548724,0.11128480729932706,-0.21052964482329842,-0.22485332736753919,0.0,0.0,-0.1922467428866438,-0.2401334586604099,-0.2401334586604099,-1.627262783040927,0.2102442417296108,-0.22941573387056177,-0.23226848848117165,0.0,0.0,0.0,0.0,0.0,0.0,-1.6376421204061147,0.4561340828406441,-1.622587969082305,0,0
115.58376043745884,1020,1020028,0,-0.04624448516745254,-0.03491997223297152,0.0,5.181994831053066,9.975893117410907,0.0,-0.3607064661279383,-1.015626401212372,-1.015626401212372,-1.1027312723296967,1.4569362611731236,-0.2245255836037462,0.0,0.0,-0.20511705424569585,-0.9221034490119329,-0.9221034490119329,-0.09993618482174865,0.2102442417296108,-0.22941573387056177,-0.23226454929105175,0.0,0.0,0.0,0.0,0.0,0.0,-0.15610726324573118,1.6691908024711177,-0.1738783581941258,0,0
112.02383924552797,1011,1011019,0,0.5331209483006177,-0.19601384373165143,0.0,-11.712368884762107,21.247785241361655,0.0,-0.056623791325879136,-0.48745613496279744,-0.48745613496279744,-1.1027312723296967,0.2548495192457305,-0.17930815251816654,0.0,0.0,-0.17045242171870242,-0.5236269841482379,-0.5236269841482379,-0.6090450508948081,0.2102442417296108,-0.22941573387056177,-0.23172107576856757,0.0,0.0,0.0,0.0,0.0,0.0,-0.6394769911787817,0.10954644866050875,-0.5315795142749544,0,0
114.47297925314564,1011,1011024,0,0.5158186126026428,-0.1659767339066842,0.0,-11.712368884762107,21.247785241361655,0.0,-0.056623791325879136,-0.48745613496279744,-0.48745613496279744,-1.1027312723296967,0.04179861106255925,-0.17930815251816654,0.0,0.0,-0.1656728620010596,-0.40844414769389575,-0.40844414769389575,-0.32620679196533064,0.2102442417296108,-0.22941573387056177,-0.23172107576856757,0.0,0.0,0.0,0.0,0.0,0.0,-0.35033958074299704,0.10954644866050875,-0.28548973731180666,0,0
131.07758468096543,1001,1001055,1,3.6038708037597713,3.5344370345646494,0.0,-5.958580837432313,10.181873359807902,0.0,-0.34772753564590486,-0.4736501414509813,-0.4736501414509813,-1.1027312723296967,-1.367629616005297,-0.26356477564364394,0.0,0.0,-0.22076960836443846,1.8368471099594603,1.8368471099594603,1.4273904133974298,0.2102442417296108,4.358898943540674,4.358585241966482,0.0,0.0,0.0,0.0,0.0,0.0,1.5360250517703868,-1.623391722240168,1.3829422974365857,1,1
134.46995685377954,1002,1002058,4,0.21093719203930505,0.8861834838098515,0.0,150.0,150.0,0.0,4.330898892721817,-1.1802296948739384,-1.1802296948739384,0.11128480729932706,-0.9930970595336184,-0.22282282213147617,0.0,0.0,-0.17130398194867835,0.7290529895330274,0.7290529895330274,1.597093368755116,-5.040179524707164,-0.22941573387056177,-0.23224408360441126,0.0,0.0,0.0,0.0,0.0,0.0,1.637476496570448,-1.4500979051501004,1.723808115146969,4,1
111.75455886603187,1008,1008019,0,-0.5321489235975838,0.2693702142471275,0.0,-9.085401407639898,-18.474491846838987,0.0,-0.14243628509563758,0.6844255480753929,0.6844255480753929,-1.1027312723296967,-0.8010591609192357,-0.1920685655401895,0.0,0.0,-0.1458712093448919,0.3909038420826007,0.3909038420826007,-0.6090450508948081,0.2102442417296108,-0.22941573387056177,-0.23187444464528034,0.0,0.0,0.0,0.0,0.0,0.0,-0.5835042175055224,-0.41033500260969424,-0.558636827586824,0,0
101.662994063237,1016,1016001,0,-0.7459325532658329,0.09230753540143492,0.0,-13.28709936806187,3.646546868613464,0.0,-0.3014597953260249,-0.05800679269001393,-0.05800679269001393,0.11128480729932706,1.2441992996719438,-0.21571553792857157,0.0,0.0,-0.20040010767543973,-0.8718341442160683,-0.8718341442160683,-1.627262783040927,0.2102442417296108,-0.22941573387056177,-0.23215866033536844,0.0,0.0,0.0,0.0,0.0,0.0,-1.6763046110381419,0.9760155341108472,-1.5726380377277775,0,0
120.18563084559207,1009,1009036,0,-0.7351362776454697,-0.7481381538209106,0.0,14.64923024777079,8.610220672323951,0.0,-0.22640391027819448,-1.3167376214261457,-1.3167376214261457,0.11128480729932706,0.97078662800744,-0.2045546445566401,0.0,0.0,-0.1934835304196986,-0.7973251486811107,-0.7973251486811107,0.3526050294654153,0.2102442417296108,-0.22941573387056177,-0.2320245162699209,0.0,0.0,0.0,0.0,0.0,0.0,0.302870095158249,-0.2370411855196266,0.2885179355369124,0,0
101.10432677076348,1018,1018001,0,0.24187410834218834,0.2189290042368915,0.0,10.7390102939936,-2.217324012489014,0.0,-0.36715165865048555,1.6647215517221783,1.6647215517221783,1.325300886928351,0.4703274393473779,-0.22548399088200255,0.0,0.0,-0.19986247897715537,-0.6214348465764773,-0.6214348465764773,-1.627262783040927,0.2102442417296108,-0.22941573387056177,-0.23227606849873303,0.0,0.0,0.0,0.0,0.0,0.0,-1.6609792192495587,1.3226031682909825,-1.6287729703873215,0,0
125.29622834088477,1005,1005044,0,-1.1462473411926155,-0.6288995551463313,0.0,-7.753988978814018,21.08743772142768,0.0,-0.09852599186506747,-0.5688275486850495,-0.5688275486850495,1.325300886928351,-1.4260630767368212,-0.1855390562237065,0.0,0.0,-0.07311644496863709,2.1046020134003918,2.1046020134003918,0.8051462437525793,0.2102442417296108,-0.22941573387056177,-0.23179596571927485,0.0,0.0,0.0,0.0,0.0,0.0,0.9318195531757248,-0.9302164538798973,0.8020311662437015,0,0
109.83865965856195,1014,1014015,0,0.1222369993991046,0.44932876690583323,0.0,-8.136546240266938,20.588589061973188,0.0,-0.10622813487034453,-0.555931766616366,-0.555931766616366,-1.1027312723296967,-1.4097395134455732,-0.186684373433175,0.0,0.0,-0.07828472734528143,2.0269746974611107,2.0269746974611107,-0.83531565803839,0.2102442417296108,-0.22941573387056177,-0.2318097314189895,0.0,0.0,0.0,0.0,0.0,0.0,-0.7090406681367103,0.6294278999307118,-0.7511465278014579,0,0
129.89883067719222,1018,1018053,0,0.4068640958663329,0.18632980187811887,0.0,10.7390102939936,-2.217324012489014,0.0,-0.36715165865048555,1.6647215517221783,1.6647215517221783,1.325300886928351,-0.16150856025791366,-0.2254839908820019,0.0,0.0,-0.19338578813588694,-0.27609141238515733,-0.27609141238515733,1.3142551098256388,0.2102442417296108,-0.22941573387056177,-0.23227606849873303,0.0,0.0,0.0,0.0,0.0,0.0,1.293870044902986,1.3226031682909825,1.2645010041741673,0,0
128.207478315014,1019,1019056,0,0.3491579614455096,-0.7527584220364886,0.0,-17.376302103923766,9.800501167249662,0.0,-0.15733784321247446,-0.19003518656051338,-0.19003518656051338,-1.1027312723296967,0.778009790180305,-0.19428444376362033,0.0,0.0,-0.18666166432104664,-0.7365697123031438,-0.7365697123031438,1.483958065183325,0.2102442417296108,-0.22941573387056177,-0.23190107754136866,0.0,0.0,0.0,0.0,0.0,0.0,1.4349396861347263,1.4958969853810502,1.094553788302501,0,0
119.14733314123566,1020,1020038,0,-0.030934070163584425,-0.006714962273955874,0.0,5.181994831053066,9.975893117410907,0.0,-0.3607064661279383,-1.015626401212372,-1.015626401212372,1.325300886928351,-1.67900177157214,-0.2245255836037462,0.0,0.0,-0.1111033880910256,2.1046020134003918,2.1046020134003918,0.4657403330372063,0.2102442417296108,-0.22941573387056177,-0.23226454929105175,0.0,0.0,0.0,0.0,0.0,0.0,0.5933142151928623,1.6691908024711177,0.18418970207876834,0,0
103.61275545684305,1005,1005006,0,-1.0591913302022764,-0.8554588475307627,0.0,-7.753988978814018,21.08743772142768,0.0,-0.09852599186506747,-0.5688275486850495,-0.5688275486850495,1.325300886928351,-0.2867702077857637,-0.1855390562237065,0.0,0.0,-0.16099012042255814,-0.18055017801924528,-0.18055017801924528,-1.3444245241114494,0.2102442417296108,-0.22941573387056177,-0.23179596571927485,0.0,0.0,0.0,0.0,0.0,0.0,-1.3519076147873177,-0.9302164538798973,-1.3767258624370735,0,0
102.29934236039043,1014,1014003,0,0.15108470852227068,0.37947621102531187,0.0,-8.136546240266938,20.588589061973188,0.0,-0.10622813487034453,-0.555931766616366,-0.555931766616366,0.11128480729932706,0.24032620832575127,-0.186684373433175,0.0,0.0,-0.17458430829060126,-0.5164136469679572,-0.5164136469679572,-1.514127479469136,0.2102442417296108,-0.22941573387056177,-0.2318097314189895,0.0,0.0,0.0,0.0,0.0,0.0,-1.541716408726512,0.6294278999307118,-1.5086977117234288,0,0
108.1382394086274,1004,1004012,3,-0.29813983269117866,-0.645954422916449,0.0,18.585679703128186,-1.280400464997585,0.0,-0.18816159957334697,1.7371753675310497,1.7371753675310497,-1.1027312723296967,0.056239384643585376,7.381572469462271,0.0,0.0,4.746525785467821,-0.41693824511267996,-0.41693824511267996,-1.0050186133960766,0.2102442417296108,-0.22941573387056177,-0.14084597901808965,0.0,0.0,0.0,0.0,0.0,0.0,-1.0278701278587625,-1.103510270969965,-0.9220048857346389,3,1
121.06404480385235,1003,1003038,16,0.6516294459010008,-1.0983579472744167,0.0,17.146246693248383,-17.401030956562966,0.0,-0.05271875687869985,1.3481221050231313,1.3481221050231313,1.325300886928351,1.3078578273210812,-0.17872746956371346,0.0,0.0,-0.18530941799898432,-0.8875155978008075,-0.8875155978008075,0.4657403330372063,0.2102442417296108,-0.22941573387056177,-0.23171409647312494,0.0,0.0,0.0,0.0,0.0,0.0,0.41018520843670864,-1.2768040880600326,0.3767810378492462,0,0
130.67895246079794,1016,1016050,0,-0.9382932096461972,0.14282625675503816,0.0,-13.28709936806187,3.646546868613464,0.0,-0.3014597953260249,-0.05800679269001393,-0.05800679269001393,-1.1027312723296967,-1.7655559098756026,-0.21571553792857157,0.0,0.0,-0.05964373333959708,2.1046020134003918,2.1046020134003918,1.1445521544679522,0.2102442417296108,-0.22941573387056177,-0.23215866033536844,0.0,0.0,0.0,0.0,0.0,0.0,1.2703248911585867,0.9760155341108472,1.3428877011921005,0,0
131.74448562864708,1013,1013058,0,-0.9533536110039348,0.2086671716615207,0.0,8.966626336535008,-6.622551768963632,0.0,-0.36291050996570695,1.4322867854548724,1.4322867854548724,0.11128480729932706,-0.8522779133969374,-0.22485332736753919,0.0,0.0,-0.17867612813410708,0.47167644871652403,0.47167644871652403,1.597093368755116,0.2102442417296108,-0.22941573387056177,-0.23226848848117165,0.0,0.0,0.0,0.0,0.0,0.0,1.6217240708951954,0.4561340828406441,1.449952556123728,0,0
113.8944454818135,1011,1011023,0,0.5192790797422377,-0.17198415587167765,0.0,-11.712368884762107,21.247785241361655,0.0,-0.056623791325879136,-0.48745613496279744,-0.48745613496279744,-1.1027312723296967,-0.08285060561346841,-0.17930815251816654,0.0,0.0,-0.16243068978498512,-0.3303108855981368,-0.3303108855981368,-0.3827744437512261,0.2102442417296108,-0.22941573387056177,-0.23172107576856757,0.0,0.0,0.0,0.0,0.0,0.0,-0.4019750835109238,0.10954644866050875,-0.34362085530014114,0,0
134.87531489686077,1006,1006058,0,0.3325873974185109,-1.032970449819431,0.0,-1.5496980895381303,-23.93157344232101,0.0,-0.06317160540549178,0.8952833310040319,0.8952833310040319,1.325300886928351,-1.5934574763217573,-0.18028181973580168,0.0,0.0,-0.01975224116411085,2.1046020134003918,2.1046020134003918,1.597093368755116,-5.040179524707164,-0.22941573387056177,-0.23173277838722126,0.0,0.0,0.0,0.0,0.0,0.0,1.7216653418024037,-0.7569226367898296,1.7645385225968528,0,0
114.36692200261909,1008,1008025,0,-0.5482548369258802,0.23803026981939082,0.0,-9.085401407639898,-18.474491846838987,0.0,-0.14243628509563758,0.6844255480753929,0.6844255480753929,-1.1027312723296967,0.8382913439237157,-0.1920685655401895,0.0,0.0,-0.18626885941576282,-0.7563961959337573,-0.7563961959337573,-0.26963914017943513,0.2102442417296108,-0.22941573387056177,-0.23187444464528034,0.0,0.0,0.0,0.0,0.0,0.0,-0.315218016506679,-0.41033500260969424,-0.29614637802904775,0,0
105.02061564429863,1004,1004008,3,-0.3210494273066609,-0.6295249155643362,0.0,18.585679703128186,-1.280400464997585,0.0,-0.18816159957334697,1.7371753675310497,1.7371753675310497,-1.1027312723296967,0.44925374287462577,6.784516501751829,0.0,0.0,3.679538766791843,-0.6125708933882898,-0.6125708933882898,-1.2312892205396586,0.2102442417296108,-0.22941573387056177,-0.14802206359657155,0.0,0.0,0.0,0.0,0.0,0.0,-1.2655138172028306,-1.103510270969965,-1.2352639621583514,3,1
114.67123610941758,1014,1014022,0,0.10540916907725638,0.4900760911694707,0.0,-8.136546240266938,20.588589061973188,0.0,-0.10622813487034453,-0.555931766616366,-0.555931766616366,1.325300886928351,1.309187744683609,-0.18668437343317387,0.0,0.0,-0.18864740913729147,-0.8878371404960675,-0.8878371404960675,-0.4393420955371216,0.2102442417296108,-0.22941573387056177,-0.2318097314189895,0.0,0.0,0.0,0.0,0.0,0.0,-0.49251537248991734,0.6294278999307118,-0.2655688730943157,0,0
125.8471583463309,1019,1019052,0,0.3696935586521617,-0.7638420705789201,0.0,-17.376302103923766,9.800501167249662,0.0,-0.15733784321247446,-0.19003518656051338,-0.19003518656051338,1.325300886928351,1.0864500137702187,-0.19428444376362033,0.0,0.0,-0.1898616842084316,-0.8303575761093539,-0.8303575761093539,1.2576874580397432,0.2102442417296108,-0.22941573387056177,-0.23190107754136866,0.0,0.0,0.0,0.0,0.0,0.0,1.2035292859345594,1.4958969853810502,0.8573886557056554,0,0
109.3830902303952,1004,1004015,3,0.1872259104262328,-0.23711587331621053,0.0,18.585679703128186,-1.280400464997585,0.0,-0.18816159957334697,1.7371753675310497,1.7371753675310497,1.325300886928351,-1.361953618965561,4.588571211263899,0.0,0.0,8.259762312210507,1.8126791436984462,1.8126791436984462,-0.83531565803839,0.2102442417296108,-0.22941573387056177,-0.17441538346353394,0.0,0.0,0.0,0.0,0.0,0.0,-0.722156373136375,-1.103510270969965,-0.7969221790994977,3,1
114.82909303821287,1018,1018028,0,0.32754198647972493,0.2020024953198386,0.0,10.7390102939936,-2.217324012489014,0.0,-0.36715165865048555,1.6647215517221783,1.6647215517221783,-1.1027312723296967,0.8278207796094686,-0.22548399088200255,0.0,0.0,-0.2023300679130338,-0.7530090807299685,-0.7530090807299685,-0.09993618482174865,0.2102442417296108,-0.22941573387056177,-0.23227606849873303,0.0,0.0,0.0,0.0,0.0,0.0,-0.14575804314969876,1.3226031682909825,-0.24970739670730038,0,0
111.95106630302679,1004,1004019,3,-0.1753093473136863,-0.7134141111828194,0.0,18.585679703128186,-1.280400464997585,0.0,-0.18816159957334697,1.7371753675310497,1.7371753675310497,0.11128480729932706,0.9651985466914396,-0.243054881424861,0.0,0.0,-0.21126916773777926,-0.7956681286634987,-0.7956681286634987,-0.6090450508948081,0.2102442417296108,-0.22941573387056177,-0.23248725505991644,0.0,0.0,0.0,0.0,0.0,0.0,-0.6561269465165624,-1.103510270969965,-0.5388917451532887,3,1
118.44905527265287,1020,1020034,0,-0.037058236165131674,-0.01799696625756213,0.0,5.181994831053066,9.975893117410907,0.0,-0.3607064661279383,-1.015626401212372,-1.015626401212372,0.11128480729932706,0.8158844338165077,-0.2245255836037462,0.0,0.0,-0.2017911966734081,-0.7491191236279489,-0.7491191236279489,0.2394697258936243,0.2102442417296108,-0.22941573387056177,-0.23226454929105175,0.0,0.0,0.0,0.0,0.0,0.0,0.19298537504022173,1.6691908024711177,0.11402668795815345,0,0
108.86481168857976,1016,1016012,0,-0.789115557759384,0.10364847284816217,0.0,-13.28709936806187,3.646546868613464,0.0,-0.3014597953260249,-0.05800679269001393,-0.05800679269001393,-1.1027312723296967,0.47900312192210814,-0.21571553792857157,0.0,0.0,-0.1945844367496832,-0.6250434798245178,-0.6250434798245178,-1.0050186133960766,0.2102442417296108,-0.22941573387056177,-0.23215866033536844,0.0,0.0,0.0,0.0,0.0,0.0,-1.0406069617288174,0.9760155341108472,-0.8489988469761576,0,0
108.09957622631894,1006,1006013,0,0.35319130526633574,-0.728490824086595,0.0,-1.5496980895381303,-23.93157344232101,0.0,-0.06317160540549178,0.8952833310040319,0.8952833310040319,0.11128480729932706,0.2706765151840849,-0.18028181973580326,0.0,0.0,-0.17135234635034072,-0.531391305734127,-0.531391305734127,-0.948450961610181,0.2102442417296108,-0.22941573387056177,-0.2317327783872213,0.0,0.0,0.0,0.0,0.0,0.0,-0.9784575352480748,-0.7569226367898296,-0.9258897652765921,0,0
104.38506262270856,1017,1017010,0,-0.784470622428955,0.6235611788847469,0.0,4.783669788272565,13.354964151385625,0.0,-0.2919440134913492,-0.9430101894797384,-0.9430101894797384,1.325300886928351,-1.4943830474733975,-0.2143005306131605,0.0,0.0,-0.11853143711383396,2.1046020134003918,2.1046020134003918,-1.1181539169678676,0.2102442417296108,-0.22941573387056177,-0.2321416531991472,0.0,0.0,0.0,0.0,0.0,0.0,-0.9863773620604953,1.1493093512009147,-1.2991243788127227,0,0
128.82867090274462,1018,1018050,0,0.39734544273993994,0.1882105250911255,0.0,10.7390102939936,-2.217324012489014,0.0,-0.36715165865048555,1.6647215517221783,1.6647215517221783,0.11128480729932706,-0.6962252999733882,-0.2254839908820019,0.0,0.0,-0.18365575798381936,0.24272322766059665,0.24272322766059665,1.1445521544679522,0.2102442417296108,-0.22941573387056177,-0.23227606849873303,0.0,0.0,0.0,0.0,0.0,0.0,1.1563708101236505,1.3226031682909825,1.1569712674544956,0,0
129.3063192864766,1002,1002049,4,0.22092378559111223,0.8579018363935634,0.0,150.0,150.0,0.0,4.330898892721817,-1.1802296948739384,-1.1802296948739384,1.325300886928351,1.4831511414164955,-0.22282282213147617,0.0,0.0,-0.2045505726116078,-0.9278962102382583,-0.9278962102382583,1.0879845026820567,0.2102442417296108,-0.22941573387056177,-0.23224408360441126,0.0,0.0,0.0,0.0,0.0,0.0,1.0283068806194258,-1.4500979051501004,1.20496541391154,4,1
118.89379364643577,1004,1004030,3,0.2291049262917827,-0.43961319664640086,0.0,18.585679703128186,-1.280400464997585,0.0,-0.18816159957334697,1.7371753675310497,1.7371753675310497,0.11128480729932706,0.5475933312125191,3.171140722101507,0.0,0.0,1.6119463787893793,-0.6527714683899776,-0.6527714683899776,0.013199118750042335,0.2102442417296108,-0.22941573387056177,-0.1914516440897426,0.0,0.0,0.0,0.0,0.0,0.0,-0.026788006407314272,-1.103510270969965,0.15871403407588158,3,1
112.19371410483053,1016,1016017,0,-0.8087441961655437,0.10880344441485638,0.0,-13.28709936806187,3.646546868613464,0.0,-0.3014597953260249,-0.05800679269001393,-0.05800679269001393,-1.1027312723296967,1.5448680937610744,-0.21571553792857157,0.0,0.0,-0.2020350534160187,-0.9412138169507562,-0.9412138169507562,-0.7221803544665991,0.2102442417296108,-0.22941573387056177,-0.23215866033536844,0.0,0.0,0.0,0.0,0.0,0.0,-0.7778700102667072,0.9760155341108472,-0.5145104753031567,0,0
114.37914875846603,1009,1009026,0,-0.7784180256774358,-0.7724819751664257,0.0,14.64923024777079,8.610220672323951,0.0,-0.22640391027819448,-1.3167376214261457,-1.3167376214261457,-1.1027312723296967,-1.317323118598216,-0.2045546445566401,0.0,0.0,-0.12284043341781525,1.6334628154591333,1.6334628154591333,-0.21307148839353965,0.2102442417296108,-0.22941573387056177,-0.2320245162699209,0.0,0.0,0.0,0.0,0.0,0.0,-0.11253197614160355,-0.2370411855196266,-0.29491783265802063,0,0
109.32120723775074,1009,1009014,0,-0.830356123315795,-0.8016945607810437,0.0,14.64923024777079,8.610220672323951,0.0,-0.22640391027819448,-1.3167376214261457,-1.3167376214261457,1.325300886928351,-0.007670724685307007,-0.2045546445566401,0.0,0.0,-0.1813116654768269,-0.3784983409679056,-0.3784983409679056,-0.8918833098242855,0.2102442417296108,-0.22941573387056177,-0.2320245162699209,0.0,0.0,0.0,0.0,0.0,0.0,-0.9126823464927141,-0.2370411855196266,-0.8031401869758623,0,0
121.28755296560493,1008,1008038,0,-0.5831509824705223,0.17012705689262805,0.0,-9.085401407639898,-18.474491846838987,0.0,-0.14243628509563758,0.6844255480753929,0.6844255480753929,0.11128480729932706,-0.9556035611338242,-0.1920685655401895,0.0,0.0,-0.1365777084571788,0.6548408261168905,0.6548408261168905,0.4657403330372063,0.2102442417296108,-0.22941573387056177,-0.23187444464528034,0.0,0.0,0.0,0.0,0.0,0.0,0.5045833025887064,-0.41033500260969424,0.39923915519005,0,0
113.37323129453455,1004,1004022,3,0.07575819605266984,-0.5633548772639464,0.0,18.585679703128186,-1.280400464997585,0.0,-0.18816159957334697,1.7371753675310497,1.7371753675310497,-1.1027312723296967,0.01721754974604374,3.8311978151349413,0.0,0.0,2.4865313271419645,-0.39373117210529335,-0.39373117210529335,-0.4393420955371216,0.2102442417296108,-0.22941573387056177,-0.18351834171542986,0.0,0.0,0.0,0.0,0.0,0.0,-0.46227420319732243,-1.103510270969965,-0.3959924970595166,3,1
117.27407254864002,1020,1020031,0,-0.0416513606662921,-0.026458469245266823,0.0,5.181994831053066,9.975893117410907,0.0,-0.3607064661279383,-1.015626401212372,-1.015626401212372,1.325300886928351,0.4498903041658773,-0.2245255836037462,0.0,0.0,-0.19917105981233482,-0.6128407059641711,-0.6128407059641711,0.06976677053593783,0.2102442417296108,-0.22941573387056177,-0.23226454929105175,0.0,0.0,0.0,0.0,0.0,0.0,0.03207346483970213,1.6691908024711177,-0.004035666822918152,0,0
111.8761324252545,1009,1009018,0,-0.8130434241030086,-0.7919570322428378,0.0,14.64923024777079,8.610220672323951,0.0,-0.22640391027819448,-1.3167376214261457,-1.3167376214261457,1.325300886928351,0.516183269901104,-0.2045546445566401,0.0,0.0,-0.18891856997338016,-0.6402475093840777,-0.6402475093840777,-0.6656127026807036,0.2102442417296108,-0.22941573387056177,-0.2320245162699209,0.0,0.0,0.0,0.0,0.0,0.0,-0.7030321683279961,-0.2370411855196266,-0.5464211069744226,0,0
109.69005417404883,1005,1005017,0,-1.084391754436322,-0.7898758944721116,0.0,-7.753988978814018,21.08743772142768,0.0,-0.09852599186506747,-0.5688275486850495,-0.5688275486850495,0.11128480729932706,-0.06229622493179232,-0.1855390562237065,0.0,0.0,-0.16726412667763307,-0.34382194462632154,-0.34382194462632154,-0.7221803544665991,0.2102442417296108,-0.22941573387056177,-0.23179596571927485,0.0,0.0,0.0,0.0,0.0,0.0,-0.7413073498240071,-0.9302164538798973,-0.7660784183530758,0,0
108.42709019648538,1018,1018017,0,0.29264025834961743,0.20889848043419348,0.0,10.7390102939936,-2.217324012489014,0.0,-0.36715165865048555,1.6647215517221783,1.6647215517221783,0.11128480729932706,-1.5730207631621613,-0.22548399088200255,0.0,0.0,-0.13184594898471327,2.1046020134003918,2.1046020134003918,-0.7221803544665991,0.2102442417296108,-0.22941573387056177,-0.23227606849873303,0.0,0.0,0.0,0.0,0.0,0.0,-0.5914544677471559,1.3226031682909825,-0.8929811362803379,0,0
129.83253718102185,1015,1015055,0,-0.11395568541487808,0.6335045660318163,0.0,10.904135631270758,11.576128422838552,0.0,-0.25184069638838796,-1.1641709918683423,-1.1641709918683423,-1.1027312723296967,-1.553675065663299,-0.20833712287022454,0.0,0.0,-0.09565924854175908,2.1046020134003918,2.1046020134003918,1.4273904133974298,0.2102442417296108,-0.22941573387056177,-0.23206997831328452,0.0,0.0,0.0,0.0,0.0,0.0,1.5524126728109728,0.8027217170207794,1.2578398285631642,0,0
128.893521724965,1015,1015052,0,-0.12362069940366836,0.6236857514070935,0.0,10.904135631270758,11.576128422838552,0.0,-0.25184069638838796,-1.1641709918683423,-1.1641709918683423,0.11128480729932706,-0.10044742342328034,-0.20833712287022454,0.0,0.0,-0.18220989907060245,-0.31853385503641785,-0.31853385503641785,1.2576874580397432,0.2102442417296108,-0.22941573387056177,-0.23206997831328452,0.0,0.0,0.0,0.0,0.0,0.0,1.2348548492491298,0.8027217170207794,1.1634874830756747,0,0
116.59713301868545,1005,1005028,0,-1.1095921786703675,-0.7242929414134603,0.0,-7.753988978814018,21.08743772142768,0.0,-0.09852599186506747,-0.5688275486850495,-0.5688275486850495,0.11128480729932706,-0.41107883133266077,-0.1855390562237065,0.0,0.0,-0.15683874015384974,-0.07251662453314144,-0.07251662453314144,-0.09993618482174865,0.2102442417296108,-0.22941573387056177,-0.23179596571927485,0.0,0.0,0.0,0.0,0.0,0.0,-0.10410931011130996,-0.9302164538798973,-0.07205460303151032,0,0
123.61089476854693,1005,1005040,0,-1.1370835505620536,-0.6527479017131136,0.0,-7.753988978814018,21.08743772142768,0.0,-0.09852599186506747,-0.5688275486850495,-0.5688275486850495,1.325300886928351,-0.8167353603702369,-0.1855390562237065,0.0,0.0,-0.13810540942549776,0.41499069983055353,0.41499069983055353,0.5788756366089973,0.2102442417296108,-0.22941573387056177,-0.23179596571927485,0.0,0.0,0.0,0.0,0.0,0.0,0.6027386729719088,-0.9302164538798973,0.6326887188396623,0,0
120.34543427901086,1019,1019039,0,0.43643424957378113,-0.7998639283418226,0.0,-17.376302103923766,9.800501167249662,0.0,-0.15733784321247446,-0.19003518656051338,-0.19003518656051338,0.11128480729932706,0.7614768601701022,-0.19428444376362033,0.0,0.0,-0.1864713225647112,-0.7309910761233501,-0.7309910761233501,0.5223079848231018,0.2102442417296108,-0.22941573387056177,-0.23190107754136866,0.0,0.0,0.0,0.0,0.0,0.0,0.4761826623221712,1.4958969853810502,0.3045749968587058,0,0
110.62363995144149,1013,1013018,0,-1.0593226633652388,0.28356337850708524,0.0,8.966626336535008,-6.622551768963632,0.0,-0.36291050996570695,1.4322867854548724,1.4322867854548724,1.325300886928351,1.0817040873818253,-0.22485332736753919,0.0,0.0,-0.20347436415102244,-0.8290479771251497,-0.8290479771251497,-0.6656127026807036,0.2102442417296108,-0.22941573387056177,-0.23226848848117165,0.0,0.0,0.0,0.0,0.0,0.0,-0.7145874768503238,0.4561340828406441,-0.6722716473967651,0,0
123.71343626879037,1009,1009042,0,-0.7091672288262901,-0.7335318610136017,0.0,14.64923024777079,8.610220672323951,0.0,-0.22640391027819448,-1.3167376214261457,-1.3167376214261457,-1.1027312723296967,-0.1720966542780656,-0.2045546445566401,0.0,0.0,-0.17811409928323116,-0.26847194422418624,-0.26847194422418624,0.6920109401807882,0.2102442417296108,-0.22941573387056177,-0.2320245162699209,0.0,0.0,0.0,0.0,0.0,0.0,0.6737432657722376,-0.2370411855196266,0.6429920966971504,0,0
101.25618973461765,1007,1007001,0,0.3914419321810723,-0.4031715003272775,0.0,-8.744406652123791,6.787743277081043,0.0,-0.36471904919391884,-0.2687837795106529,-0.2687837795106529,-1.1027312723296967,0.7786097258809556,-0.22512225915712755,0.0,0.0,-0.20184748183606696,-0.7367709820942202,-0.7367709820942202,-1.627262783040927,0.2102442417296108,-0.22941573387056177,-0.23227172080338654,0.0,0.0,0.0,0.0,0.0,0.0,-1.668038230520168,-0.583628819699762,-1.613513768060139,0,0
129.74746353656928,1009,1009053,0,-0.6615573059911274,-0.7067536575335351,0.0,14.64923024777079,8.610220672323951,0.0,-0.22640391027819448,-1.3167376214261457,-1.3167376214261457,-1.1027312723296967,-0.308275309611012,-0.2045546445566401,0.0,0.0,-0.1750452810606178,-0.16287569043219965,-0.16287569043219965,1.3142551098256388,0.2102442417296108,-0.22941573387056177,-0.2320245162699209,0.0,0.0,0.0,0.0,0.0,0.0,1.3007992787782887,-0.2370411855196266,1.2492916222035213,0,0
102.0366031083278,1002,1002002,4,0.27307599636166074,0.7102087887751705,0.0,150.0,150.0,0.0,4.330898892721817,-1.1802296948739384,-1.1802296948739384,0.11128480729932706,-0.8708180570098437,-0.22282282213147617,0.0,0.0,-0.1758508042829876,0.5024476902192447,0.5024476902192447,-1.5706951312550315,0.2102442417296108,-0.22941573387056177,-0.23224408360441126,0.0,0.0,0.0,0.0,0.0,0.0,-1.5357757663007463,-1.4500979051501004,-1.5350977720460115,4,1
132.90698601701044,1008,1008059,0,-0.6395216791195596,0.06043725139554978,0.0,-9.085401407639898,-18.474491846838987,0.0,-0.14243628509563758,0.6844255480753929,0.6844255480753929,0.11128480729932706,-0.3435825986910979,-0.1920685655401895,0.0,0.0,-0.1643173632781212,-0.13297002364281052,-0.13297002364281052,1.6536610205410116,-1.699000764247398,-0.22941573387056177,-0.23187444464528034,0.0,0.0,0.0,0.0,0.0,0.0,1.6411349575990317,-0.41033500260969424,1.566760684855489,0,0
111.97887677537007,1019,1019024,0,0.5134427390987266,-0.8414276103759409,0.0,-17.376302103923766,9.800501167249662,0.0,-0.15733784321247446,-0.19003518656051338,-0.19003518656051338,1.325300886928351,-0.0040050205088933205,-0.19428444376362033,0.0,0.0,-0.1745216433726563,-0.3807636012846856,-0.3807636012846856,-0.32620679196533064,0.2102442417296108,-0.22941573387056177,-0.23190107754136866,0.0,0.0,0.0,0.0,0.0,0.0,-0.34864542575677265,1.4958969853810502,-0.5360973467461296,0,0
111.81987577261093,1003,1003024,16,0.5807064470043438,-1.0294804298520854,0.0,17.146246693248383,-17.401030956562966,0.0,-0.05271875687869985,1.3481221050231313,1.3481221050231313,1.325300886928351,-0.7251770561383898,-0.17872746956371346,0.0,0.0,-0.13646455944303526,0.28154201145623375,0.28154201145623375,-0.32620679196533064,0.2102442417296108,-0.22941573387056177,-0.23171409647312494,0.0,0.0,0.0,0.0,0.0,0.0,-0.3081097968843569,-1.2768040880600326,-0.552073779773319,0,0
100.86518874658246,1015,1015000,0,-0.2911476085427001,0.45349296457856403,0.0,10.904135631270758,11.576128422838552,0.0,-0.25184069638838796,-1.1641709918683423,-1.1641709918683423,-1.1027312723296967,-0.2626679390523189,-0.26356477564364394,0.0,0.0,-0.22076960836443846,-0.19989314642610573,-0.19989314642610573,-1.6838304348268225,0.2102442417296108,-0.22941573387056177,-0.23273376584545316,0.0,0.0,0.0,0.0,0.0,0.0,-1.6915968161914585,0.8027217170207794,-1.652801577511076,0,0
110.8062233945618,1010,1010022,0,-0.92272127278627,-0.0501615424662533,0.0,-3.330296274990087,9.95568497806392,0.0,-0.3780720260386732,-0.5847070204353849,-0.5847070204353849,1.325300886928351,-1.59026367140312,-0.22710786162743654,0.0,0.0,-0.133234817833977,2.1046020134003918,2.1046020134003918,-0.4393420955371216,0.2102442417296108,-0.22941573387056177,-0.23229558598862335,0.0,0.0,0.0,0.0,0.0,0.0,-0.3093666860947708,-0.06374736842955891,-0.653925648942252,0,0
129.01028035699142,1012,1012052,0,-0.4755381659748529,-1.2035058251488555,0.0,-0.06649188858177275,-15.18284542853341,0.0,-0.2686569264893571,0.927679299170554,0.927679299170554,-1.1027312723296967,0.7871775170717786,-0.21083771494179077,0.0,0.0,-0.19489077281100464,-0.7396365344608042,-0.7396365344608042,1.2576874580397432,0.2102442417296108,-0.22941573387056177,-0.23210003321797068,0.0,0.0,0.0,0.0,0.0,0.0,1.2090817596029702,0.2828402657505764,1.1752193994318365,0,0
128.43708408514695,1017,1017050,0,-0.727936432729635,0.7745960355973581,0.0,4.783669788272565,13.354964151385625,0.0,-0.2919440134913492,-0.9430101894797384,-0.9430101894797384,1.325300886928351,1.261061705413008,-0.2143005306131605,0.0,0.0,-0.19989987953448707,-0.8760441243210916,-0.8760441243210916,1.1445521544679522,0.2102442417296108,-0.22941573387056177,-0.2321416531991472,0.0,0.0,0.0,0.0,0.0,0.0,1.0878979823201438,1.1493093512009147,1.1176245938039124,0,0
129.8959431486327,1017,1017054,0,-0.722283013759703,0.7896995212686193,0.0,4.783669788272565,13.354964151385625,0.0,-0.2919440134913492,-0.9430101894797384,-0.9430101894797384,1.325300886928351,-0.9722935125142943,-0.2143005306131605,0.0,0.0,-0.1619695088354216,0.6873165442994243,0.6873165442994243,1.3708227616115343,0.2102442417296108,-0.22941573387056177,-0.2321416531991472,0.0,0.0,0.0,0.0,0.0,0.0,1.409251841659091,1.1493093512009147,1.26421086508168,0,0
113.19296834743318,1002,1002022,4,0.25088356624653374,0.7730568941446995,0.0,150.0,150.0,0.0,4.330898892721817,-1.1802296948739384,-1.1802296948739384,1.325300886928351,-1.0914415919081262,-0.22282282213147617,0.0,0.0,-0.16692008875105252,0.9475381990191342,0.9475381990191342,-0.4393420955371216,0.2102442417296108,-0.22941573387056177,-0.23224408360441126,0.0,0.0,0.0,0.0,0.0,0.0,-0.38018340342162105,-1.4500979051501004,-0.4141053318949764,4,1
115.97576870186883,1020,1020029,0,-0.04471344366706573,-0.03209947123706995,0.0,5.181994831053066,9.975893117410907,0.0,-0.3607064661279383,-1.015626401212372,-1.015626401212372,-1.1027312723296967,-0.6813396852104453,-0.2245255836037462,0.0,0.0,-0.1830943519078204,0.22334016192092493,0.22334016192092493,-0.04336853303585316,0.2102442417296108,-0.22941573387056177,-0.23226454929105175,0.0,0.0,0.0,0.0,0.0,0.0,-0.029584190347305195,1.6691908024711177,-0.13448933753531753,0,0
118.81697824080872,1015,1015033,0,-0.1848324546660069,0.5614999254505154,0.0,10.904135631270758,11.576128422838552,0.0,-0.25184069638838796,-1.1641709918683423,-1.1641709918683423,-1.1027312723296967,1.3738473388410901,-0.20833712287022454,0.0,0.0,-0.19811172666899646,-0.9031817376833843,-0.9031817376833843,0.18290207410772882,0.2102442417296108,-0.22941573387056177,-0.23206997831328452,0.0,0.0,0.0,0.0,0.0,0.0,0.12713859928848567,0.8027217170207794,0.15099561619070687,0,0
104.70430209951441,1003,1003007,16,0.49458566262983183,-0.9458434444106832,0.0,17.146246693248383,-17.401030956562966,0.0,-0.05271875687869985,1.3481221050231313,1.3481221050231313,0.11128480729932706,-1.65710911677237,-0.17872746956371346,0.0,0.0,0.007958692450660087,2.1046020134003918,2.1046020134003918,-1.2878568723255541,0.2102442417296108,-0.22941573387056177,-0.23171409647312494,0.0,0.0,0.0,0.0,0.0,0.0,-1.1556300310519265,-1.2768040880600326,-1.267047171547875,0,0
126.49797748185034,1001,1001046,1,3.6038708037597713,3.5344370345646494,0.0,-5.958580837432313,10.181873359807902,0.0,-0.34772753564590486,-0.4736501414509813,-0.4736501414509813,-1.1027312723296967,-0.6042204644611888,-0.26356477564364394,0.0,0.0,-0.22076960836443846,0.12870627006355828,0.12870627006355828,0.9182815473243703,0.2102442417296108,4.358898943540674,4.358585241966482,0.0,0.0,0.0,0.0,0.0,0.0,0.9237223122499085,-1.623391722240168,0.9227830126657209,1,1
119.58126748156536,1019,1019038,0,0.44156814887544416,-0.8026348404774305,0.0,-17.376302103923766,9.800501167249662,0.0,-0.15733784321247446,-0.19003518656051338,-0.19003518656051338,0.11128480729932706,0.9514816932789728,-0.19428444376362033,0.0,0.0,-0.18853845901022998,-0.7915757969200709,-0.7915757969200709,0.4657403330372063,0.2102442417296108,-0.22941573387056177,-0.23190107754136866,0.0,0.0,0.0,0.0,0.0,0.0,0.4160570900692688,1.4958969853810502,0.22779145808138251,0,0
118.30624697105807,1009,1009033,0,-0.7481208020550595,-0.7554413002245652,0.0,14.64923024777079,8.610220672323951,0.0,-0.22640391027819448,-1.3167376214261457,-1.3167376214261457,-1.1027312723296967,-0.6338014634536373,-0.2045546445566401,0.0,0.0,-0.16554845844054805,0.16390446364039032,0.16390446364039032,0.18290207410772882,0.2102442417296108,-0.22941573387056177,-0.2320245162699209,0.0,0.0,0.0,0.0,0.0,0.0,0.19244834361139346,-0.2370411855196266,0.09967729879353208,0,0
100.89478795597968,1019,1019001,0,0.6315224230369765,-0.9051585894949223,0.0,-17.376302103923766,9.800501167249662,0.0,-0.15733784321247446,-0.19003518656051338,-0.19003518656051338,0.11128480729932706,-1.6552506093039947,-0.19428444376362033,0.0,0.0,-0.03462013317515653,2.1046020134003918,2.1046020134003918,-1.627262783040927,0.2102442417296108,-0.22941573387056177,-0.23190107754136866,0.0,0.0,0.0,0.0,0.0,0.0,-1.494135369034789,1.4958969853810502,-1.6498274466667018,0,0
115.28592286956777,1001,1001023,1,3.6038708037597713,3.5344370345646494,0.0,-5.958580837432313,10.181873359807902,0.0,-0.34772753564590486,-0.4736501414509813,-0.4736501414509813,-1.1027312723296967,0.007126073522628468,-0.26356477564364394,0.0,0.0,-0.22076960836443846,-0.3875960860416623,-0.3875960860416623,-0.3827744437512261,0.2102442417296108,4.358898943540674,4.358585241966482,0.0,0.0,0.0,0.0,0.0,0.0,-0.40548115620665537,-1.623391722240168,-0.20380509999965205,1,1
103.03263013303871,1004,1004005,3,-0.30863876996847966,-0.29079352756920923,0.0,18.585679703128186,-1.280400464997585,0.0,-0.18816159957334697,1.7371753675310497,1.7371753675310497,-1.1027312723296967,1.0536197859701786,5.803333552977962,0.0,0.0,2.513147511719475,-0.8212201773872214,-0.8212201773872214,-1.400992175897345,0.2102442417296108,-0.22941573387056177,-0.15981501469019554,0.0,0.0,0.0,0.0,0.0,0.0,-1.4475366179551479,-1.103510270969965,-1.4350168997406336,3,1
129.03039518847504,1013,1013051,0,-0.971898195167163,0.2217740078594945,0.0,8.966626336535008,-6.622551768963632,0.0,-0.36291050996570695,1.4322867854548724,1.4322867854548724,-1.1027312723296967,-1.0851762927442008,-0.22485332736753919,0.0,0.0,-0.16989111607314134,0.9324705052460844,0.9324705052460844,1.2011198062538477,0.2102442417296108,-0.22941573387056177,-0.23226848848117165,0.0,0.0,0.0,0.0,0.0,0.0,1.2550035298501554,0.4561340828406441,1.1772405392515528,0,0
114.81003563440055,1015,1015025,0,-0.210605825302781,0.5353164197845878,0.0,10.904135631270758,11.576128422838552,0.0,-0.25184069638838796,-1.1641709918683423,-1.1641709918683423,0.11128480729932706,0.44757265382578576,-0.20833712287022454,0.0,0.0,-0.19018800989155257,-0.6118577242665444,-0.6118577242665444,-0.26963914017943513,0.2102442417296108,-0.22941573387056177,-0.23206997831328452,0.0,0.0,0.0,0.0,0.0,0.0,-0.3063717109151542,0.8027217170207794,-0.251622286113004,0,0
103.43449634123472,1013,1013004,0,-1.0964118316916953,0.3097770509030328,0.0,8.966626336535008,-6.622551768963632,0.0,-0.36291050996570695,1.4322867854548724,1.4322867854548724,1.325300886928351,1.1963907960717832,-0.22485332736753919,0.0,0.0,-0.20405818559503106,-0.8596707525529731,-0.8596707525529731,-1.4575598276832404,0.2102442417296108,-0.22941573387056177,-0.23226848848117165,0.0,0.0,0.0,0.0,0.0,0.0,-1.5063074960978915,0.4561340828406441,-1.3946373521294786,0,0
119.82294519721107,1003,1003036,16,0.641497588915764,-1.0885183019283695,0.0,17.146246693248383,-17.401030956562966,0.0,-0.05271875687869985,1.3481221050231313,1.3481221050231313,-1.1027312723296967,-0.18230378562220093,-0.17872746956371346,0.0,0.0,-0.15913485126850083,-0.26105096447143017,-0.26105096447143017,0.3526050294654153,0.2102442417296108,-0.22941573387056177,-0.23171409647312494,0.0,0.0,0.0,0.0,0.0,0.0,0.3356921200464551,-1.2768040880600326,0.2520752535994947,0,0
100.87219628856231,1002,1002000,4,0.27529523937317346,0.7039239782382176,0.0,150.0,150.0,0.0,4.330898892721817,-1.1802296948739384,-1.1802296948739384,0.11128480729932706,-0.2626679390523189,-0.26356477564364394,0.0,0.0,-0.22076960836443846,-0.19989314642610573,-0.19989314642610573,-1.6838304348268225,0.2102442417296108,-0.22941573387056177,-0.23273376584545316,0.0,0.0,0.0,0.0,0.0,0.0,-1.6915968161914585,-1.4500979051501004,-1.6520974591521762,4,1
120.48988483890675,1011,1011036,0,0.47429300692750287,-0.09388767032676279,0.0,-11.712368884762107,21.247785241361655,0.0,-0.056623791325879136,-0.48745613496279744,-0.48745613496279744,1.325300886928351,-0.7918205273289062,-0.17930815251816654,0.0,0.0,-0.13308221424557792,0.376959419187796,0.376959419187796,0.3526050294654153,0.2102442417296108,-0.22941573387056177,-0.23172107576856757,0.0,0.0,0.0,0.0,0.0,0.0,0.37474078826131213,0.10954644866050875,0.3190894002641521,0,0
101.9454034347755,1009,1009002,0,-0.8822942209541543,-0.8309071463956619,0.0,14.64923024777079,8.610220672323951,0.0,-0.22640391027819448,-1.3167376214261457,-1.3167376214261457,0.11128480729932706,1.3131518285469062,-0.2045546445566401,0.0,0.0,-0.19614178421430922,-0.888794118811304,-0.888794118811304,-1.5706951312550315,0.2102442417296108,-0.22941573387056177,-0.2320245162699209,0.0,0.0,0.0,0.0,0.0,0.0,-1.6209250698213113,-0.2370411855196266,-1.5442615222823353,0,0
113.35179996876835,1016,1016019,0,-0.8165956515280075,0.11086543304153407,0.0,-13.28709936806187,3.646546868613464,0.0,-0.3014597953260249,-0.05800679269001393,-0.05800679269001393,1.325300886928351,1.2512011988031686,-0.21571553792857157,0.0,0.0,-0.20044142061722295,-0.873587277858052,-0.873587277858052,-0.6090450508948081,0.2102442417296108,-0.22941573387056177,-0.23215866033536844,0.0,0.0,0.0,0.0,0.0,0.0,-0.660895895553146,0.9760155341108472,-0.3981459183263389,0,0
113.24051178711932,1018,1018026,0,0.3211962177287963,0.20325631079517587,0.0,10.7390102939936,-2.217324012489014,0.0,-0.36715165865048555,1.6647215517221783,1.6647215517221783,0.11128480729932706,-0.34674374145945175,-0.22548399088200255,0.0,0.0,-0.1906503829457892,-0.1302369559343165,-0.1302369559343165,-0.21307148839353965,0.2102442417296108,-0.22941573387056177,-0.23227606849873303,0.0,0.0,0.0,0.0,0.0,0.0,-0.22047712714175896,1.3226031682909825,-0.40932816340643285,0,0
107.72056309525091,1015,1015012,0,-0.2524875525875389,0.49276822307745544,0.0,10.904135631270758,11.576128422838552,0.0,-0.25184069638838796,-1.1641709918683423,-1.1641709918683423,1.325300886928351,-0.02453284197130628,-0.20833712287022454,0.0,0.0,-0.18355478239161674,-0.3679799442467948,-0.3679799442467948,-1.0050186133960766,0.2102442417296108,-0.22941573387056177,-0.23206997831328452,0.0,0.0,0.0,0.0,0.0,0.0,-1.0248736931676679,0.8027217170207794,-0.9639730339343786,0,0
105.87213357388671,1018,1018009,0,0.26725718334590287,0.2139137423355425,0.0,10.7390102939936,-2.217324012489014,0.0,-0.36715165865048555,1.6647215517221783,1.6647215517221783,-1.1027312723296967,-0.9528469261421393,-0.22548399088200255,0.0,0.0,-0.17602579103310928,0.6495604619987534,0.6495604619987534,-1.174721568753763,0.2102442417296108,-0.22941573387056177,-0.23227606849873303,0.0,0.0,0.0,0.0,0.0,0.0,-1.1318490094131977,1.3226031682909825,-1.14970337488254,0,0
119.9702918885728,1013,1013035,0,-1.0142858161116848,0.25173249059772035,0.0,8.966626336535008,-6.622551768963632,0.0,-0.36291050996570695,1.4322867854548724,1.4322867854548724,-1.1027312723296967,-0.3451733297275703,-0.22485332736753919,0.0,0.0,-0.19017748002426946,-0.13159586966652148,-0.13159586966652148,0.2960373776795198,0.2102442417296108,-0.22941573387056177,-0.23226848848117165,0.0,0.0,0.0,0.0,0.0,0.0,0.28719770913058257,0.4561340828406441,0.26688066051812076,0,0
125.36328181111803,1008,1008046,0,-0.6046255335749174,0.12834046432231253,0.0,-9.085401407639898,-18.474491846838987,0.0,-0.14243628509563758,0.6844255480753929,0.6844255480753929,-1.1027312723296967,-0.7415960170122831,-0.1920685655401895,0.0,0.0,-0.1489226977694053,0.3042410589922752,0.3042410589922752,0.9182815473243703,0.2102442417296108,-0.22941573387056177,-0.23187444464528034,0.0,0.0,0.0,0.0,0.0,0.0,0.9344657106468591,-0.41033500260969424,0.8087687041071899,0,0
124.26797306829032,1011,1011045,0,0.4431488026711479,-0.03982087264182174,0.0,-11.712368884762107,21.247785241361655,0.0,-0.056623791325879136,-0.48745613496279744,-0.48745613496279744,-1.1027312723296967,1.044371637233325,-0.17930815251816654,0.0,0.0,-0.18269298233334885,-0.8186128352888575,-0.8186128352888575,0.8617138955384748,0.2102442417296108,-0.22941573387056177,-0.23172107576856757,0.0,0.0,0.0,0.0,0.0,0.0,0.8093252145421552,0.10954644866050875,0.6987119971039637,0,0
106.19850068650508,1005,1005012,0,-1.0729370161481195,-0.8196863276805894,0.0,-7.753988978814018,21.08743772142768,0.0,-0.09852599186506747,-0.5688275486850495,-0.5688275486850495,-1.1027312723296967,-1.1560591449855997,-0.1855390562237065,0.0,0.0,-0.11126471427975633,1.1134802351035564,1.1134802351035564,-1.0050186133960766,0.2102442417296108,-0.22941573387056177,-0.23179596571927485,0.0,0.0,0.0,0.0,0.0,0.0,-0.9342026813806982,-0.9302164538798973,-1.1169099822212172,0,0
109.49702735182701,1007,1007014,0,0.3578555144166971,-0.37822306976382963,0.0,-8.744406652123791,6.787743277081043,0.0,-0.36471904919391884,-0.2687837795106529,-0.2687837795106529,-1.1027312723296967,0.9578043029657375,-0.22512225915712755,0.0,0.0,-0.20292086991783614,-0.7934665207406993,-0.7934665207406993,-0.8918833098242855,0.2102442417296108,-0.22941573387056177,-0.23227172080338654,0.0,0.0,0.0,0.0,0.0,0.0,-0.9380799813693368,-0.583628819699762,-0.7854737683456131,0,0
114.64020759728206,1020,1020027,0,-0.04777552666783935,-0.03774047322887308,0.0,5.181994831053066,9.975893117410907,0.0,-0.3607064661279383,-1.015626401212372,-1.015626401212372,0.11128480729932706,1.1099622552127135,-0.2245255836037462,0.0,0.0,-0.20347679190757662,-0.8367902123969502,-0.8367902123969502,-0.15650383660764414,0.2102442417296108,-0.22941573387056177,-0.23226454929105175,0.0,0.0,0.0,0.0,0.0,0.0,-0.2073033241958233,1.6691908024711177,-0.26868662038813257,0,0
108.28286144436328,1009,1009012,0,-0.8390124729221883,-0.8065633250501468,0.0,14.64923024777079,8.610220672323951,0.0,-0.22640391027819448,-1.3167376214261457,-1.3167376214261457,-1.1027312723296967,-0.6169418252369973,-0.2045546445566401,0.0,0.0,-0.16613615348771005,0.14368221818605936,0.14368221818605936,-1.0050186133960766,0.2102442417296108,-0.22941573387056177,-0.2320245162699209,0.0,0.0,0.0,0.0,0.0,0.0,-0.9935580178578933,-0.2370411855196266,-0.9074732524235577,0,0
116.89674485114953,1016,1016025,0,-0.8401500176153991,0.11705139892156712,0.0,-13.28709936806187,3.646546868613464,0.0,-0.3014597953260249,-0.05800679269001393,-0.05800679269001393,0.11128480729932706,-1.142938698145933,-0.21571553792857157,0.0,0.0,-0.15444843148269247,1.0781463210280655,1.0781463210280655,-0.26963914017943513,0.2102442417296108,-0.22941573387056177,-0.23215866033536844,0.0,0.0,0.0,0.0,0.0,0.0,-0.20293701935420375,0.9760155341108472,-0.04194958298476926,0,0
