vehicle_id,timestamp,pos_x,pos_y,pos_z,pos_noise_x,pos_noise_y,pos_noise_z,speed_x,speed_y,speed_z,speed_noise_x,speed_noise_y,speed_noise_z,rssi,attacker_type,is_malicious,speed_magnitude,pos_magnitude,delta_pos_x,delta_pos_y,delta_speed_x,delta_speed_y,time_diff,acceleration_x,acceleration_y,acceleration_magnitude,distance_from_center,heading_angle,message_frequency,inter_arrival_time
1014,0.0,0.4358310522703329,1.1739888866930563,0.0,0.0,0.0,0.0,-0.4835139837816178,0.26345306356022014,0.0,0.0,0.0,0.0,0.0,0,0,-0.12763006124973528,1.1378400277698046,-0.037915635491930395,0.10695069028995995,0.0,0.0,0.1,0.0,0.0,0.0,1.1222436395087303,0.8404306952350262,0.0,1.3877787807814457e-17
1009,0.0,-0.9956875303199528,-1.0196050477717138,0.0,0.0,0.0,0.0,0.15582487553334337,-0.06801076509945729,0.0,0.0,0.0,0.0,0.0,0,0,-0.24253565424242074,-1.6526073193013144,0.06617845086000028,0.0433376421752801,0.0,0.0,0.1,0.0,0.0,0.0,-1.675412928683886,-0.12735355635840823,0.0,1.3877787807814457e-17
1017,0.0,-0.9464205876907384,1.4425411060420075,0.0,0.0,0.0,0.0,-0.12098974932658674,0.06328515003843688,0.0,0.0,0.0,0.0,0.0,0,0,-0.3052015650630588,0.5826141125993637,0.021108821439191735,0.0685353640525077,0.0,0.0,0.1,0.0,0.0,0.0,0.6010329360593941,0.3480469743403168,0.0,1.3877787807814457e-17
1007,0.0,0.7227616466761376,-0.2375007368285312,0.0,0.0,0.0,0.0,-0.5005697458507011,-0.118442118971904,0.0,0.0,0.0,0.0,0.0,0,0,-0.37478512800732083,0.2733242074291212,-0.04069257286050919,0.03365908342168182,0.0,0.0,0.1,0.0,0.0,0.0,0.2618893204578751,1.2056977255465744,0.0,1.3877787807814457e-17
1012,0.0,-0.49012194483457544,-1.3648518192447008,0.0,0.0,0.0,0.0,-0.25707889404373635,-0.726409349013264,0.0,0.0,0.0,0.0,0.0,0,0,-0.2829357088041328,-1.4743276410131183,-0.0007448001076066817,-0.002388316827598502,0.0,0.0,0.1,0.0,0.0,0.0,-1.4780350133196518,-1.5673194654877007,0.0,1.3877787807814457e-17
1013,0.0,-1.3205709409384971,0.6029759206076173,0.0,0.0,0.0,0.0,-0.0036215012208375887,-0.48953003302027437,0.0,0.0,0.0,0.0,0.0,0,0,-0.37305590036753267,-0.4228784435483003,0.04021815661457411,-0.03755844105629058,0.0,0.0,0.1,0.0,0.0,0.0,-0.40979260653015004,-0.9254327436070724,0.0,1.3877787807814457e-17
1002,0.0,0.6647905098103468,1.7053530296355146,0.0,0.0,0.0,0.0,3.95358909858811,3.8445085417700806,0.0,0.0,0.0,0.0,0.0,0,0,4.114911420667305,1.7444804268160423,-0.017902027318934047,0.05663671972577574,0.0,0.0,0.1,0.0,0.0,0.0,1.7322286088692458,0.046291580061113245,0.0,1.3877787807814457e-17
1005,0.0,-1.5386902523309482,-1.003212782326433,0.0,0.0,0.0,0.0,-0.47277993119015277,0.27725713780520794,0.0,0.0,0.0,0.0,0.0,0,0,-0.12026568763673161,-2.0296277318010287,-0.03616796853710098,0.10959990617174908,0.0,0.0,0.1,0.0,0.0,0.0,-2.050854607887999,0.8240265959449813,0.0,1.3877787807814457e-17
1003,0.0,1.453130679761335,-1.5991391398364163,0.0,0.0,0.0,0.0,0.22588786622319132,-0.7877906860936554,0.0,0.0,0.0,0.0,0.0,0,0,-0.07646728083136105,0.22851106355456888,0.07758577093242086,-0.09479928495588642,0.0,0.0,0.1,0.0,0.0,0.0,0.2913266428290424,-1.0324945715389033,0.0,1.3877787807814457e-17
1016,0.0,-1.2993008247709437,0.4862528333489304,0.0,0.0,0.0,0.0,-0.6280317167320081,-0.20536489127722135,0.0,0.0,0.0,0.0,0.0,0,0,-0.3143000422793832,-0.5253864282348679,-0.06144531956156459,0.016977255666063517,0.0,0.0,0.1,0.0,0.0,0.0,-0.5163599890706999,1.473816941149744,0.0,1.3877787807814457e-17
1009,0.0,-0.959165973438328,-0.9996168132586307,0.0,0.0,0.0,0.0,0.15582487553334337,-0.06801076509945729,0.0,0.0,0.0,0.0,0.0,0,0,-0.24253565424242074,-1.6097423675306815,0.06617845086000028,0.0433376421752801,0.0,0.0,0.1,0.0,0.0,0.0,-1.6323737864840817,-0.12735355635840823,0.0,1.3877787807814457e-17
1018,0.0,0.7456459705524479,0.599306131380229,0.0,0.0,0.0,0.0,0.04610925683450478,-0.36762915213396563,0.0,0.0,0.0,0.0,0.0,0,0,-0.37711105793103283,0.8930134851872601,0.04831508009722525,-0.014163771923313855,0.0,0.0,0.1,0.0,0.0,0.0,0.8744209818923278,-0.6297637648479039,0.0,1.3877787807814457e-17
1009,0.0,-1.0249047758252527,-1.03559563538218,0.0,0.0,0.0,0.0,0.15582487553334337,-0.06801076509945729,0.0,0.0,0.0,0.0,0.0,0,0,-0.24253565424242074,-1.6868822806297512,0.06617845086000028,0.0433376421752801,0.0,0.0,0.1,0.0,0.0,0.0,-1.7098249217958137,-0.12735355635840823,0.0,1.3877787807814457e-17
1008,0.0,-0.7323468179877085,0.4128049090970233,0.0,0.0,0.0,0.0,-0.5101376093000115,-0.8174953541279748,0.0,0.0,0.0,0.0,0.0,0,0,-0.16225034107473044,-0.2753154133749942,-0.04225036649308175,-0.10050007132687012,0.0,0.0,0.1,0.0,0.0,0.0,-0.28579438812009306,-1.8767507896211857,0.0,1.3877787807814457e-17
1017,0.0,-1.029902754141985,1.2255205256510386,0.0,0.0,0.0,0.0,-0.12098974932658674,0.06328515003843688,0.0,0.0,0.0,0.0,0.0,0,0,-0.3052015650630588,0.32895535606243603,0.021108821439191735,0.0685353640525077,0.0,0.0,0.1,0.0,0.0,0.0,0.3455866869310784,0.3480469743403168,0.0,1.3877787807814457e-17
1020,0.0,0.25072507018211454,0.2200147239044609,0.0,0.0,0.0,0.0,-0.10981327357112743,-0.030220057499020816,0.0,0.0,0.0,0.0,0.0,0,0,-0.3709485125574588,0.23153444123986186,0.022928521611408424,0.050590264914225636,0.0,0.0,0.1,0.0,0.0,0.0,0.21157030006880498,0.25567540171521996,0.0,1.3877787807814457e-17
1011,0.0,1.2279065105319211,-0.1065447878779924,0.0,0.0,0.0,0.0,-0.5838468546778262,0.2816942532072795,0.0,0.0,0.0,0.0,0.0,0,0,-0.08020106409414571,0.7822854278490882,-0.05425135226377963,0.11045145741552422,0.0,0.0,0.1,0.0,0.0,0.0,0.7759470965973514,0.9275352320354089,0.0,1.3877787807814457e-17
1007,0.0,0.8622843228206577,-0.33834832964194866,0.0,0.0,0.0,0.0,-0.5005697458507011,-0.118442118971904,0.0,0.0,0.0,0.0,0.0,0,0,-0.37478512800732083,0.32451475404262,-0.04069257286050919,0.03365908342168182,0.0,0.0,0.1,0.0,0.0,0.0,0.3173195280048843,1.2056977255465744,0.0,1.3877787807814457e-17
1013,0.0,-1.499406359999988,0.7259675352207702,0.0,0.0,0.0,0.0,-0.0036215012208375887,-0.48953003302027437,0.0,0.0,0.0,0.0,0.0,0,0,-0.37305590036753267,-0.38660813258628557,0.04021815661457411,-0.03755844105629058,0.0,0.0,0.1,0.0,0.0,0.0,-0.36151763059315434,-0.9254327436070724,0.0,1.3877787807814457e-17
1007,0.0,0.7968830683779139,-0.29107602051065923,0.0,0.0,0.0,0.0,-0.5005697458507011,-0.118442118971904,0.0,0.0,0.0,0.0,0.0,0,0,-0.37478512800732083,0.29983311182894684,-0.04069257286050919,0.03365908342168182,0.0,0.0,0.1,0.0,0.0,0.0,0.2905590622099917,1.2056977255465744,0.0,1.3877787807814457e-17
1014,0.0,0.3993180890392171,1.260020733242201,0.0,0.0,0.0,0.0,-0.4835139837816178,0.26345306356022014,0.0,0.0,0.0,0.0,0.0,0,0,-0.12763006124973528,1.186981398238875,-0.037915635491930395,0.10695069028995995,0.0,0.0,0.1,0.0,0.0,0.0,1.1725011317618466,0.8404306952350262,0.0,1.3877787807814457e-17
1013,0.0,-1.530702558335749,0.747491067778072,0.0,0.0,0.0,0.0,-0.0036215012208375887,-0.48953003302027437,0.0,0.0,0.0,0.0,0.0,0,0,-0.37305590036753267,-0.3791795259393789,0.04021815661457411,-0.03755844105629058,0.0,0.0,0.1,0.0,0.0,0.0,-0.3518361112177743,-0.9254327436070724,0.0,1.3877787807814457e-17
1004,0.0,0.8801116305555149,-0.7128226900522815,0.0,0.0,0.0,0.0,0.2662764594791637,-0.3417027274231282,0.0,0.0,0.0,0.0,0.0,0,0,-0.20597041990931245,0.11220575775678694,-0.04092274016712628,-6.667730779732863,0.0,0.0,0.1,0.0,0.0,0.0,0.11594344397052252,-0.5375987868886124,0.0,1.3877787807814457e-17
1008,0.0,-0.6734554089107533,0.5243129032535773,0.0,0.0,0.0,0.0,-0.5101376093000115,-0.8174953541279748,0.0,0.0,0.0,0.0,0.0,0,0,-0.16225034107473044,-0.13916058170960074,-0.04225036649308175,-0.10050007132687012,0.0,0.0,0.1,0.0,0.0,0.0,-0.14881686700912086,-1.8767507896211857,0.0,1.3877787807814457e-17
1006,0.0,0.8928252958444849,-1.1513639527846011,0.0,0.0,0.0,0.0,-0.2986957053534649,-0.968502995578523,0.0,0.0,0.0,0.0,0.0,0,0,-0.08646173066417893,-0.11237233775685106,-0.007824409917548562,-0.1294807791166789,0.0,0.0,0.1,0.0,0.0,0.0,-0.08976701385793967,-1.6085288232897497,0.0,1.3877787807814457e-17
1014,0.0,0.46017302775774344,1.1166343223269597,0.0,0.0,0.0,0.0,-0.4835139837816178,0.26345306356022014,0.0,0.0,0.0,0.0,0.0,0,0,-0.12763006124973528,1.1057878413528746,-0.037915635491930395,0.10695069028995995,0.0,0.0,0.1,0.0,0.0,0.0,1.0895298887774245,0.8404306952350262,0.0,1.3877787807814457e-17
1010,0.0,-1.2913551619497146,0.28736661171041383,0.0,0.0,0.0,0.0,-0.348656943820927,-0.030779254463093892,0.0,0.0,0.0,0.0,0.0,0,0,-0.38755252407659446,-0.7118560299142614,-0.015958859115354215,0.05048294634638844,0.0,0.0,0.1,0.0,0.0,0.0,-0.7084947504996405,0.8038270562403526,0.0,1.3877787807814457e-17
1005,0.0,-1.674008915039959,-0.6605381093444112,0.0,0.0,0.0,0.0,-0.47277993119015277,0.27725713780520794,0.0,0.0,0.0,0.0,0.0,0,0,-0.12026568763673161,-1.8122789600513642,-0.03616796853710098,0.10959990617174908,0.0,0.0,0.1,0.0,0.0,0.0,-1.820859353771788,0.8240265959449813,0.0,1.3877787807814457e-17
1018,0.0,0.9812492919764005,0.5540088657757504,0.0,0.0,0.0,0.0,0.04610925683450478,-0.36762915213396563,0.0,0.0,0.0,0.0,0.0,0,0,-0.37711105793103283,1.0381738093809938,0.04831508009722525,-0.014163771923318684,0.0,0.0,0.1,0.0,0.0,0.0,1.020933086668683,-0.6297637648479039,0.0,1.3877787807814457e-17
1010,0.0,-1.2880340972170954,0.2781219443016183,0.0,0.0,0.0,0.0,-0.348656943820927,-0.030779254463093892,0.0,0.0,0.0,0.0,0.0,0,0,-0.38755252407659446,-0.7188634807134433,-0.015958859115354215,0.05048294634638844,0.0,0.0,0.1,0.0,0.0,0.0,-0.71588043245235,0.8038270562403526,0.0,1.3877787807814457e-17
1017,0.0,-1.0012802970729862,1.299927581785085,0.0,0.0,0.0,0.0,-0.12098974932658674,0.06328515003843688,0.0,0.0,0.0,0.0,0.0,0,0,-0.3052015650630588,0.4158981735504621,0.021108821439191735,0.0685353640525077,0.0,0.0,0.1,0.0,0.0,0.0,0.4331537699164406,0.3480469743403168,0.0,1.3877787807814457e-17
1011,0.0,1.204546705861856,-0.06708417654633478,0.0,0.0,0.0,0.0,-0.5838468546778262,0.2816942532072795,0.0,0.0,0.0,0.0,0.0,0,0,-0.08020106409414571,0.7878096399969066,-0.05425135226377963,0.11045145741552422,0.0,0.0,0.1,0.0,0.0,0.0,0.7803232075422237,0.9275352320354089,0.0,1.3877787807814457e-17
1003,0.0,1.5386242672498813,-1.6799305389807393,0.0,0.0,0.0,0.0,0.22588786622319132,-0.7877906860936554,0.0,0.0,0.0,0.0,0.0,0,0,-0.07646728083136105,0.2835866771165386,0.07758577093242086,-0.09479928495588642,0.0,0.0,0.1,0.0,0.0,0.0,0.3538859349496781,-1.0324945715389033,0.0,1.3877787807814457e-17
1007,0.0,0.8535641555616252,-0.3320453550911101,0.0,0.0,0.0,0.0,-0.5005697458507011,-0.118442118971904,0.0,0.0,0.0,0.0,0.0,0,0,-0.37478512800732083,0.3211545217479498,-0.04069257286050919,0.03365908342168182,0.0,0.0,0.1,0.0,0.0,0.0,0.3136730372184703,1.2056977255465744,0.0,1.3877787807814457e-17
1020,0.0,0.20680021176583532,0.1412755491992974,0.0,0.0,0.0,0.0,-0.10981327357112743,-0.030220057499020816,0.0,0.0,0.0,0.0,0.0,0,0,-0.3709485125574588,0.13806790766806565,0.022928521611408424,0.050590264914225636,0.0,0.0,0.1,0.0,0.0,0.0,0.11802033214887661,0.25567540171521996,0.0,1.3877787807814457e-17
1008,0.0,-0.6689253005202183,0.5328904412656199,0.0,0.0,0.0,0.0,-0.5101376093000115,-0.8174953541279748,0.0,0.0,0.0,0.0,0.0,0,0,-0.16225034107473044,-0.1286828057015018,-0.04225036649308175,-0.10050007132687012,0.0,0.0,0.1,0.0,0.0,0.0,-0.13827654729772776,-1.8767507896211857,0.0,1.3877787807814457e-17
1009,0.0,-1.1855996261044024,-1.1235438672397453,0.0,0.0,0.0,0.0,0.15582487553334337,-0.06801076509945729,0.0,0.0,0.0,0.0,0.0,0,0,-0.24253565424242074,-1.8751034493055754,0.06617845086000028,0.0433376421752801,0.0,0.0,0.1,0.0,0.0,0.0,-1.8987534764218668,-0.12735355635840823,0.0,1.3877787807814457e-17
1019,0.0,1.2898102099712758,-1.1959761964351474,0.0,0.0,0.0,0.0,-0.7427693564181556,-0.03507348038813234,0.0,0.0,0.0,0.0,0.0,0,0,-0.1764984070108064,0.23753952641763376,-0.08012635169232224,0.049658817808775256,0.0,0.0,0.1,0.0,0.0,0.0,0.2719176122991108,1.3058700155831338,0.0,1.3877787807814457e-17
1019,0.0,0.9605756412192823,-1.0230654319144805,0.0,0.0,0.0,0.0,-0.7427693564181556,-0.03507348038813234,0.0,0.0,0.0,0.0,0.0,0,0,-0.1764984070108064,0.015049894091899605,-0.08012635169232224,0.049658817808775256,0.0,0.0,0.1,0.0,0.0,0.0,0.033052359314499666,1.3058700155831338,0.0,1.3877787807814457e-17
1002,0.0,0.7340774009800896,1.5144206444237747,0.0,0.0,0.0,0.0,3.95358909858811,3.8445085417700806,0.0,0.0,0.0,0.0,0.0,0,0,4.114911420667305,1.62609558191503,-0.017902027318934047,0.05663671972577574,0.0,0.0,0.1,0.0,0.0,0.0,1.6114717142744375,0.046291580061113245,0.0,1.3877787807814457e-17
1007,0.0,0.8230435701550114,-0.309984944163175,0.0,0.0,0.0,0.0,-0.5005697458507011,-0.118442118971904,0.0,0.0,0.0,0.0,0.0,0,0,-0.37478512800732083,0.30956144376017386,-0.04069257286050919,0.03365908342168182,0.0,0.0,0.1,0.0,0.0,0.0,0.30109994074275115,1.2056977255465744,0.0,1.3877787807814457e-17
1005,0.0,-1.677875162545931,-0.6507474044020677,0.0,0.0,0.0,0.0,-0.47277993119015277,0.27725713780520794,0.0,0.0,0.0,0.0,0.0,0,0,-0.12026568763673161,-1.8055735460537357,-0.03616796853710098,0.10959990617174908,0.0,0.0,0.1,0.0,0.0,0.0,-1.8136927095231368,0.8240265959449813,0.0,1.3877787807814457e-17
1014,0.0,0.4966859909888593,1.030602475777815,0.0,0.0,0.0,0.0,-0.4835139837816178,0.26345306356022014,0.0,0.0,0.0,0.0,0.0,0,0,-0.12763006124973528,1.058794123581095,-0.037915635491930395,0.10695069028995995,0.0,0.0,0.1,0.0,0.0,0.0,1.0416737145467903,0.8404306952350262,0.0,1.3877787807814457e-17
1013,0.0,-1.3116291699854226,0.5968263398769597,0.0,0.0,0.0,0.0,-0.0036215012208375887,-0.48953003302027437,0.0,0.0,0.0,0.0,0.0,0,0,-0.37305590036753267,-0.4244133376095249,0.04021815661457411,-0.03755844105629058,0.0,0.0,0.1,0.0,0.0,0.0,-0.41188695141375503,-0.9254327436070724,0.0,1.3877787807814457e-17
1019,0.0,0.995231911614229,-1.0412665650219193,0.0,0.0,0.0,0.0,-0.7427693564181556,-0.03507348038813234,0.0,0.0,0.0,0.0,0.0,0,0,-0.1764984070108064,0.03755445438544734,-0.08012635169232224,0.049658817808775256,0.0,0.0,0.1,0.0,0.0,0.0,0.0572172649129133,1.3058700155831338,0.0,1.3877787807814457e-17
1008,0.0,-0.5511424823663077,0.7559064295787279,0.0,0.0,0.0,0.0,-0.5101376093000115,-0.8174953541279748,0.0,0.0,0.0,0.0,0.0,0,0,-0.16225034107473044,0.14393961795312993,-0.04225036649308175,-0.10050007132687012,0.0,0.0,0.1,0.0,0.0,0.0,0.13593558800504763,-1.8767507896211857,0.0,1.3877787807814457e-17
1010,0.0,-1.2780709030192379,0.25038794207523174,0.0,0.0,0.0,0.0,-0.348656943820927,-0.030779254463093892,0.0,0.0,0.0,0.0,0.0,0,0,-0.38755252407659446,-0.7397957546170937,-0.015958859115354215,0.05048294634638844,0.0,0.0,0.1,0.0,0.0,0.0,-0.7379388492835686,0.8038270562403526,0.0,1.3877787807814457e-17
1012,0.0,-0.49075186678608346,-1.4987876948619472,0.0,0.0,0.0,0.0,-0.25707889404373635,-0.726409349013264,0.0,0.0,0.0,0.0,0.0,0,0,-0.2829357088041328,-1.553993945000888,-0.0010485603237803704,-0.08301925464359837,0.0,0.0,0.1,0.0,0.0,0.0,-1.5510423898543018,-1.5673194654877007,0.0,1.3877787807814457e-17
1003,0.0,1.2821435047842422,-1.4375563415477703,0.0,0.0,0.0,0.0,0.22588786622319132,-0.7877906860936554,0.0,0.0,0.0,0.0,0.0,0,0,-0.07646728083136105,0.12549006205987687,0.07758577093242086,-0.09479928495588642,0.0,0.0,0.1,0.0,0.0,0.0,0.1737987062190955,-1.0324945715389033,0.0,1.3877787807814457e-17
1008,0.0,-0.7096962760350334,0.45569259915723637,0.0,0.0,0.0,0.0,-0.5101376093000115,-0.8174953541279748,0.0,0.0,0.0,0.0,0.0,0,0,-0.16225034107473044,-0.2229607645421267,-0.04225036649308175,-0.10050007132687012,0.0,0.0,0.1,0.0,0.0,0.0,-0.23312119882394938,-1.8767507896211857,0.0,1.3877787807814457e-17
1018,0.0,0.7777736962011687,0.5931292315250736,0.0,0.0,0.0,0.0,0.04610925683450478,-0.36762915213396563,0.0,0.0,0.0,0.0,0.0,0,0,-0.37711105793103283,0.9124194858494238,0.04831508009722525,-0.014163771923313855,0.0,0.0,0.1,0.0,0.0,0.0,0.8939620918578806,-0.6297637648479039,0.0,1.3877787807814457e-17
1007,0.0,0.9320456608929177,-0.3887721260486574,0.0,0.0,0.0,0.0,-0.5005697458507011,-0.118442118971904,0.0,0.0,0.0,0.0,0.0,0,0,-0.37478512800732083,0.3521576513080247,-0.04069257286050919,0.03365908342168182,0.0,0.0,0.1,0.0,0.0,0.0,0.3473502296711159,1.2056977255465744,0.0,1.3877787807814457e-17
1003,0.0,1.3847358097704978,-1.534506020520958,0.0,0.0,0.0,0.0,0.22588786622319132,-0.7877906860936554,0.0,0.0,0.0,0.0,0.0,0,0,-0.07646728083136105,0.18614201781087014,0.07758577093242086,-0.09479928495588642,0.0,0.0,0.1,0.0,0.0,0.0,0.2430737455497311,-1.0324945715389033,0.0,1.3877787807814457e-17
1008,0.0,-0.6508048669580782,0.5672005933137904,0.0,0.0,0.0,0.0,-0.5101376093000115,-0.8174953541279748,0.0,0.0,0.0,0.0,0.0,0,0,-0.16225034107473044,-0.08676574372551833,-0.04225036649308175,-0.10050007132687012,0.0,0.0,0.1,0.0,0.0,0.0,-0.09611036012776501,-1.8767507896211857,0.0,1.3877787807814457e-17
1016,0.0,-1.2595500217194613,0.47609448269846355,0.0,0.0,0.0,0.0,-0.6280317167320081,-0.20536489127722135,0.0,0.0,0.0,0.0,0.0,0,0,-0.3143000422793832,-0.5146331623855317,-0.06144531956156459,0.016977255666063517,0.0,0.0,0.1,0.0,0.0,0.0,-0.5075255768351175,1.473816941149744,0.0,1.3877787807814457e-17
1005,0.0,-1.658543925016072,-0.6997009291137851,0.0,0.0,0.0,0.0,-0.47277993119015277,0.27725713780520794,0.0,0.0,0.0,0.0,0.0,0,0,-0.12026568763673161,-1.838841268317299,-0.03616796853710098,0.10959990617174908,0.0,0.0,0.1,0.0,0.0,0.0,-1.849220768615221,0.8240265959449813,0.0,1.3877787807814457e-17
1009,0.0,-0.7765581890302035,-0.8996756406932157,0.0,0.0,0.0,0.0,0.15582487553334337,-0.06801076509945729,0.0,0.0,0.0,0.0,0.0,0,0,-0.24253565424242074,-1.395089965638618,0.06617845086000028,0.0433376421752801,0.0,0.0,0.1,0.0,0.0,0.0,-1.4168127298032778,-0.12735355635840823,0.0,1.3877787807814457e-17
1002,0.0,0.7471857317419328,1.4782983012756077,0.0,0.0,0.0,0.0,3.95358909858811,3.8445085417700806,0.0,0.0,0.0,0.0,0.0,0,0,4.114911420667305,1.6042886693754543,-0.017902027318934047,0.05663671972577574,0.0,0.0,0.1,0.0,0.0,0.0,1.5892775073555399,0.046291580061113245,0.0,1.3877787807814457e-17
1005,0.0,-1.511626519789146,-1.0717477169228373,0.0,0.0,0.0,0.0,-0.47277993119015277,0.27725713780520794,0.0,0.0,0.0,0.0,0.0,0,0,-0.12026568763673161,-2.068718040743172,-0.03616796853710098,0.10959990617174908,0.0,0.0,0.1,0.0,0.0,0.0,-2.0914454952747854,0.8240265959449813,0.0,1.3877787807814457e-17
1005,0.0,-1.4652315497174853,-1.1892361762309591,0.0,0.0,0.0,0.0,-0.47277993119015277,0.27725713780520794,0.0,0.0,0.0,0.0,0.0,0,0,-0.12026568763673161,-2.1319993338940444,-0.03616796853710098,0.10959990617174908,0.0,0.0,0.1,0.0,0.0,0.0,-2.1562760312254463,0.8240265959449813,0.0,1.3877787807814457e-17
1006,0.0,0.8905071923276788,-1.1846975864116538,0.0,0.0,0.0,0.0,-0.2986957053534649,-0.968502995578523,0.0,0.0,0.0,0.0,0.0,0,0,-0.08646173066417893,-0.13100727821673627,-0.007824409917548562,-0.1294807791166789,0.0,0.0,0.1,0.0,0.0,0.0,-0.10674211417872607,-1.6085288232897497,0.0,1.3877787807814457e-17
1016,0.0,-0.9481687311495146,0.39652073593647347,0.0,0.0,0.0,0.0,-0.6280317167320081,-0.20536489127722135,0.0,0.0,0.0,0.0,0.0,0,0,-0.3143000422793832,-0.41827702186919224,-0.06144531956156459,0.016977255666063517,0.0,0.0,0.1,0.0,0.0,0.0,-0.42376811625858984,1.473816941149744,0.0,1.3877787807814457e-17
1013,0.0,-1.5038772454765252,0.729042325586099,0.0,0.0,0.0,0.0,-0.0036215012208375887,-0.48953003302027437,0.0,0.0,0.0,0.0,0.0,0,0,-0.37305590036753267,-0.38556646035072467,0.04021815661457411,-0.03755844105629058,0.0,0.0,0.1,0.0,0.0,0.0,-0.3601567671231551,-0.9254327436070724,0.0,1.3877787807814457e-17
1005,0.0,-1.6817414100519026,-0.6409566994597242,0.0,0.0,0.0,0.0,-0.47277993119015277,0.27725713780520794,0.0,0.0,0.0,0.0,0.0,0,0,-0.12026568763673161,-1.7988424953604216,-0.03616796853710098,0.10959990617174908,0.0,0.0,0.1,0.0,0.0,0.0,-1.8064960192530206,0.8240265959449813,0.0,1.3877787807814457e-17
1006,0.0,0.8781439735713801,-1.3624769657559344,0.0,0.0,0.0,0.0,-0.2986957053534649,-0.968502995578523,0.0,0.0,0.0,0.0,0.0,0,0,-0.08646173066417893,-0.22695186524805014,-0.007824409917548562,-0.12948077911668132,0.0,0.0,0.1,0.0,0.0,0.0,-0.19306444480254478,-1.6085288232897497,0.0,1.3877787807814457e-17
1009,0.0,-1.1563823805991025,-1.1075532796292789,0.0,0.0,0.0,0.0,0.15582487553334337,-0.06801076509945729,0.0,0.0,0.0,0.0,0.0,0,0,-0.24253565424242074,-1.8409200636130458,0.06617845086000028,0.0433376421752801,0.0,0.0,0.1,0.0,0.0,0.0,-1.86444824758427,-0.12735355635840823,0.0,1.3877787807814457e-17
1006,0.0,0.9098247216343957,-0.9069173061862162,0.0,0.0,0.0,0.0,-0.2986957053534649,-0.968502995578523,0.0,0.0,0.0,0.0,0.0,0,0,-0.08646173066417893,0.03021101857165019,-0.007824409917548562,-0.1294807791166789,0.0,0.0,0.1,0.0,0.0,0.0,0.041952059719259076,-1.6085288232897497,0.0,1.3877787807814457e-17
1018,0.0,0.9223484616204124,0.5653331821768732,0.0,0.0,0.0,0.0,0.04610925683450478,-0.36762915213396563,0.0,0.0,0.0,0.0,0.0,0,0,-0.37711105793103283,1.0012738031180526,0.04831508009722525,-0.014163771923318684,0.0,0.0,0.1,0.0,0.0,0.0,0.9836192462654653,-0.6297637648479039,0.0,1.3877787807814457e-17
1003,0.0,1.4702293972590443,-1.615297419665281,0.0,0.0,0.0,0.0,0.22588786622319132,-0.7877906860936554,0.0,0.0,0.0,0.0,0.0,0,0,-0.07646728083136105,0.2393400882310899,0.07758577093242086,-0.09479928495588642,0.0,0.0,0.1,0.0,0.0,0.0,0.3036416175489288,-1.0324945715389033,0.0,1.3877787807814457e-17
1004,0.0,0.014826010133342511,-0.9266037641667557,0.0,0.0,0.0,0.0,0.2662764594791637,-0.3417027274231282,0.0,0.0,0.0,0.0,0.0,0,0,-0.20597041990931245,-0.7689204963909412,-0.026426997013046623,0.007223816483735871,0.0,0.0,0.1,0.0,0.0,0.0,-0.7765856280617488,-0.5375987868886124,0.0,1.3877787807814457e-17
1018,0.0,0.9169938406789588,0.5663626654860663,0.0,0.0,0.0,0.0,0.04610925683450478,-0.36762915213396563,0.0,0.0,0.0,0.0,0.0,0,0,-0.37711105793103283,0.9979390795344277,0.04831508009722525,-0.014163771923318684,0.0,0.0,0.1,0.0,0.0,0.0,0.9802493140980708,-0.6297637648479039,0.0,1.3877787807814457e-17
1012,0.0,-0.49015509862149687,-1.3719010758561347,0.0,0.0,0.0,0.0,-0.25707889404373635,-0.726409349013264,0.0,0.0,0.0,0.0,0.0,0,0,-0.2829357088041328,-1.4786240845419845,-0.0010485603237803704,-0.08301925464359837,0.0,0.0,0.1,0.0,0.0,0.0,-1.4820132673919588,-1.5673194654877007,0.0,1.3877787807814457e-17
1007,0.0,0.7489221484532351,-0.25640966048104696,0.0,0.0,0.0,0.0,-0.5005697458507011,-0.118442118971904,0.0,0.0,0.0,0.0,0.0,0,0,-0.37478512800732083,0.2825014038439879,-0.04069257286050919,0.03365908342168182,0.0,0.0,0.1,0.0,0.0,0.0,0.27180495291936063,1.2056977255465744,0.0,1.3877787807814457e-17
1009,0.0,-1.010296153072603,-1.0276003415769468,0.0,0.0,0.0,0.0,0.15582487553334337,-0.06801076509945729,0.0,0.0,0.0,0.0,0.0,0,0,-0.24253565424242074,-1.6697467201728946,0.06617845086000028,0.0433376421752801,0.0,0.0,0.1,0.0,0.0,0.0,-1.6926211166331273,-0.12735355635840823,0.0,1.3877787807814457e-17
1013,0.0,-1.3563380247507952,0.6275742435302478,0.0,0.0,0.0,0.0,-0.0036215012208375887,-0.48953003302027437,0.0,0.0,0.0,0.0,0.0,0,0,-0.37305590036753267,-0.41647203163177,0.04021815661457411,-0.03755844105629058,0.0,0.0,0.1,0.0,0.0,0.0,-0.40110837739562294,-0.9254327436070724,0.0,1.3877787807814457e-17
1016,0.0,-1.1137970771973587,0.43884719698008523,0.0,0.0,0.0,0.0,-0.6280317167320081,-0.20536489127722135,0.0,0.0,0.0,0.0,0.0,0,0,-0.3143000422793832,-0.4721760907318784,-0.06144531956156459,0.016977255666063517,0.0,0.0,0.1,0.0,0.0,0.0,-0.47149655929384765,1.473816941149744,0.0,1.3877787807814457e-17
1009,0.0,-1.0614263327068776,-1.055583869895263,0.0,0.0,0.0,0.0,0.15582487553334337,-0.06801076509945729,0.0,0.0,0.0,0.0,0.0,0,0,-0.24253565424242074,-1.7297040160068853,0.06617845086000028,0.0433376421752801,0.0,0.0,0.1,0.0,0.0,0.0,-1.7528147365418438,-0.12735355635840823,0.0,1.3877787807814457e-17
1003,0.0,1.4873281147567536,-1.6314556994941456,0.0,0.0,0.0,0.0,0.22588786622319132,-0.7877906860936554,0.0,0.0,0.0,0.0,0.0,0,0,-0.07646728083136105,0.2502627146603529,0.07758577093242086,-0.09479928495588642,0.0,0.0,0.1,0.0,0.0,0.0,0.31605578457837535,-1.0324945715389033,0.0,1.3877787807814457e-17
1014,0.0,0.4439450440994698,1.1548706985710242,0.0,0.0,0.0,0.0,-0.4835139837816178,0.26345306356022014,0.0,0.0,0.0,0.0,0.0,0,0,-0.12763006124973528,1.1270923851719428,-0.037915635491930395,0.10695069028995995,0.0,0.0,0.1,0.0,0.0,0.0,1.1112679752743573,0.8404306952350262,0.0,1.3877787807814457e-17
1016,0.0,-1.180048415616496,0.4557777813975299,0.0,0.0,0.0,0.0,-0.6280317167320081,-0.20536489127722135,0.0,0.0,0.0,0.0,0.0,0,0,-0.3143000422793832,-0.4920605286171674,-0.06144531956156459,0.016977255666063517,0.0,0.0,0.1,0.0,0.0,0.0,-0.48857678445443,1.473816941149744,0.0,1.3877787807814457e-17
1005,0.0,-1.5077602722831744,-1.081538421865181,0.0,0.0,0.0,0.0,-0.47277993119015277,0.27725713780520794,0.0,0.0,0.0,0.0,0.0,0,0,-0.12026568763673161,-2.074173897823459,-0.03616796853710098,0.10959990617174908,0.0,0.0,0.1,0.0,0.0,0.0,-2.097081509180822,0.8240265959449813,0.0,1.3877787807814457e-17
1017,0.0,-0.9774282495154871,1.3619334618967904,0.0,0.0,0.0,0.0,-0.12098974932658674,0.06328515003843688,0.0,0.0,0.0,0.0,0.0,0,0,-0.3052015650630588,0.4883715022654429,0.021108821439191735,0.0685353640525077,0.0,0.0,0.1,0.0,0.0,0.0,0.5061381026719883,0.3480469743403168,0.0,1.3877787807814457e-17
1003,0.0,1.1539031235514225,-1.3163692428312856,0.0,0.0,0.0,0.0,0.22588786622319132,-0.7877906860936554,0.0,0.0,0.0,0.0,0.0,0,0,-0.07646728083136105,0.05473232371158229,0.07758577093242086,-0.09479928495588642,0.0,0.0,0.1,0.0,0.0,0.0,0.09266777357769627,-1.0324945715389033,0.0,1.3877787807814457e-17
1011,0.0,1.1636670476892423,0.0019718932840660616,0.0,0.0,0.0,0.0,-0.5838468546778262,0.2816942532072795,0.0,0.0,0.0,0.0,0.0,0,0,-0.08020106409414571,0.798456505157553,-0.05425135226377963,0.11045145741552422,0.0,0.0,0.1,0.0,0.0,0.0,0.7890995498428771,0.9275352320354089,0.0,1.3877787807814457e-17
1009,0.0,-0.9883832189436279,-1.0156074008690972,0.0,0.0,0.0,0.0,0.15582487553334337,-0.06801076509945729,0.0,0.0,0.0,0.0,0.0,0,0,-0.24253565424242074,-1.6440361956384144,0.06617845086000028,0.0433376421752801,0.0,0.0,0.1,0.0,0.0,0.0,-1.6668072153652942,-0.12735355635840823,0.0,1.3877787807814457e-17
1006,0.0,0.8827801806049922,-1.2958096985018286,0.0,0.0,0.0,0.0,-0.2986957053534649,-0.968502995578523,0.0,0.0,0.0,0.0,0.0,0,0,-0.08646173066417893,-0.19166241675452508,-0.007824409917548562,-0.1294807791166789,0.0,0.0,0.1,0.0,0.0,0.0,-0.16153811721911324,-1.6085288232897497,0.0,1.3877787807814457e-17
1012,0.0,-0.4918459417544921,-1.7314131630392704,0.0,0.0,0.0,0.0,-0.25707889404373635,-0.726409349013264,0.0,0.0,0.0,0.0,0.0,0,0,-0.2829357088041328,-1.681925403832591,-0.0010485603237803704,-0.08301925464359837,0.0,0.0,0.1,0.0,0.0,0.0,-1.6640636591955005,-1.5673194654877007,0.0,1.3877787807814457e-17
1006,0.0,0.9020977099117089,-1.0180294182763914,0.0,0.0,0.0,0.0,-0.2986957053534649,-0.968502995578523,0.0,0.0,0.0,0.0,0.0,0,0,-0.08646173066417893,-0.035869116463938276,-0.007824409917548562,-0.1294807791166789,0.0,0.0,0.1,0.0,0.0,0.0,-0.019468207037977015,-1.6085288232897497,0.0,1.3877787807814457e-17
1008,0.0,-0.7142263844255684,0.4471150611451937,0.0,0.0,0.0,0.0,-0.5101376093000115,-0.8174953541279748,0.0,0.0,0.0,0.0,0.0,0,0,-0.16225034107473044,-0.23343297719963665,-0.04225036649308175,-0.10050007132687012,0.0,0.0,0.1,0.0,0.0,0.0,-0.24365690680753765,-1.8767507896211857,0.0,1.3877787807814457e-17
1005,0.0,-1.6701426675339874,-0.6703288142867547,0.0,0.0,0.0,0.0,-0.47277993119015277,0.27725713780520794,0.0,0.0,0.0,0.0,0.0,0,0,-0.12026568763673161,-1.8189585887427604,-0.03616796853710098,0.10959990617174908,0.0,0.0,0.1,0.0,0.0,0.0,-1.8279957179742101,0.8240265959449813,0.0,1.3877787807814457e-17
1016,0.0,-1.0342954710943935,0.41853049567915157,0.0,0.0,0.0,0.0,-0.6280317167320081,-0.20536489127722135,0.0,0.0,0.0,0.0,0.0,0,0,-0.3143000422793832,-0.44704406650937156,-0.06144531956156459,0.016977255666063517,0.0,0.0,0.1,0.0,0.0,0.0,-0.449474524054665,1.473816941149744,0.0,1.3877787807814457e-17
1004,0.0,0.5137722339442222,-0.6547134477188943,0.0,0.0,0.0,0.0,0.2662764594791637,-0.3417027274231282,0.0,0.0,0.0,0.0,0.0,0,0,-0.20597041990931245,-0.17204869166147058,5.601657841544159,-1.283243171401536,0.0,0.0,0.1,0.0,0.0,0.0,-0.17754588135044946,-0.5375987868886124,0.0,1.3877787807814457e-17
1005,0.0,-1.585085222402609,-0.8857243230183113,0.0,0.0,0.0,0.0,-0.47277993119015277,0.27725713780520794,0.0,0.0,0.0,0.0,0.0,0,0,-0.12026568763673161,-1.9590790393789992,-0.03616796853710098,0.10959990617174908,0.0,0.0,0.1,0.0,0.0,0.0,-1.9768435931738928,0.8240265959449813,0.0,1.3877787807814457e-17
1004,0.0,0.33812957370313107,-0.9817487934645349,0.0,0.0,0.0,0.0,0.2662764594791637,-0.3417027274231282,0.0,0.0,0.0,0.0,0.0,0,0,-0.20597041990931245,-0.5222722351225352,-5.414293777995839,-7.1338476073966195,0.0,0.0,0.1,0.0,0.0,0.0,-0.5207231862782806,-0.5375987868886124,0.0,1.3877787807814457e-17
1019,0.0,1.2378258043788557,-1.1686744967739895,0.0,0.0,0.0,0.0,-0.7427693564181556,-0.03507348038813234,0.0,0.0,0.0,0.0,0.0,0,0,-0.1764984070108064,0.20115579789797952,-0.08012635169232224,0.049658817808775256,0.0,0.0,0.1,0.0,0.0,0.0,0.23287059228302648,1.3058700155831338,0.0,1.3877787807814457e-17
1018,0.0,0.9651854291520401,0.5570973157033293,0.0,0.0,0.0,0.0,0.04610925683450478,-0.36762915213396563,0.0,0.0,0.0,0.0,0.0,0,0,-0.37711105793103283,1.0280707157093638,0.04831508009722525,-0.014163771923318684,0.0,0.0,0.1,0.0,0.0,0.0,1.0107123566714935,-0.6297637648479039,0.0,1.3877787807814457e-17
1019,0.0,1.0038959792129656,-1.0458168482987789,0.0,0.0,0.0,0.0,-0.7427693564181556,-0.03507348038813234,0.0,0.0,0.0,0.0,0.0,0,0,-0.1764984070108064,0.04321544801630983,-0.08012635169232224,0.049658817808775256,0.0,0.0,0.1,0.0,0.0,0.0,0.0632960549011985,1.3058700155831338,0.0,1.3877787807814457e-17
1015,0.0,-0.02843014346540188,1.1401366303619165,0.0,0.0,0.0,0.0,0.05074245618297555,0.014061442605098786,0.0,0.0,0.0,0.0,0.0,0,0,-0.2668569368128927,0.8080318389085064,0.04906943539104089,0.05908857137531003,0.0,0.0,0.1,0.0,0.0,0.0,0.7969710162568531,0.06671904895412524,0.0,1.3877787807814457e-17
1007,0.0,0.8797246573387227,-0.3509542787436259,0.0,0.0,0.0,0.0,-0.5005697458507011,-0.118442118971904,0.0,0.0,0.0,0.0,0.0,0,0,-0.37478512800732083,0.3312988699716689,-0.04069257286050919,0.03365908342168182,0.0,0.0,0.1,0.0,0.0,0.0,0.32468439862148124,1.2056977255465744,0.0,1.3877787807814457e-17
1017,0.0,-0.9750430447597372,1.368134049907961,0.0,0.0,0.0,0.0,-0.12098974932658674,0.06328515003843688,0.0,0.0,0.0,0.0,0.0,0,0,-0.3052015650630588,0.4956198539515951,0.021108821439191735,0.0685353640525077,0.0,0.0,0.1,0.0,0.0,0.0,0.5134371047754431,0.3480469743403168,0.0,1.3877787807814457e-17
1003,0.0,1.1197056885560042,-1.2840526831735566,0.0,0.0,0.0,0.0,0.22588786622319132,-0.7877906860936554,0.0,0.0,0.0,0.0,0.0,0,0,-0.07646728083136105,0.036838932174964305,0.07758577093242086,-0.09479928495588642,0.0,0.0,0.1,0.0,0.0,0.0,0.07209523840731363,-1.0324945715389033,0.0,1.3877787807814457e-17
1019,0.0,1.0818725876015958,-1.0867693977905157,0.0,0.0,0.0,0.0,-0.7427693564181556,-0.03507348038813234,0.0,0.0,0.0,0.0,0.0,0,0,-0.1764984070108064,0.09478249130664233,-0.08012635169232224,0.049658817808775256,0.0,0.0,0.1,0.0,0.0,0.0,0.11866904687810348,1.3058700155831338,0.0,1.3877787807814457e-17
1017,0.0,-0.9511909972022382,1.4301399300196664,0.0,0.0,0.0,0.0,-0.12098974932658674,0.06328515003843688,0.0,0.0,0.0,0.0,0.0,0,0,-0.3052015650630588,0.5681132941977382,0.021108821439191735,0.0685353640525077,0.0,0.0,0.1,0.0,0.0,0.0,0.5864326455994542,0.3480469743403168,0.0,1.3877787807814457e-17
1008,0.0,-0.5420822655852376,0.7730615056028131,0.0,0.0,0.0,0.0,-0.5101376093000115,-0.8174953541279748,0.0,0.0,0.0,0.0,0.0,0,0,-0.16225034107473044,0.16492565716897914,-0.04225036649308175,-0.10050007132687012,0.0,0.0,0.1,0.0,0.0,0.0,0.15704105536033916,-1.8767507896211857,0.0,1.3877787807814457e-17
1010,0.0,-1.2515023851582847,0.17643060280486758,0.0,0.0,0.0,0.0,-0.348656943820927,-0.030779254463093892,0.0,0.0,0.0,0.0,0.0,0,0,-0.38755252407659446,-0.7949423157037978,-0.015958859115354215,0.05048294634638844,0.0,0.0,0.1,0.0,0.0,0.0,-0.7960212522864294,0.8038270562403526,0.0,1.3877787807814457e-17
1013,0.0,-1.5530569857184353,0.7628650196047161,0.0,0.0,0.0,0.0,-0.0036215012208375887,-0.48953003302027437,0.0,0.0,0.0,0.0,0.0,0,0,-0.37305590036753267,-0.3736782742122788,0.04021815661457411,-0.03755844105629058,0.0,0.0,0.1,0.0,0.0,0.0,-0.34469943563892164,-0.9254327436070724,0.0,1.3877787807814457e-17
1007,0.0,0.8274036537845277,-0.3131364314385943,0.0,0.0,0.0,0.0,-0.5005697458507011,-0.118442118971904,0.0,0.0,0.0,0.0,0.0,0,0,-0.37478512800732083,0.3112015851086811,-0.04069257286050919,0.03365908342168182,0.0,0.0,0.1,0.0,0.0,0.0,0.30287798502589425,1.2056977255465744,0.0,1.3877787807814457e-17
1018,0.0,0.9277030825618658,0.5643036988676803,0.0,0.0,0.0,0.0,0.04610925683450478,-0.36762915213396563,0.0,0.0,0.0,0.0,0.0,0,0,-0.37711105793103283,1.0046118480026847,0.04831508009722525,-0.014163771923318684,0.0,0.0,0.1,0.0,0.0,0.0,0.9869929067694739,-0.6297637648479039,0.0,1.3877787807814457e-17
1002,0.0,0.7696571559050925,1.4163742844501785,0.0,0.0,0.0,0.0,3.95358909858811,3.8445085417700806,0.0,0.0,0.0,0.0,0.0,0,0,4.114911420667305,1.5673535092566278,-0.017902027318934047,0.05663671972577574,0.0,0.0,0.1,0.0,0.0,0.0,1.5517267835745463,0.046291580061113245,0.0,1.3877787807814457e-17
1011,0.0,1.0410280731714008,0.2091401027752686,0.0,0.0,0.0,0.0,-0.5838468546778262,0.2816942532072795,0.0,0.0,0.0,0.0,0.0,0,0,-0.08020106409414571,0.8378132312534246,-0.05425135226377963,0.11045145741552422,0.0,0.0,0.1,0.0,0.0,0.0,0.8238976357930899,0.9275352320354089,0.0,1.3877787807814457e-17
1010,0.0,-1.2631261117224517,0.2087869387356519,0.0,0.0,0.0,0.0,-0.348656943820927,-0.030779254463093892,0.0,0.0,0.0,0.0,0.0,0,0,-0.38755252407659446,-0.7709375004710153,-0.015958859115354215,0.05048294634638844,0.0,0.0,0.1,0.0,0.0,0.0,-0.7707445479741517,0.8038270562403526,0.0,1.3877787807814457e-17
1005,0.0,-1.4690977972234571,-1.1794454712886155,0.0,0.0,0.0,0.0,-0.47277993119015277,0.27725713780520794,0.0,0.0,0.0,0.0,0.0,0,0,-0.12026568763673161,-2.1269113507581134,-0.03616796853710098,0.10959990617174908,0.0,0.0,0.1,0.0,0.0,0.0,-2.1511121310709185,0.8240265959449813,0.0,1.3877787807814457e-17
1020,0.0,0.16029153814859853,0.057904658335006666,0.0,0.0,0.0,0.0,-0.10981327357112743,-0.030220057499020816,0.0,0.0,0.0,0.0,0.0,0,0,-0.3709485125574588,0.03930598972512133,-0.0007448001076066817,-0.002388316827598502,0.0,0.0,0.1,0.0,0.0,0.0,0.019206650577156755,0.25567540171521996,0.0,1.3877787807814457e-17
1012,0.0,-0.4910834046552982,-1.5692802609762877,0.0,0.0,0.0,0.0,-0.25707889404373635,-0.726409349013264,0.0,0.0,0.0,0.0,0.0,0,0,-0.2829357088041328,-1.594203825183579,-0.0010485603237803704,-0.08301925464359837,0.0,0.0,0.1,0.0,0.0,0.0,-1.5872025042472484,-1.5673194654877007,0.0,1.3877787807814457e-17
1008,0.0,-0.623624216614868,0.6186658213860461,0.0,0.0,0.0,0.0,-0.5101376093000115,-0.8174953541279748,0.0,0.0,0.0,0.0,0.0,0,0,-0.16225034107473044,-0.023872668264181045,-0.04225036649308175,-0.10050007132687012,0.0,0.0,0.1,0.0,0.0,0.0,-0.032846729236255125,-1.8767507896211857,0.0,1.3877787807814457e-17
1015,0.0,-0.01755623397072349,1.1508860119852256,0.0,0.0,0.0,0.0,0.05074245618297555,0.014061442605098786,0.0,0.0,0.0,0.0,0.0,0,0,-0.2668569368128927,0.8243497213568823,0.04906943539104089,0.05908857137531003,0.0,0.0,0.1,0.0,0.0,0.0,0.8132831414108467,0.06671904895412524,0.0,1.3877787807814457e-17
1017,0.0,-1.0275175493862352,1.231721113662209,0.0,0.0,0.0,0.0,-0.12098974932658674,0.06328515003843688,0.0,0.0,0.0,0.0,0.0,0,0,-0.3052015650630588,0.3361995134372703,0.021108821439191735,0.0685353640525077,0.0,0.0,0.1,0.0,0.0,0.0,0.3528833374244572,0.3480469743403168,0.0,1.3877787807814457e-17
1017,0.0,-1.0036655018287362,1.2937269937739144,0.0,0.0,0.0,0.0,-0.12098974932658674,0.06328515003843688,0.0,0.0,0.0,0.0,0.0,0,0,-0.3052015650630588,0.408651875044096,0.021108821439191735,0.0685353640525077,0.0,0.0,0.1,0.0,0.0,0.0,0.42585591540431506,0.3480469743403168,0.0,1.3877787807814457e-17
1016,0.0,-0.9879195342009972,0.40667908658694024,0.0,0.0,0.0,0.0,-0.6280317167320081,-0.20536489127722135,0.0,0.0,0.0,0.0,0.0,0,0,-0.3143000422793832,-0.43175153317340803,-0.06144531956156459,0.016977255666063517,0.0,0.0,0.1,0.0,0.0,0.0,-0.4358694798762647,1.473816941149744,0.0,1.3877787807814457e-17
1014,0.0,0.35063413806439603,1.3747298619743942,0.0,0.0,0.0,0.0,-0.4835139837816178,0.26345306356022014,0.0,0.0,0.0,0.0,0.0,0,0,-0.12763006124973528,1.254442760380123,-0.037915635491930395,0.10695069028995995,0.0,0.0,0.1,0.0,0.0,0.0,1.2416690389200817,0.8404306952350262,0.0,1.3877787807814457e-17
1010,0.0,-1.2099890760005454,0.06087226019492357,0.0,0.0,0.0,0.0,-0.348656943820927,-0.030779254463093892,0.0,0.0,0.0,0.0,0.0,0,0,-0.38755252407659446,-0.8790779759541587,-0.0007448001076066817,-0.002388316827598502,0.0,0.0,0.1,0.0,0.0,0.0,-0.8845213319421633,0.8038270562403526,0.0,1.3877787807814457e-17
1004,0.0,0.21396641636522315,-0.17424459780130078,0.0,0.0,0.0,0.0,0.2662764594791637,-0.3417027274231282,0.0,0.0,0.0,0.0,0.0,0,0,-0.20597041990931245,-0.09277421018424332,-2.6785582900266247,8.549317206565417,0.0,0.0,0.1,0.0,0.0,0.0,-0.1112930448642385,-0.5375987868886124,0.0,1.3877787807814457e-17
1016,0.0,-1.0011698018848247,0.4100652034704292,0.0,0.0,0.0,0.0,-0.6280317167320081,-0.20536489127722135,0.0,0.0,0.0,0.0,0.0,0,0,-0.3143000422793832,-0.43616800296840447,-0.06144531956156459,0.016977255666063517,0.0,0.0,0.1,0.0,0.0,0.0,-0.4398132471792606,1.473816941149744,0.0,1.3877787807814457e-17
1004,0.0,0.5563734448073653,-0.7898411117347977,0.0,0.0,0.0,0.0,0.2662764594791637,-0.3417027274231282,0.0,0.0,0.0,0.0,0.0,0,0,-0.20597041990931245,-0.21758860013440973,-2.0403689008650523,-3.5304655607801396,0.0,0.0,0.1,0.0,0.0,0.0,-0.21806477833833482,-0.5375987868886124,0.0,1.3877787807814457e-17
1004,0.0,1.0400856163460817,-0.3652639687956696,0.0,0.0,0.0,0.0,0.2662764594791637,-0.3417027274231282,0.0,0.0,0.0,0.0,0.0,0,0,-0.20597041990931245,0.4595255267396186,6.235394061558482,-0.006484315026448053,0.0,0.0,0.1,0.0,0.0,0.0,0.45602332950285457,-0.5375987868886124,0.0,1.3877787807814457e-17
1017,0.0,-1.0132063208517357,1.2689246417292324,0.0,0.0,0.0,0.0,-0.12098974932658674,0.06328515003843688,0.0,0.0,0.0,0.0,0.0,0,0,-0.3052015650630588,0.3796685977436447,0.021108821439191735,0.0685353640525077,0.0,0.0,0.1,0.0,0.0,0.0,0.396665572761317,0.3480469743403168,0.0,1.3877787807814457e-17
1011,0.0,1.1753469500242748,-0.01775841238176275,0.0,0.0,0.0,0.0,-0.5838468546778262,0.2816942532072795,0.0,0.0,0.0,0.0,0.0,0,0,-0.08020106409414571,0.7952876156915567,-0.05425135226377963,0.11045145741552422,0.0,0.0,0.1,0.0,0.0,0.0,0.7864471036969742,0.9275352320354089,0.0,1.3877787807814457e-17
1003,0.0,1.2222979935422598,-1.3810023621467442,0.0,0.0,0.0,0.0,0.22588786622319132,-0.7877906860936554,0.0,0.0,0.0,0.0,0.0,0,0,-0.07646728083136105,0.0917585606514055,0.07758577093242086,-0.09479928495588642,0.0,0.0,0.1,0.0,0.0,0.0,0.1351654013721105,-1.0324945715389033,0.0,1.3877787807814457e-17
1007,0.0,0.9102452427453365,-0.37301468967156093,0.0,0.0,0.0,0.0,-0.5005697458507011,-0.118442118971904,0.0,0.0,0.0,0.0,0.0,0,0,-0.37478512800732083,0.34337448505060125,-0.04069257286050919,0.03365908342168182,0.0,0.0,0.1,0.0,0.0,0.0,0.33780244097131845,1.2056977255465744,0.0,1.3877787807814457e-17
1013,0.0,-1.3295127118915717,0.6091255013382749,0.0,0.0,0.0,0.0,-0.0036215012208375887,-0.48953003302027437,0.0,0.0,0.0,0.0,0.0,0,0,-0.37305590036753267,-0.421316840020874,0.04021815661457411,-0.03755844105629058,0.0,0.0,0.1,0.0,0.0,0.0,-0.4076675295572711,-0.9254327436070724,0.0,1.3877787807814457e-17
1006,0.0,0.8820074794327235,-1.3069209097108463,0.0,0.0,0.0,0.0,-0.2986957053534649,-0.968502995578523,0.0,0.0,0.0,0.0,0.0,0,0,-0.08646173066417893,-0.19760221357389646,-0.007824409917548562,-0.1294807791166789,0.0,0.0,0.1,0.0,0.0,0.0,-0.1668638225060141,-1.6085288232897497,0.0,1.3877787807814457e-17
1006,0.0,0.8990069052226343,-1.0624742631124613,0.0,0.0,0.0,0.0,-0.2986957053534649,-0.968502995578523,0.0,0.0,0.0,0.0,0.0,0,0,-0.08646173066417893,-0.06171459500893513,-0.007824409917548562,-0.1294807791166789,0.0,0.0,0.1,0.0,0.0,0.0,-0.04332152858135143,-1.6085288232897497,0.0,1.3877787807814457e-17
1011,0.0,1.3096658268771488,-0.2446569275387941,0.0,0.0,0.0,0.0,-0.5838468546778262,0.2816942532072795,0.0,0.0,0.0,0.0,0.0,0,0,-0.08020106409414571,0.7661739902119469,-0.05425135226377963,0.11045145741552422,0.0,0.0,0.1,0.0,0.0,0.0,0.7643079321907166,0.9275352320354089,0.0,1.3877787807814457e-17
1018,0.0,0.997313154800761,0.5509204158481713,0.0,0.0,0.0,0.0,0.04610925683450478,-0.36762915213396563,0.0,0.0,0.0,0.0,0.0,0,0,-0.37711105793103283,1.0483062748741703,0.04831508009722525,-0.014163771923318684,0.0,0.0,0.1,0.0,0.0,0.0,1.0311867065528284,-0.6297637648479039,0.0,1.3877787807814457e-17
1007,0.0,0.8579242391911415,-0.3351968423665294,0.0,0.0,0.0,0.0,-0.5005697458507011,-0.118442118971904,0.0,0.0,0.0,0.0,0.0,0,0,-0.37478512800732083,0.3228319817705074,-0.04069257286050919,0.03365908342168182,0.0,0.0,0.1,0.0,0.0,0.0,0.31549328164356993,1.2056977255465744,0.0,1.3877787807814457e-17
1017,0.0,-1.0227471398747352,1.24412228968455,0.0,0.0,0.0,0.0,-0.12098974932658674,0.06328515003843688,0.0,0.0,0.0,0.0,0.0,0,0,-0.3052015650630588,0.3506884226625783,0.021108821439191735,0.0685353640525077,0.0,0.0,0.1,0.0,0.0,0.0,0.3674769735702554,0.3480469743403168,0.0,1.3877787807814457e-17
1006,0.0,0.9152336298402763,-0.8291388277230938,0.0,0.0,0.0,0.0,-0.2986957053534649,-0.968502995578523,0.0,0.0,0.0,0.0,0.0,0,0,-0.08646173066417893,0.077681280100769,-0.007824409917548562,-0.1294807791166789,0.0,0.0,0.1,0.0,0.0,0.0,0.08642312554757352,-1.6085288232897497,0.0,1.3877787807814457e-17
1011,0.0,1.3038258757096324,-0.2347917747058797,0.0,0.0,0.0,0.0,-0.5838468546778262,0.2816942532072795,0.0,0.0,0.0,0.0,0.0,0,0,-0.08020106409414571,0.7671579735190832,-0.05425135226377963,0.11045145741552422,0.0,0.0,0.1,0.0,0.0,0.0,0.7649490802181597,0.9275352320354089,0.0,1.3877787807814457e-17
1009,0.0,-0.9810789075673029,-1.0116097539664806,0.0,0.0,0.0,0.0,0.15582487553334337,-0.06801076509945729,0.0,0.0,0.0,0.0,0.0,0,0,-0.24253565424242074,-1.6354641320603507,0.06617845086000028,0.0433376421752801,0.0,0.0,0.1,0.0,0.0,0.0,-1.6582004351662283,-0.12735355635840823,0.0,1.3877787807814457e-17
1019,0.0,1.3417946155636957,-1.2232778960963053,0.0,0.0,0.0,0.0,-0.7427693564181556,-0.03507348038813234,0.0,0.0,0.0,0.0,0.0,0,0,-0.1764984070108064,0.2743711924983765,-0.08012635169232224,0.049658817808775256,0.0,0.0,0.1,0.0,0.0,0.0,0.31143515271864836,1.3058700155831338,0.0,1.3877787807814457e-17
1004,0.0,0.4886937637784856,-0.12653909710541314,0.0,0.0,0.0,0.0,0.2662764594791637,-0.3417027274231282,0.0,0.0,0.0,0.0,0.0,0,0,-0.20597041990931245,0.15876771049109642,4.060312609315434,0.7112532339900658,0.0,0.0,0.1,0.0,0.0,0.0,0.14261266363713915,-0.5375987868886124,0.0,1.3877787807814457e-17
1019,0.0,1.2464898719775923,-1.173224780050849,0.0,0.0,0.0,0.0,-0.7427693564181556,-0.03507348038813234,0.0,0.0,0.0,0.0,0.0,0,0,-0.1764984070108064,0.20718826701233692,-0.08012635169232224,0.049658817808775256,0.0,0.0,0.1,0.0,0.0,0.0,0.2393452677068536,1.3058700155831338,0.0,1.3877787807814457e-17
1002,0.0,0.6666631284906102,1.700192694900062,0.0,0.0,0.0,0.0,3.95358909858811,3.8445085417700806,0.0,0.0,0.0,0.0,0.0,0,0,4.114911420667305,1.7412131964378146,-0.017902027318934047,0.05663671972577574,0.0,0.0,0.1,0.0,0.0,0.0,1.7288904250084225,0.046291580061113245,0.0,1.3877787807814457e-17
1006,0.0,0.9121428251512017,-0.8735836725591638,0.0,0.0,0.0,0.0,-0.2986957053534649,-0.968502995578523,0.0,0.0,0.0,0.0,0.0,0,0,-0.08646173066417893,0.050434979546328584,-0.007824409917548562,-0.1294807791166789,0.0,0.0,0.1,0.0,0.0,0.0,0.06086476836857437,-1.6085288232897497,0.0,1.3877787807814457e-17
1008,0.0,-0.5647328075379128,0.7301738155426001,0.0,0.0,0.0,0.0,-0.5101376093000115,-0.8174953541279748,0.0,0.0,0.0,0.0,0.0,0,0,-0.16225034107473044,0.11246441892510628,-0.04225036649308175,-0.10050007132687012,0.0,0.0,0.1,0.0,0.0,0.0,0.10428049251176552,-1.8767507896211857,0.0,1.3877787807814457e-17
1003,0.0,1.2051992760445505,-1.3648440823178796,0.0,0.0,0.0,0.0,0.22588786622319132,-0.7877906860936554,0.0,0.0,0.0,0.0,0.0,0,0,-0.07646728083136105,0.08234839344844509,0.07758577093242086,-0.09479928495588642,0.0,0.0,0.1,0.0,0.0,0.0,0.12437381534624231,-1.0324945715389033,0.0,1.3877787807814457e-17
1013,0.0,-1.432343077851929,0.6798456797408379,0.0,0.0,0.0,0.0,-0.0036215012208375887,-0.48953003302027437,0.0,0.0,0.0,0.0,0.0,0,0,-0.37305590036753267,-0.4014473084836165,0.04021815661457411,-0.03755844105629058,0.0,0.0,0.1,0.0,0.0,0.0,-0.38103590893322337,-0.9254327436070724,0.0,1.3877787807814457e-17
1003,0.0,1.2735941460353877,-1.429477201633338,0.0,0.0,0.0,0.0,0.22588786622319132,-0.7877906860936554,0.0,0.0,0.0,0.0,0.0,0,0,-0.07646728083136105,0.12059601264073797,0.07758577093242086,-0.09479928495588642,0.0,0.0,0.1,0.0,0.0,0.0,0.16819825551900164,-1.0324945715389033,0.0,1.3877787807814457e-17
1013,0.0,-1.450226619758078,0.6921448412021531,0.0,0.0,0.0,0.0,-0.0036215012208375887,-0.48953003302027437,0.0,0.0,0.0,0.0,0.0,0,0,-0.37305590036753267,-0.39763463054670345,0.04021815661457411,-0.03755844105629058,0.0,0.0,0.1,0.0,0.0,0.0,-0.37599567059246264,-0.9254327436070724,0.0,1.3877787807814457e-17
1009,0.0,-1.1490780692227773,-1.1035556327266622,0.0,0.0,0.0,0.0,0.15582487553334337,-0.06801076509945729,0.0,0.0,0.0,0.0,0.0,0,0,-0.24253565424242074,-1.8323714206430721,0.06617845086000028,0.0433376421752801,0.0,0.0,0.1,0.0,0.0,0.0,-1.8558686179536807,-0.12735355635840823,0.0,1.3877787807814457e-17
1014,0.0,0.42771706044119606,1.1931070748150885,0.0,0.0,0.0,0.0,-0.4835139837816178,0.26345306356022014,0.0,0.0,0.0,0.0,0.0,0,0,-0.12763006124973528,1.148650826877767,-0.037915635491930395,0.10695069028995995,0.0,0.0,0.1,0.0,0.0,0.0,1.1332898398736264,0.8404306952350262,0.0,1.3877787807814457e-17
1004,0.0,0.05064117502951441,-0.9596578227518299,0.0,0.0,0.0,0.0,0.2662764594791637,-0.3417027274231282,0.0,0.0,0.0,0.0,0.0,0,0,-0.20597041990931245,-0.7589921958772327,-2.8208829244813036,-9.378224133188795,0.0,0.0,0.1,0.0,0.0,0.0,-0.7648179093984094,-0.5375987868886124,0.0,1.3877787807814457e-17
1016,0.0,-1.2794254232452025,0.481173658023697,0.0,0.0,0.0,0.0,-0.6280317167320081,-0.20536489127722135,0.0,0.0,0.0,0.0,0.0,0,0,-0.3143000422793832,-0.520054471797759,-0.06144531956156459,0.016977255666063517,0.0,0.0,0.1,0.0,0.0,0.0,-0.5119964126295615,1.473816941149744,0.0,1.3877787807814457e-17
1019,0.0,1.229161736780119,-1.16412421349713,0.0,0.0,0.0,0.0,-0.7427693564181556,-0.03507348038813234,0.0,0.0,0.0,0.0,0.0,0,0,-0.1764984070108064,0.195136020212637,-0.08012635169232224,0.049658817808775256,0.0,0.0,0.1,0.0,0.0,0.0,0.2264093064762079,1.3058700155831338,0.0,1.3877787807814457e-17
1013,0.0,-1.4859937035703763,0.7167431641247838,0.0,0.0,0.0,0.0,-0.0036215012208375887,-0.48953003302027437,0.0,0.0,0.0,0.0,0.0,0,0,-0.37305590036753267,-0.38969395117117217,0.04021815661457411,-0.03755844105629058,0.0,0.0,0.1,0.0,0.0,0.0,-0.36555565581023486,-0.9254327436070724,0.0,1.3877787807814457e-17
1019,0.0,1.0645444524041223,-1.0776688312367964,0.0,0.0,0.0,0.0,-0.7427693564181556,-0.03507348038813234,0.0,0.0,0.0,0.0,0.0,0,0,-0.1764984070108064,0.08322781823456205,-0.08012635169232224,0.049658817808775256,0.0,0.0,0.1,0.0,0.0,0.0,0.1062617477956512,1.3058700155831338,0.0,1.3877787807814457e-17
1006,0.0,0.8711896630209621,-1.4624778666370937,0.0,0.0,0.0,0.0,-0.2986957053534649,-0.968502995578523,0.0,0.0,0.0,0.0,0.0,0,0,-0.08646173066417893,-0.2782884658168274,-0.007824409917548562,-0.12948077911668132,0.0,0.0,0.1,0.0,0.0,0.0,-0.23839624628431888,-1.6085288232897497,0.0,1.3877787807814457e-17
1004,0.0,0.1326164322922549,-0.8494919444595318,0.0,0.0,0.0,0.0,0.2662764594791637,-0.3417027274231282,0.0,0.0,0.0,0.0,0.0,0,0,-0.20597041990931245,-0.619897409555056,0.15994195646834503,-5.404301743072496,0.0,0.0,0.1,0.0,0.0,0.0,-0.6274145137965583,-0.5375987868886124,0.0,1.3877787807814457e-17
1005,0.0,-1.604416459932468,-0.8367707983065938,0.0,0.0,0.0,0.0,-0.47277993119015277,0.27725713780520794,0.0,0.0,0.0,0.0,0.0,0,0,-0.12026568763673161,-1.9284204411649073,-0.03616796853710098,0.10959990617174908,0.0,0.0,0.1,0.0,0.0,0.0,-1.944447490352609,0.8240265959449813,0.0,1.3877787807814457e-17
1017,0.0,-1.032287958897735,1.219319937639868,0.0,0.0,0.0,0.0,-0.12098974932658674,0.06328515003843688,0.0,0.0,0.0,0.0,0.0,0,0,-0.3052015650630588,0.3217113978695133,0.021108821439191735,0.0685353640525077,0.0,0.0,0.1,0.0,0.0,0.0,0.3382901488192378,0.3480469743403168,0.0,1.3877787807814457e-17
1005,0.0,-1.4884290347533158,-1.130491946576898,0.0,0.0,0.0,0.0,-0.47277993119015277,0.27725713780520794,0.0,0.0,0.0,0.0,0.0,0,0,-0.12026568763673161,-2.1009606611609732,-0.03616796853710098,0.10959990617174908,0.0,0.0,0.1,0.0,0.0,0.0,-2.1246333042833534,0.8240265959449813,0.0,1.3877787807814457e-17
1017,0.0,-0.958346611469488,1.4115381659861548,0.0,0.0,0.0,0.0,-0.12098974932658674,0.06328515003843688,0.0,0.0,0.0,0.0,0.0,0,0,-0.3052015650630588,0.5463633864865864,0.021108821439191735,0.0685353640525077,0.0,0.0,0.1,0.0,0.0,0.0,0.564532941516358,0.3480469743403168,0.0,1.3877787807814457e-17
1008,0.0,-0.5375521571947026,0.7816390436148557,0.0,0.0,0.0,0.0,-0.5101376093000115,-0.8174953541279748,0.0,0.0,0.0,0.0,0.0,0,0,-0.16225034107473044,0.1754194398424921,-0.04225036649308175,-0.10050007132687012,0.0,0.0,0.1,0.0,0.0,0.0,0.1675944018771728,-1.8767507896211857,0.0,1.3877787807814457e-17
1009,0.0,-1.0979478895885026,-1.0755721044083462,0.0,0.0,0.0,0.0,0.15582487553334337,-0.06801076509945729,0.0,0.0,0.0,0.0,0.0,0,0,-0.24253565424242074,-1.7725005122762598,0.06617845086000028,0.0433376421752801,0.0,0.0,0.1,0.0,0.0,0.0,-1.7957753714742375,-0.12735355635840823,0.0,1.3877787807814457e-17
1002,0.0,0.7303321636195629,1.5247413138946797,0.0,0.0,0.0,0.0,3.95358909858811,3.8445085417700806,0.0,0.0,0.0,0.0,0.0,0,0,4.114911420667305,1.6323611728062404,-0.017902027318934047,0.05663671972577574,0.0,0.0,0.1,0.0,0.0,0.0,1.617851693606613,0.046291580061113245,0.0,1.3877787807814457e-17
1011,0.0,1.1578270965217259,0.011837046116980467,0.0,0.0,0.0,0.0,-0.5838468546778262,0.2816942532072795,0.0,0.0,0.0,0.0,0.0,0,0,-0.08020106409414571,0.8000789502932172,-0.05425135226377963,0.11045145741552422,0.0,0.0,0.1,0.0,0.0,0.0,0.7904691649652433,0.9275352320354089,0.0,1.3877787807814457e-17
1005,0.0,-1.4806965397413723,-1.1500733564615853,0.0,0.0,0.0,0.0,-0.47277993119015277,0.27725713780520794,0.0,0.0,0.0,0.0,0.0,0,0,-0.12026568763673161,-2.1114424276809123,-0.03616796853710098,0.10959990617174908,0.0,0.0,0.1,0.0,0.0,0.0,-2.1353555685480563,0.8240265959449813,0.0,1.3877787807814457e-17
1011,0.0,1.1227873895166285,0.07102796311446691,0.0,0.0,0.0,0.0,-0.5838468546778262,0.2816942532072795,0.0,0.0,0.0,0.0,0.0,0,0,-0.08020106409414571,0.8103443332623981,-0.05425135226377963,0.11045145741552422,0.0,0.0,0.1,0.0,0.0,0.0,0.7992929251408445,0.9275352320354089,0.0,1.3877787807814457e-17
1019,0.0,1.2984742775700124,-1.200526479712007,0.0,0.0,0.0,0.0,-0.7427693564181556,-0.03507348038813234,0.0,0.0,0.0,0.0,0.0,0,0,-0.1764984070108064,0.24364727089702296,-0.08012635169232224,0.049658817808775256,0.0,0.0,0.1,0.0,0.0,0.0,0.27847150185274,1.3058700155831338,0.0,1.3877787807814457e-17
1007,0.0,0.779442733859849,-0.27847007140898206,0.0,0.0,0.0,0.0,-0.5005697458507011,-0.118442118971904,0.0,0.0,0.0,0.0,0.0,0,0,-0.37478512800732083,0.2934550569528159,-0.04069257286050919,0.03365908342168182,0.0,0.0,0.1,0.0,0.0,0.0,0.28365361094452124,1.2056977255465744,0.0,1.3877787807814457e-17
1005,0.0,-1.5773527273906658,-0.9053057329029982,0.0,0.0,0.0,0.0,-0.47277993119015277,0.27725713780520794,0.0,0.0,0.0,0.0,0.0,0,0,-0.12026568763673161,-1.9711381607654035,-0.03616796853710098,0.10959990617174908,0.0,0.0,0.1,0.0,0.0,0.0,-1.9895516194202416,0.8240265959449813,0.0,1.3877787807814457e-17
1011,0.0,0.9826285614962382,0.30779163110441266,0.0,0.0,0.0,0.0,-0.5838468546778262,0.2816942532072795,0.0,0.0,0.0,0.0,0.0,0,0,-0.08020106409414571,0.8604186582441686,-0.05425135226377963,0.11045145741552422,0.0,0.0,0.1,0.0,0.0,0.0,0.8448807119378013,0.9275352320354089,0.0,1.3877787807814457e-17
1004,0.0,0.7990438967693355,-0.40310540279933,0.0,0.0,0.0,0.0,0.2662764594791637,-0.3417027274231282,0.0,0.0,0.0,0.0,0.0,0,0,-0.20597041990931245,0.22964599148625583,3.102117967289096,1.5623926282640899,0.0,0.0,0.1,0.0,0.0,0.0,0.22287729866564082,-0.5375987868886124,0.0,1.3877787807814457e-17
1007,0.0,0.7445620648237189,-0.2532581732056277,0.0,0.0,0.0,0.0,-0.5005697458507011,-0.118442118971904,0.0,0.0,0.0,0.0,0.0,0,0,-0.37478512800732083,0.28095827373657284,-0.04069257286050919,0.03365908342168182,0.0,0.0,0.1,0.0,0.0,0.0,0.2701368974119458,1.2056977255465744,0.0,1.3877787807814457e-17
1002,0.0,0.7434404943814061,1.4886189707465127,0.0,0.0,0.0,0.0,3.95358909858811,3.8445085417700806,0.0,0.0,0.0,0.0,0.0,0,0,4.114911420667305,1.6104996850653872,-0.017902027318934047,0.05663671972577574,0.0,0.0,0.1,0.0,0.0,0.0,1.5955970889340934,0.046291580061113245,0.0,1.3877787807814457e-17
1006,0.0,0.8858709852940668,-1.2513648536657587,0.0,0.0,0.0,0.0,-0.2986957053534649,-0.968502995578523,0.0,0.0,0.0,0.0,0.0,0,0,-0.08646173066417893,-0.16767303951878235,-0.007824409917548562,-0.1294807791166789,0.0,0.0,0.1,0.0,0.0,0.0,-0.139953437383867,-1.6085288232897497,0.0,1.3877787807814457e-17
1015,0.0,-0.006682324476045099,1.1616353936085348,0.0,0.0,0.0,0.0,0.05074245618297555,0.014061442605098786,0.0,0.0,0.0,0.0,0.0,0,0,-0.2668569368128927,0.8406681178796959,0.04906943539104089,0.05908857137531003,0.0,0.0,0.1,0.0,0.0,0.0,0.8295960678421953,0.06671904895412524,0.0,1.3877787807814457e-17
1005,0.0,-1.5657539848727504,-0.9346778477300286,0.0,0.0,0.0,0.0,-0.47277993119015277,0.27725713780520794,0.0,0.0,0.0,0.0,0.0,0,0,-0.12026568763673161,-1.9890039215321014,-0.03616796853710098,0.10959990617174908,0.0,0.0,0.1,0.0,0.0,0.0,-2.0083387307861273,0.8240265959449813,0.0,1.3877787807814457e-17
1019,0.0,1.2724820747738024,-1.186875629881428,0.0,0.0,0.0,0.0,-0.7427693564181556,-0.03507348038813234,0.0,0.0,0.0,0.0,0.0,0,0,-0.1764984070108064,0.22536140599026716,-0.08012635169232224,0.049658817808775256,0.0,0.0,0.1,0.0,0.0,0.0,0.2588490945659704,1.3058700155831338,0.0,1.3877787807814457e-17
1020,0.0,0.2972337437993513,0.30338561476875164,0.0,0.0,0.0,0.0,-0.10981327357112743,-0.030220057499020816,0.0,0.0,0.0,0.0,0.0,0,0,-0.3709485125574588,0.3306911458142423,0.022928521611408424,0.050590264914225636,0.0,0.0,0.1,0.0,0.0,0.0,0.3108481914690089,0.25567540171521996,0.0,1.3877787807814457e-17
1004,0.0,0.9742194258531675,-0.7060216824643154,0.0,0.0,0.0,0.0,0.2662764594791637,-0.3417027274231282,0.0,0.0,0.0,0.0,0.0,0,0,-0.20597041990931245,0.19954451176642243,7.710154345802568,1.6386558969151317,0.0,0.0,0.1,0.0,0.0,0.0,0.20501115158385405,-0.5375987868886124,0.0,1.3877787807814457e-17
1010,0.0,-1.2647866440887614,0.21340927244004965,0.0,0.0,0.0,0.0,-0.348656943820927,-0.030779254463093892,0.0,0.0,0.0,0.0,0.0,0,0,-0.38755252407659446,-0.7674926795265481,-0.015958859115354215,0.05048294634638844,0.0,0.0,0.1,0.0,0.0,0.0,-0.7671164006613465,0.8038270562403526,0.0,1.3877787807814457e-17
1011,0.0,1.046868024338917,0.1992749499423542,0.0,0.0,0.0,0.0,-0.5838468546778262,0.2816942532072795,0.0,0.0,0.0,0.0,0.0,0,0,-0.08020106409414571,0.8356888799893063,-0.05425135226377963,0.11045145741552422,0.0,0.0,0.1,0.0,0.0,0.0,0.8219548201657919,0.9275352320354089,0.0,1.3877787807814457e-17
1014,0.0,0.5534839337928122,0.8967751589235898,0.0,0.0,0.0,0.0,-0.4835139837816178,0.26345306356022014,0.0,0.0,0.0,0.0,0.0,0,0,-0.12763006124973528,0.9883416816439781,-0.03791563549192624,0.10695069028995995,0.0,0.0,0.1,0.0,0.0,0.0,0.9702072853174492,0.8404306952350262,0.0,1.3877787807814457e-17
1018,0.0,0.7402913496109943,0.6003356146894215,0.0,0.0,0.0,0.0,0.04610925683450478,-0.36762915213396563,0.0,0.0,0.0,0.0,0.0,0,0,-0.37711105793103283,0.8897913658648378,0.04831508009722525,-0.014163771923313855,0.0,0.0,0.1,0.0,0.0,0.0,0.8711779366423644,-0.6297637648479039,0.0,1.3877787807814457e-17
1019,0.0,1.307138345168749,-1.2050767629888668,0.0,0.0,0.0,0.0,-0.7427693564181556,-0.03507348038813234,0.0,0.0,0.0,0.0,0.0,0,0,-0.1764984070108064,0.2497674166404965,-0.08012635169232224,0.049658817808775256,0.0,0.0,0.1,0.0,0.0,0.0,0.28503840816604,1.3058700155831338,0.0,1.3877787807814457e-17
1009,0.0,-0.973774596190978,-1.007612107063864,0.0,0.0,0.0,0.0,0.15582487553334337,-0.06801076509945729,0.0,0.0,0.0,0.0,0.0,0,0,-0.24253565424242074,-1.6268911351670734,0.06617845086000028,0.0433376421752801,0.0,0.0,0.1,0.0,0.0,0.0,-1.6495925974605044,-0.12735355635840823,0.0,1.3877787807814457e-17
1017,0.0,-0.955961406713738,1.4177387539973252,0.0,0.0,0.0,0.0,-0.12098974932658674,0.06328515003843688,0.0,0.0,0.0,0.0,0.0,0,0,-0.3052015650630588,0.5536131788646397,0.021108821439191735,0.0685353640525077,0.0,0.0,0.1,0.0,0.0,0.0,0.5718327447778214,0.3480469743403168,0.0,1.3877787807814457e-17
1016,0.0,-1.1734232817745824,0.45408472295578545,0.0,0.0,0.0,0.0,-0.6280317167320081,-0.20536489127722135,0.0,0.0,0.0,0.0,0.0,0,0,-0.3143000422793832,-0.4901157869607626,-0.06144531956156459,0.016977255666063517,0.0,0.0,0.1,0.0,0.0,0.0,-0.48692124154990934,1.473816941149744,0.0,1.3877787807814457e-17
1010,0.0,-1.2299154643962604,0.11634026464769669,0.0,0.0,0.0,0.0,-0.348656943820927,-0.030779254463093892,0.0,0.0,0.0,0.0,0.0,0,0,-0.38755252407659446,-0.8390087776054609,-0.015958859115354215,0.05048294634638844,0.0,0.0,0.1,0.0,0.0,0.0,-0.8423937738888965,0.8038270562403526,0.0,1.3877787807814457e-17
1007,0.0,0.7620023993417839,-0.2658641223073049,0.0,0.0,0.0,0.0,-0.5005697458507011,-0.118442118971904,0.0,0.0,0.0,0.0,0.0,0,0,-0.37478512800732083,0.2871633467256612,-0.04069257286050919,0.03365908342168182,0.0,0.0,0.1,0.0,0.0,0.0,0.27684608546818246,1.2056977255465744,0.0,1.3877787807814457e-17
1006,0.0,0.9059612157730523,-0.9624733622313038,0.0,0.0,0.0,0.0,-0.2986957053534649,-0.968502995578523,0.0,0.0,0.0,0.0,0.0,0,0,-0.08646173066417893,-0.0030879878702595345,-0.007824409917548562,-0.1294807791166789,0.0,0.0,0.1,0.0,0.0,0.0,0.01092662520898554,-1.6085288232897497,0.0,1.3877787807814457e-17
1016,0.0,-1.2330494863518062,0.46932224893148566,0.0,0.0,0.0,0.0,-0.6280317167320081,-0.20536489127722135,0.0,0.0,0.0,0.0,0.0,0,0,-0.3143000422793832,-0.5072662823003335,-0.06144531956156459,0.016977255666063517,0.0,0.0,0.1,0.0,0.0,0.0,-0.5013982241775419,1.473816941149744,0.0,1.3877787807814457e-17
1014,0.0,0.5169709705617005,0.9828070054727346,0.0,0.0,0.0,0.0,-0.4835139837816178,0.26345306356022014,0.0,0.0,0.0,0.0,0.0,0,0,-0.12763006124973528,1.0332581639665241,-0.03791563549192624,0.10695069028995995,0.0,0.0,0.1,0.0,0.0,0.0,1.0157286269664172,0.8404306952350262,0.0,1.3877787807814457e-17
1011,0.0,1.1052675360140796,0.10062342161321013,0.0,0.0,0.0,0.0,-0.5838468546778262,0.2816942532072795,0.0,0.0,0.0,0.0,0.0,0,0,-0.08020106409414571,0.8158172336689676,-0.05425135226377963,0.11045145741552422,0.0,0.0,0.1,0.0,0.0,0.0,0.8040933483082193,0.9275352320354089,0.0,1.3877787807814457e-17
1018,0.0,0.8527383893815172,0.5787164651963775,0.0,0.0,0.0,0.0,0.04610925683450478,-0.36762915213396563,0.0,0.0,0.0,0.0,0.0,0,0,-0.37711105793103283,0.958183388651382,0.04831508009722525,-0.014163771923313855,0.0,0.0,0.1,0.0,0.0,0.0,0.9401034125365993,-0.6297637648479039,0.0,1.3877787807814457e-17
1019,0.0,0.9085912356268623,-0.9957637322533226,0.0,0.0,0.0,0.0,-0.7427693564181556,-0.03507348038813234,0.0,0.0,0.0,0.0,0.0,0,0,-0.1764984070108064,-0.018283808140754153,-0.08012635169232224,0.049658817808775256,0.0,0.0,0.1,0.0,0.0,0.0,-0.0027377239597963796,1.3058700155831338,0.0,1.3877787807814457e-17
1020,0.0,0.22488691817253853,0.17369756231318825,0.0,0.0,0.0,0.0,-0.10981327357112743,-0.030220057499020816,0.0,0.0,0.0,0.0,0.0,0,0,-0.3709485125574588,0.17653217681046535,0.022928521611408424,0.050590264914225636,0.0,0.0,0.1,0.0,0.0,0.0,0.15651509649002218,0.25567540171521996,0.0,1.3877787807814457e-17
1004,0.0,0.29322972851697404,-0.38505273387598404,0.0,0.0,0.0,0.0,0.2662764594791637,-0.3417027274231282,0.0,0.0,0.0,0.0,0.0,0,0,-0.20597041990931245,-0.17906560956112824,-3.285994501997174,-0.004337066224396095,0.0,0.0,0.1,0.0,0.0,0.0,-0.19413566900870288,-0.5375987868886124,0.0,1.3877787807814457e-17
1009,0.0,-1.1636866919754274,-1.1115509265318955,0.0,0.0,0.0,0.0,0.15582487553334337,-0.06801076509945729,0.0,0.0,0.0,0.0,0.0,0,0,-0.24253565424242074,-1.8494675963028424,0.06617845086000028,0.0433376421752801,0.0,0.0,0.1,0.0,0.0,0.0,-1.8730265608409895,-0.12735355635840823,0.0,1.3877787807814457e-17
1014,0.0,0.5047999828179961,1.0114842876557828,0.0,0.0,0.0,0.0,-0.4835139837816178,0.26345306356022014,0.0,0.0,0.0,0.0,0.0,0,0,-0.12763006124973528,1.0485303016785492,-0.037915635491930395,0.10695069028995995,0.0,0.0,0.1,0.0,0.0,0.0,1.0312401141488465,0.8404306952350262,0.0,1.3877787807814457e-17
1002,0.0,0.7359500196603529,1.5092603096883224,0.0,0.0,0.0,0.0,3.95358909858811,3.8445085417700806,0.0,0.0,0.0,0.0,0.0,0,0,4.114911420667305,1.6229686113774986,-0.017902027318934047,0.05663671972577574,0.0,0.0,0.1,0.0,0.0,0.0,1.6082881676059277,0.046291580061113245,0.0,1.3877787807814457e-17
1011,0.0,1.0118283173338194,0.25846586693984064,0.0,0.0,0.0,0.0,-0.5838468546778262,0.2816942532072795,0.0,0.0,0.0,0.0,0.0,0,0,-0.08020106409414571,0.8488070914871089,-0.05425135226377963,0.11045145741552422,0.0,0.0,0.1,0.0,0.0,0.0,0.8340365869179921,0.9275352320354089,0.0,1.3877787807814457e-17
1003,0.0,1.5557229847475906,-1.696088818809604,0.0,0.0,0.0,0.0,0.22588786622319132,-0.7877906860936554,0.0,0.0,0.0,0.0,0.0,0,0,-0.07646728083136105,0.2948781820331184,0.07758577093242086,-0.09479928495588642,0.0,0.0,0.1,0.0,0.0,0.0,0.3666893756516452,-1.0324945715389033,0.0,1.3877787807814457e-17
1017,0.0,-0.9297241544004891,1.4859452221202012,0.0,0.0,0.0,0.0,-0.12098974932658674,0.06328515003843688,0.0,0.0,0.0,0.0,0.0,0,0,-0.3052015650630588,0.6333724391096132,0.021108821439191735,0.0685353640525077,0.0,0.0,0.1,0.0,0.0,0.0,0.6521369740518578,0.3480469743403168,0.0,1.3877787807814457e-17
1019,0.0,0.8825990328306522,-0.9821128824227436,0.0,0.0,0.0,0.0,-0.7427693564181556,-0.03507348038813234,0.0,0.0,0.0,0.0,0.0,0,0,-0.1764984070108064,-0.034757628158802865,-0.08012635169232224,0.049658817808775256,0.0,0.0,0.1,0.0,0.0,0.0,-0.020423496327296443,1.3058700155831338,0.0,1.3877787807814457e-17
1017,0.0,-0.9965098875614864,1.312328757807426,0.0,0.0,0.0,0.0,-0.12098974932658674,0.06328515003843688,0.0,0.0,0.0,0.0,0.0,0,0,-0.3052015650630588,0.43039134048123195,0.021108821439191735,0.0685353640525077,0.0,0.0,0.1,0.0,0.0,0.0,0.4477497982897608,0.3480469743403168,0.0,1.3877787807814457e-17
1007,0.0,0.9451259117814665,-0.3982265878749153,0.0,0.0,0.0,0.0,-0.5005697458507011,-0.118442118971904,0.0,0.0,0.0,0.0,0.0,0,0,-0.37478512800732083,0.35749034830526527,-0.04069257286050919,0.03365908342168182,0.0,0.0,0.1,0.0,0.0,0.0,0.3531495953982945,1.2056977255465744,0.0,1.3877787807814457e-17
1003,0.0,1.547173625998736,-1.6880096788951715,0.0,0.0,0.0,0.0,0.22588786622319132,-0.7877906860936554,0.0,0.0,0.0,0.0,0.0,0,0,-0.07646728083136105,0.28922104041559943,0.07758577093242086,-0.09479928495588642,0.0,0.0,0.1,0.0,0.0,0.0,0.36027567711903624,-1.0324945715389033,0.0,1.3877787807814457e-17
1012,0.0,-0.49124917358990555,-1.6045265440334577,0.0,0.0,0.0,0.0,-0.25707889404373635,-0.726409349013264,0.0,0.0,0.0,0.0,0.0,0,0,-0.2829357088041328,-1.6138472865301932,-0.0010485603237803704,-0.08301925464359837,0.0,0.0,0.1,0.0,0.0,0.0,-1.6046723314853861,-1.5673194654877007,0.0,1.3877787807814457e-17
1014,0.0,0.5291419583054044,0.9541297232896864,0.0,0.0,0.0,0.0,-0.4835139837816178,0.26345306356022014,0.0,0.0,0.0,0.0,0.0,0,0,-0.12763006124973528,1.01813529729686,-0.03791563549192624,0.10695069028995995,0.0,0.0,0.1,0.0,0.0,0.0,1.0003850685498252,0.8404306952350262,0.0,1.3877787807814457e-17
1009,0.0,-0.8130797459118284,-0.9196638752062988,0.0,0.0,0.0,0.0,0.15582487553334337,-0.06801076509945729,0.0,0.0,0.0,0.0,0.0,0,0,-0.24253565424242074,-1.4380616974430431,0.06617845086000028,0.0433376421752801,0.0,0.0,0.1,0.0,0.0,0.0,-1.459970298272562,-0.12735355635840823,0.0,1.3877787807814457e-17
1017,0.0,-0.9273389496447392,1.4921458101313718,0.0,0.0,0.0,0.0,-0.12098974932658674,0.06328515003843688,0.0,0.0,0.0,0.0,0.0,0,0,-0.3052015650630588,0.6406243137301201,0.021108821439191735,0.0685353640525077,0.0,0.0,0.1,0.0,0.0,0.0,0.6594379292380881,0.3480469743403168,0.0,1.3877787807814457e-17
1003,0.0,1.4958774735056082,-1.6395348394085778,0.0,0.0,0.0,0.0,0.22588786622319132,-0.7877906860936554,0.0,0.0,0.0,0.0,0.0,0,0,-0.07646728083136105,0.2557589558615064,0.07758577093242086,-0.09479928495588642,0.0,0.0,0.1,0.0,0.0,0.0,0.3222998303566012,-1.0324945715389033,0.0,1.3877787807814457e-17
1011,0.0,1.1403072430191772,0.04143250461572369,0.0,0.0,0.0,0.0,-0.5838468546778262,0.2816942532072795,0.0,0.0,0.0,0.0,0.0,0,0,-0.08020106409414571,0.8050980435645849,-0.05425135226377963,0.11045145741552422,0.0,0.0,0.1,0.0,0.0,0.0,0.7947513121657894,0.9275352320354089,0.0,1.3877787807814457e-17
1010,0.0,-1.2365575938614985,0.13482959946528772,0.0,0.0,0.0,0.0,-0.348656943820927,-0.030779254463093892,0.0,0.0,0.0,0.0,0.0,0,0,-0.38755252407659446,-0.8255218902738053,-0.015958859115354215,0.05048294634638844,0.0,0.0,0.1,0.0,0.0,0.0,-0.8282054208355777,0.8038270562403526,0.0,1.3877787807814457e-17
1009,0.0,-0.8788185482987532,-0.9556426973298481,0.0,0.0,0.0,0.0,0.15582487553334337,-0.06801076509945729,0.0,0.0,0.0,0.0,0.0,0,0,-0.24253565424242074,-1.5153601388944506,0.06617845086000028,0.0433376421752801,0.0,0.0,0.1,0.0,0.0,0.0,-1.5375985485932953,-0.12735355635840823,0.0,1.3877787807814457e-17
1006,0.0,0.8943706981890223,-1.1291415303665662,0.0,0.0,0.0,0.0,-0.2986957053534649,-0.968502995578523,0.0,0.0,0.0,0.0,0.0,0,0,-0.08646173066417893,-0.09983863784893166,-0.007824409917548562,-0.1294807791166789,0.0,0.0,0.1,0.0,0.0,0.0,-0.07831533037972828,-1.6085288232897497,0.0,1.3877787807814457e-17
1019,0.0,1.1078647903978056,-1.1004202476210947,0.0,0.0,0.0,0.0,-0.7427693564181556,-0.03507348038813234,0.0,0.0,0.0,0.0,0.0,0,0,-0.1764984070108064,0.11221533244141059,-0.08012635169232224,0.049658817808775256,0.0,0.0,0.1,0.0,0.0,0.0,0.13738776381420612,1.3058700155831338,0.0,1.3877787807814457e-17
1003,0.0,1.427482603514771,-1.5749017200931195,0.0,0.0,0.0,0.0,0.22588786622319132,-0.7877906860936554,0.0,0.0,0.0,0.0,0.0,0,0,-0.07646728083136105,0.21244423758705908,0.07758577093242086,-0.09479928495588642,0.0,0.0,0.1,0.0,0.0,0.0,0.27304181367350233,-1.0324945715389033,0.0,1.3877787807814457e-17
1006,0.0,0.8912798934999475,-1.1735863752026363,0.0,0.0,0.0,0.0,-0.2986957053534649,-0.968502995578523,0.0,0.0,0.0,0.0,0.0,0,0,-0.08646173066417893,-0.12481781916977223,-0.007824409917548562,-0.1294807791166789,0.0,0.0,0.1,0.0,0.0,0.0,-0.10111087401533306,-1.6085288232897497,0.0,1.3877787807814457e-17
1008,0.0,-0.5737930243189828,0.7130187395185148,0.0,0.0,0.0,0.0,-0.5101376093000115,-0.8174953541279748,0.0,0.0,0.0,0.0,0.0,0,0,-0.16225034107473044,0.09148356122574486,-0.04225036649308175,-0.10050007132687012,0.0,0.0,0.1,0.0,0.0,0.0,0.08317919861073685,-1.8767507896211857,0.0,1.3877787807814457e-17
1004,0.0,0.6266475117678995,-0.14444547097833313,0.0,0.0,0.0,0.0,0.2662764594791637,-0.3417027274231282,0.0,0.0,0.0,0.0,0.0,0,0,-0.20597041990931245,0.2575058641773488,0.6431172667475512,7.379788080630232,0.0,0.0,0.1,0.0,0.0,0.0,0.24324821878277977,-0.5375987868886124,0.0,1.3877787807814457e-17
1006,0.0,0.8742804677100368,-1.4180330218010229,0.0,0.0,0.0,0.0,-0.2986957053534649,-0.968502995578523,0.0,0.0,0.0,0.0,0.0,0,0,-0.08646173066417893,-0.25571185715273204,-0.007824409917548562,-0.12948077911668132,0.0,0.0,0.1,0.0,0.0,0.0,-0.21854253735586301,-1.6085288232897497,0.0,1.3877787807814457e-17
1007,0.0,0.8666444064501739,-0.34149981691736797,0.0,0.0,0.0,0.0,-0.5005697458507011,-0.118442118971904,0.0,0.0,0.0,0.0,0.0,0,0,-0.37478512800732083,0.3262028337885075,-0.04069257286050919,0.03365908342168182,0.0,0.0,0.1,0.0,0.0,0.0,0.319151769601825,1.2056977255465744,0.0,1.3877787807814457e-17
1007,0.0,0.9276855772634015,-0.38562063877323816,0.0,0.0,0.0,0.0,-0.5005697458507011,-0.118442118971904,0.0,0.0,0.0,0.0,0.0,0,0,-0.37478512800732083,0.3503905387412604,-0.04069257286050919,0.03365908342168182,0.0,0.0,0.1,0.0,0.0,0.0,0.34542887150763196,1.2056977255465744,0.0,1.3877787807814457e-17
1015,0.0,0.042250268250007654,1.2100076109134257,0.0,0.0,0.0,0.0,0.05074245618297555,0.014061442605098786,0.0,0.0,0.0,0.0,0.0,0,0,-0.2668569368128927,0.9141071551230452,0.04906943539104089,0.05908857137531003,0.0,0.0,0.1,0.0,0.0,0.0,0.9030139611151033,0.06671904895412524,0.0,1.3877787807814457e-17
1011,0.0,0.9943084638312707,0.28806132543858387,0.0,0.0,0.0,0.0,-0.5838468546778262,0.2816942532072795,0.0,0.0,0.0,0.0,0.0,0,0,-0.08020106409414571,0.855700126695004,-0.05425135226377963,0.11045145741552422,0.0,0.0,0.1,0.0,0.0,0.0,0.84045870535815,0.9275352320354089,0.0,1.3877787807814457e-17
1014,0.0,0.39120409721008026,1.2791389213642332,0.0,0.0,0.0,0.0,-0.4835139837816178,0.26345306356022014,0.0,0.0,0.0,0.0,0.0,0,0,-0.12763006124973528,1.1980724755173606,-0.037915635491930395,0.10695069028995995,0.0,0.0,0.1,0.0,0.0,0.0,1.1838597076648376,0.8404306952350262,0.0,1.3877787807814457e-17
1020,0.0,0.19388113576104732,0.1181169684036611,0.0,0.0,0.0,0.0,-0.10981327357112743,-0.030220057499020816,0.0,0.0,0.0,0.0,0.0,0,0,-0.3709485125574588,0.11061266575194213,0.022928521611408424,0.050590264914225636,0.0,0.0,0.1,0.0,0.0,0.0,0.09054676749923737,0.25567540171521996,0.0,1.3877787807814457e-17
1016,0.0,-0.9547938649914284,0.3982137943782179,0.0,0.0,0.0,0.0,-0.6280317167320081,-0.20536489127722135,0.0,0.0,0.0,0.0,0.0,0,0,-0.3143000422793832,-0.4205461463959327,-0.06144531956156459,0.016977255666063517,0.0,0.0,0.1,0.0,0.0,0.0,-0.42581304660714847,1.473816941149744,0.0,1.3877787807814457e-17
1013,0.0,-1.3473962537977209,0.6214246627995902,0.0,0.0,0.0,0.0,-0.0036215012208375887,-0.48953003302027437,0.0,0.0,0.0,0.0,0.0,0,0,-0.37305590036753267,-0.4181136077591199,0.04021815661457411,-0.03755844105629058,0.0,0.0,0.1,0.0,0.0,0.0,-0.4033253672835854,-0.9254327436070724,0.0,1.3877787807814457e-17
1014,0.0,0.5697119174510841,0.8585387826795255,0.0,0.0,0.0,0.0,-0.4835139837816178,0.26345306356022014,0.0,0.0,0.0,0.0,0.0,0,0,-0.12763006124973528,0.9688176248770357,-0.03791563549192624,0.10695069028995995,0.0,0.0,0.1,0.0,0.0,0.0,0.950470496949918,0.8404306952350262,0.0,1.3877787807814457e-17
1016,0.0,-1.047545738778221,0.4219166125626405,0.0,0.0,0.0,0.0,-0.6280317167320081,-0.20536489127722135,0.0,0.0,0.0,0.0,0.0,0,0,-0.3143000422793832,-0.45132818029202004,-0.06144531956156459,0.016977255666063517,0.0,0.0,0.1,0.0,0.0,0.0,-0.45325944493388237,1.473816941149744,0.0,1.3877787807814457e-17
1014,0.0,0.45205903592860663,1.135752510448992,0.0,0.0,0.0,0.0,-0.4835139837816178,0.26345306356022014,0.0,0.0,0.0,0.0,0.0,0,0,-0.12763006124973528,1.1164082169855944,-0.037915635491930395,0.10695069028995995,0.0,0.0,0.1,0.0,0.0,0.0,1.100363255443741,0.8404306952350262,0.0,1.3877787807814457e-17
1016,0.0,-1.2860505570871164,0.48286671646544144,0.0,0.0,0.0,0.0,-0.6280317167320081,-0.20536489127722135,0.0,0.0,0.0,0.0,0.0,0,0,-0.3143000422793832,-0.5218417336270544,-0.06144531956156459,0.016977255666063517,0.0,0.0,0.1,0.0,0.0,0.0,-0.5134628730062454,1.473816941149744,0.0,1.3877787807814457e-17
1018,0.0,1.0240862595080282,0.5457729993022064,0.0,0.0,0.0,0.0,0.04610925683450478,-0.36762915213396563,0.0,0.0,0.0,0.0,0.0,0,0,-0.37711105793103283,1.0652586062769653,0.04831508009722525,-0.014163771923318684,0.0,0.0,0.1,0.0,0.0,0.0,1.0483486739031223,-0.6297637648479039,0.0,1.3877787807814457e-17
1011,0.0,1.1519871453542097,0.021702198949894873,0.0,0.0,0.0,0.0,-0.5838468546778262,0.2816942532072795,0.0,0.0,0.0,0.0,0.0,0,0,-0.08020106409414571,0.8017267021434841,-0.05425135226377963,0.11045145741552422,0.0,0.0,0.1,0.0,0.0,0.0,0.7918676788197443,0.9275352320354089,0.0,1.3877787807814457e-17
1018,0.0,0.7295821077280874,0.6023945813078067,0.0,0.0,0.0,0.0,0.04610925683450478,-0.36762915213396563,0.0,0.0,0.0,0.0,0.0,0,0,-0.37711105793103283,0.8833576457052933,0.04831508009722525,-0.014163771923313855,0.0,0.0,0.1,0.0,0.0,0.0,0.8647037436279157,-0.6297637648479039,0.0,1.3877787807814457e-17
1017,0.0,-0.982198659026987,1.3495322858744494,0.0,0.0,0.0,0.0,-0.12098974932658674,0.06328515003843688,0.0,0.0,0.0,0.0,0.0,0,0,-0.3052015650630588,0.47387534901917955,0.021108821439191735,0.0685353640525077,0.0,0.0,0.1,0.0,0.0,0.0,0.4915404051685259,0.3480469743403168,0.0,1.3877787807814457e-17
1019,0.0,1.177177331187699,-1.136822513835972,0.0,0.0,0.0,0.0,-0.7427693564181556,-0.03507348038813234,0.0,0.0,0.0,0.0,0.0,0,0,-0.1764984070108064,0.1592862236276113,-0.08012635169232224,0.049658817808775256,0.0,0.0,0.1,0.0,0.0,0.0,0.18792580875651377,1.3058700155831338,0.0,1.3877787807814457e-17
1003,0.0,1.5899204197430092,-1.728405378467333,0.0,0.0,0.0,0.0,0.22588786622319132,-0.7877906860936554,0.0,0.0,0.0,0.0,0.0,0,0,-0.07646728083136105,0.31773314858543705,0.07758577093242086,-0.09479928495588642,0.0,0.0,0.1,0.0,0.0,0.0,0.39258187737881317,-1.0324945715389033,0.0,1.3877787807814457e-17
1003,0.0,1.239396711039969,-1.3971606419756089,0.0,0.0,0.0,0.0,0.22588786622319132,-0.7877906860936554,0.0,0.0,0.0,0.0,0.0,0,0,-0.07646728083136105,0.10127024418252485,0.07758577093242086,-0.09479928495588642,0.0,0.0,0.1,0.0,0.0,0.0,0.1460671764498593,-1.0324945715389033,0.0,1.3877787807814457e-17
1009,0.0,-1.0395133985779028,-1.0435909291874133,0.0,0.0,0.0,0.0,0.15582487553334337,-0.06801076509945729,0.0,0.0,0.0,0.0,0.0,0,0,-0.24253565424242074,-1.7040139456055197,0.06617845086000028,0.0433376421752801,0.0,0.0,0.1,0.0,0.0,0.0,-1.727024265116596,-0.12735355635840823,0.0,1.3877787807814457e-17
1020,0.0,0.19129732056008972,0.11348525224453382,0.0,0.0,0.0,0.0,-0.10981327357112743,-0.030220057499020816,0.0,0.0,0.0,0.0,0.0,0,0,-0.3709485125574588,0.10512356643271409,0.022928521611408424,0.050590264914225636,0.0,0.0,0.1,0.0,0.0,0.0,0.08505435882537879,0.25567540171521996,0.0,1.3877787807814457e-17
1015,0.0,0.107493725218078,1.2745039006532803,0.0,0.0,0.0,0.0,0.05074245618297555,0.014061442605098786,0.0,0.0,0.0,0.0,0.0,0,0,-0.2668569368128927,1.0120413138189905,0.04906943539104089,0.05908857137531003,0.0,0.0,0.1,0.0,0.0,0.0,1.0009284073562486,0.06671904895412524,0.0,1.3877787807814457e-17
1011,0.0,1.0351881220038845,0.219005255608183,0.0,0.0,0.0,0.0,-0.5838468546778262,0.2816942532072795,0.0,0.0,0.0,0.0,0.0,0,0,-0.08020106409414571,0.8399624245399777,-0.05425135226377963,0.11045145741552422,0.0,0.0,0.1,0.0,0.0,0.0,0.8258688179795964,0.9275352320354089,0.0,1.3877787807814457e-17
1002,0.0,0.724714307578773,1.5402223181010368,0.0,0.0,0.0,0.0,3.95358909858811,3.8445085417700806,0.0,0.0,0.0,0.0,0.0,0,0,4.114911420667305,1.6417886046489591,-0.017902027318934047,0.05663671972577574,0.0,0.0,0.1,0.0,0.0,0.0,1.6274537783281127,0.046291580061113245,0.0,1.3877787807814457e-17
1003,0.0,1.2308473522911143,-1.3890815020611764,0.0,0.0,0.0,0.0,0.22588786622319132,-0.7877906860936554,0.0,0.0,0.0,0.0,0.0,0,0,-0.07646728083136105,0.0965017463579051,0.07758577093242086,-0.09479928495588642,0.0,0.0,0.1,0.0,0.0,0.0,0.14060256272819185,-1.0324945715389033,0.0,1.3877787807814457e-17
1012,0.0,-0.49128232737682703,-1.6115758006448917,0.0,0.0,0.0,0.0,-0.25707889404373635,-0.726409349013264,0.0,0.0,0.0,0.0,0.0,0,0,-0.2829357088041328,-1.617738423966504,-0.0010485603237803704,-0.08301925464359837,0.0,0.0,0.1,0.0,0.0,0.0,-1.6081165531957713,-1.5673194654877007,0.0,1.3877787807814457e-17
1002,0.0,0.6947524086945599,1.6227876738682758,0.0,0.0,0.0,0.0,3.95358909858811,3.8445085417700806,0.0,0.0,0.0,0.0,0.0,0,0,4.114911420667305,1.6926513087943966,-0.017902027318934047,0.05663671972577574,0.0,0.0,0.1,0.0,0.0,0.0,1.6793087627562464,0.046291580061113245,0.0,1.3877787807814457e-17
1011,0.0,1.2979859245421161,-0.22492662187296528,0.0,0.0,0.0,0.0,-0.5838468546778262,0.2816942532072795,0.0,0.0,0.0,0.0,0.0,0,0,-0.08020106409414571,0.7681676784711671,-0.05425135226377963,0.11045145741552422,0.0,0.0,0.1,0.0,0.0,0.0,0.765619542245598,0.9275352320354089,0.0,1.3877787807814457e-17
1016,0.0,-1.2065489509841512,0.4625500151645078,0.0,0.0,0.0,0.0,-0.6280317167320081,-0.20536489127722135,0.0,0.0,0.0,0.0,0.0,0,0,-0.3143000422793832,-0.49974182387767024,-0.06144531956156459,0.016977255666063517,0.0,0.0,0.1,0.0,0.0,0.0,-0.4950816685428794,1.473816941149744,0.0,1.3877787807814457e-17
1002,0.0,0.6685357471708734,1.6950323601646098,0.0,0.0,0.0,0.0,3.95358909858811,3.8445085417700806,0.0,0.0,0.0,0.0,0.0,0,0,4.114911420667305,1.7379496633536922,-0.017902027318934047,0.05663671972577574,0.0,0.0,0.1,0.0,0.0,0.0,1.7255563034773906,0.046291580061113245,0.0,1.3877787807814457e-17
1002,0.0,0.7059881207761398,1.5918256654555611,0.0,0.0,0.0,0.0,3.95358909858811,3.8445085417700806,0.0,0.0,0.0,0.0,0.0,0,0,4.114911420667305,1.6734633967807861,-0.017902027318934047,0.05663671972577574,0.0,0.0,0.1,0.0,0.0,0.0,1.6597369191985272,0.046291580061113245,0.0,1.3877787807814457e-17
1015,0.0,-0.15348010265420337,1.016518741693862,0.0,0.0,0.0,0.0,0.05074245618297555,0.014061442605098786,0.0,0.0,0.0,0.0,0.0,0,0,-0.2668569368128927,0.6204145170830065,0.04906943539104089,0.05908857137531003,0.0,0.0,0.1,0.0,0.0,0.0,0.6094416084687937,0.06671904895412524,0.0,1.3877787807814457e-17
1013,0.0,-1.5575278711949727,0.765939809970045,0.0,0.0,0.0,0.0,-0.0036215012208375887,-0.48953003302027437,0.0,0.0,0.0,0.0,0.0,0,0,-0.37305590036753267,-0.3725585697101799,-0.0007448001076066817,-0.002388316827598502,0.0,0.0,0.1,0.0,0.0,0.0,-0.3432500660463353,-0.9254327436070724,0.0,1.3877787807814457e-17
1019,0.0,1.3677868183599058,-1.2369287459268843,0.0,0.0,0.0,0.0,-0.7427693564181556,-0.03507348038813234,0.0,0.0,0.0,0.0,0.0,0,0,-0.1764984070108064,0.29295223551461946,-0.08012635169232224,0.049658817808775256,0.0,0.0,0.1,0.0,0.0,0.0,0.3313668301112336,1.3058700155831338,0.0,1.3877787807814457e-17
1016,0.0,-1.1932986833003236,0.45916389828101883,0.0,0.0,0.0,0.0,-0.6280317167320081,-0.20536489127722135,0.0,0.0,0.0,0.0,0.0,0,0,-0.3143000422793832,-0.49592073408797244,-0.06144531956156459,0.016977255666063517,0.0,0.0,0.1,0.0,0.0,0.0,-0.4918527120921767,1.473816941149744,0.0,1.3877787807814457e-17
1004,0.0,0.334304424605989,-0.7451990539482778,0.0,0.0,0.0,0.0,0.2662764594791637,-0.3417027274231282,0.0,0.0,0.0,0.0,0.0,0,0,-0.20597041990931245,-0.38219902411172224,0.023040395943559028,-0.7826998636056578,0.0,0.0,0.1,0.0,0.0,0.0,-0.3886593546599079,-0.5375987868886124,0.0,1.3877787807814457e-17
1007,0.0,0.884084740968239,-0.35410576601904514,0.0,0.0,0.0,0.0,-0.5005697458507011,-0.118442118971904,0.0,0.0,0.0,0.0,0.0,0,0,-0.37478512800732083,0.333008131669475,-0.04069257286050919,0.03365908342168182,0.0,0.0,0.1,0.0,0.0,0.0,0.3265405539170557,1.2056977255465744,0.0,1.3877787807814457e-17
1018,0.0,0.884866115030238,0.5725395653412221,0.0,0.0,0.0,0.0,0.04610925683450478,-0.36762915213396563,0.0,0.0,0.0,0.0,0.0,0,0,-0.37711105793103283,0.9780007818799675,0.04831508009722525,-0.014163771923313855,0.0,0.0,0.1,0.0,0.0,0.0,0.960108396066266,-0.6297637648479039,0.0,1.3877787807814457e-17
1004,0.0,1.2279251712278287,-0.6138118312599254,0.0,0.0,0.0,0.0,0.2662764594791637,-0.3417027274231282,0.0,0.0,0.0,0.0,0.0,0,0,-0.20597041990931245,0.4777418176926902,7.4945474407346,3.097626047734954,0.0,0.0,0.1,0.0,0.0,0.0,0.4852140313513465,-0.5375987868886124,0.0,1.3877787807814457e-17
1007,0.0,0.7881629011188814,-0.28477304595982067,0.0,0.0,0.0,0.0,-0.5005697458507011,-0.118442118971904,0.0,0.0,0.0,0.0,0.0,0,0,-0.37478512800732083,0.2966333097016696,-0.04069257286050919,0.03365908342168182,0.0,0.0,0.1,0.0,0.0,0.0,0.2870941217215645,1.2056977255465744,0.0,1.3877787807814457e-17
1007,0.0,0.9407658281519502,-0.395075100599496,0.0,0.0,0.0,0.0,-0.5005697458507011,-0.118442118971904,0.0,0.0,0.0,0.0,0.0,0,0,-0.37478512800732083,0.3557075610202494,-0.04069257286050919,0.03365908342168182,0.0,0.0,0.1,0.0,0.0,0.0,0.35121059851166475,1.2056977255465744,0.0,1.3877787807814457e-17
1006,0.0,0.8959161005335595,-1.1069191079485312,0.0,0.0,0.0,0.0,-0.2986957053534649,-0.968502995578523,0.0,0.0,0.0,0.0,0.0,0,0,-0.08646173066417893,-0.08721735710948886,-0.007824409917548562,-0.1294807791166789,0.0,0.0,0.1,0.0,0.0,0.0,-0.066756642824779,-1.6085288232897497,0.0,1.3877787807814457e-17
1005,0.0,-1.45363280719957,-1.2186082910579896,0.0,0.0,0.0,0.0,-0.47277993119015277,0.27725713780520794,0.0,0.0,0.0,0.0,0.0,0,0,-0.12026568763673161,-2.1470559862734957,-0.0007448001076066817,-0.002388316827598502,0.0,0.0,0.1,0.0,0.0,0.0,-2.17149890822693,0.8240265959449813,0.0,1.3877787807814457e-17
1009,0.0,-1.0541220213305527,-1.0515862229926465,0.0,0.0,0.0,0.0,0.15582487553334337,-0.06801076509945729,0.0,0.0,0.0,0.0,0.0,0,0,-0.24253565424242074,-1.721141658988893,0.06617845086000028,0.0433376421752801,0.0,0.0,0.1,0.0,0.0,0.0,-1.7442190656485794,-0.12735355635840823,0.0,1.3877787807814457e-17
1010,0.0,-1.2847130324844762,0.26887727689282276,0.0,0.0,0.0,0.0,-0.348656943820927,-0.030779254463093892,0.0,0.0,0.0,0.0,0.0,0,0,-0.38755252407659446,-0.7258559644149074,-0.015958859115354215,0.05048294634638844,0.0,0.0,0.1,0.0,0.0,0.0,-0.72324973888162,0.8038270562403526,0.0,1.3877787807814457e-17
1011,0.0,1.2103866570293724,-0.07694932937924918,0.0,0.0,0.0,0.0,-0.5838468546778262,0.2816942532072795,0.0,0.0,0.0,0.0,0.0,0,0,-0.08020106409414571,0.7863903522662306,-0.05425135226377963,0.11045145741552422,0.0,0.0,0.1,0.0,0.0,0.0,0.7791855398427383,0.9275352320354089,0.0,1.3877787807814457e-17
1012,0.0,-0.49081817435992636,-1.5128862080848153,0.0,0.0,0.0,0.0,-0.25707889404373635,-0.726409349013264,0.0,0.0,0.0,0.0,0.0,0,0,-0.2829357088041328,-1.5621329964662773,-0.0010485603237803704,-0.08301925464359837,0.0,0.0,0.1,0.0,0.0,0.0,-1.5584025913026227,-1.5673194654877007,0.0,1.3877787807814457e-17
1020,0.0,0.20421639656487772,0.13664383304017014,0.0,0.0,0.0,0.0,-0.10981327357112743,-0.030220057499020816,0.0,0.0,0.0,0.0,0.0,0,0,-0.3709485125574588,0.1325755664883468,0.022928521611408424,0.050590264914225636,0.0,0.0,0.1,0.0,0.0,0.0,0.11252409202556146,0.25567540171521996,0.0,1.3877787807814457e-17
1003,0.0,1.3334396572773701,-1.486031181034364,0.0,0.0,0.0,0.0,0.22588786622319132,-0.7877906860936554,0.0,0.0,0.0,0.0,0.0,0,0,-0.07646728083136105,0.15537504665238377,0.07758577093242086,-0.09479928495588642,0.0,0.0,0.1,0.0,0.0,0.0,0.2079626103854377,-1.0324945715389033,0.0,1.3877787807814457e-17
1013,0.0,-1.5351734438122862,0.7505658581434008,0.0,0.0,0.0,0.0,-0.0036215012208375887,-0.48953003302027437,0.0,0.0,0.0,0.0,0.0,0,0,-0.37305590036753267,-0.3780922596024799,0.04021815661457411,-0.03755844105629058,0.0,0.0,0.1,0.0,0.0,0.0,-0.3504234905543538,-0.9254327436070724,0.0,1.3877787807814457e-17
1008,0.0,-0.7187564928161034,0.43853752313315114,0.0,0.0,0.0,0.0,-0.5101376093000115,-0.8174953541279748,0.0,0.0,0.0,0.0,0.0,0,0,-0.16225034107473044,-0.243904552405542,-0.04225036649308175,-0.10050007132687012,0.0,0.0,0.1,0.0,0.0,0.0,-0.25419208363063933,-1.8767507896211857,0.0,1.3877787807814457e-17
1007,0.0,0.7532822320827514,-0.25956114775646627,0.0,0.0,0.0,0.0,-0.5005697458507011,-0.118442118971904,0.0,0.0,0.0,0.0,0.0,0,0,-0.37478512800732083,0.28404996239557995,-0.04069257286050919,0.03365908342168182,0.0,0.0,0.1,0.0,0.0,0.0,0.2734791736783219,1.2056977255465744,0.0,1.3877787807814457e-17
1020,0.0,0.22230310297158093,0.16906584615406098,0.0,0.0,0.0,0.0,-0.10981327357112743,-0.030220057499020816,0.0,0.0,0.0,0.0,0.0,0,0,-0.3709485125574588,0.17103537890466958,0.022928521611408424,0.050590264914225636,0.0,0.0,0.1,0.0,0.0,0.0,0.15101360384395987,0.25567540171521996,0.0,1.3877787807814457e-17
1019,0.0,1.073208520002859,-1.0822191145136562,0.0,0.0,0.0,0.0,-0.7427693564181556,-0.03507348038813234,0.0,0.0,0.0,0.0,0.0,0,0,-0.1764984070108064,0.08899840371768758,-0.08012635169232224,0.049658817808775256,0.0,0.0,0.1,0.0,0.0,0.0,0.11245817476895804,1.3058700155831338,0.0,1.3877787807814457e-17
1015,0.0,0.05856113249202524,1.2261316833483893,0.0,0.0,0.0,0.0,0.05074245618297555,0.014061442605098786,0.0,0.0,0.0,0.0,0.0,0,0,-0.2668569368128927,0.9385890662737028,0.04906943539104089,0.05908857137531003,0.0,0.0,0.1,0.0,0.0,0.0,0.927490055110615,0.06671904895412524,0.0,1.3877787807814457e-17
1015,0.0,0.1020567704707388,1.2691292098416258,0.0,0.0,0.0,0.0,0.05074245618297555,0.014061442605098786,0.0,0.0,0.0,0.0,0.0,0,0,-0.2668569368128927,1.0038794773386428,0.04906943539104089,0.05908857137531003,0.0,0.0,0.1,0.0,0.0,0.0,0.9927678564913257,0.06671904895412524,0.0,1.3877787807814457e-17
1015,0.0,-0.08823664568613303,1.0810150314337166,0.0,0.0,0.0,0.0,0.05074245618297555,0.014061442605098786,0.0,0.0,0.0,0.0,0.0,0,0,-0.2668569368128927,0.7182928617156376,0.04906943539104089,0.05908857137531003,0.0,0.0,0.1,0.0,0.0,0.0,0.7072689816155945,0.06671904895412524,0.0,1.3877787807814457e-17
1009,0.0,-0.8569056141697783,-0.9436497566219983,0.0,0.0,0.0,0.0,0.15582487553334337,-0.06801076509945729,0.0,0.0,0.0,0.0,0.0,0,0,-0.24253565424242074,-1.4896014111828437,0.06617845086000028,0.0433376421752801,0.0,0.0,0.1,0.0,0.0,0.0,-1.5117306195688336,-0.12735355635840823,0.0,1.3877787807814457e-17
1011,0.0,1.0059883661663032,0.26833101977275503,0.0,0.0,0.0,0.0,-0.5838468546778262,0.2816942532072795,0.0,0.0,0.0,0.0,0.0,0,0,-0.08020106409414571,0.8510800977710725,-0.05425135226377963,0.11045145741552422,0.0,0.0,0.1,0.0,0.0,0.0,0.8361491293831318,0.9275352320354089,0.0,1.3877787807814457e-17
1019,0.0,1.3591227507611692,-1.2323784626500247,0.0,0.0,0.0,0.0,-0.7427693564181556,-0.03507348038813234,0.0,0.0,0.0,0.0,0.0,0,0,-0.1764984070108064,0.28674642510561926,-0.08012635169232224,0.049658817808775256,0.0,0.0,0.1,0.0,0.0,0.0,0.3247102678011801,1.3058700155831338,0.0,1.3877787807814457e-17
1007,0.0,0.953846079040499,-0.4045295624257539,0.0,0.0,0.0,0.0,-0.5005697458507011,-0.118442118971904,0.0,0.0,0.0,0.0,0.0,0,0,-0.37478512800732083,0.361071563020026,-0.04069257286050919,0.03365908342168182,0.0,0.0,0.1,0.0,0.0,0.0,0.3570451795521174,1.2056977255465744,0.0,1.3877787807814457e-17
1007,0.0,0.9756464971880803,-0.42028699880285036,0.0,0.0,0.0,0.0,-0.5005697458507011,-0.118442118971904,0.0,0.0,0.0,0.0,0.0,0,0,-0.37478512800732083,0.37011560238007185,-0.0007448001076066817,-0.002388316827598502,0.0,0.0,0.1,0.0,0.0,0.0,0.36688642684636136,1.2056977255465744,0.0,1.3877787807814457e-17
1017,0.0,-0.9177981306217395,1.5169481621760539,0.0,0.0,0.0,0.0,-0.12098974932658674,0.06328515003843688,0.0,0.0,0.0,0.0,0.0,0,0,-0.3052015650630588,0.6696334999965763,0.021108821439191735,0.0685353640525077,0.0,0.0,0.1,0.0,0.0,0.0,0.688642680105425,0.3480469743403168,0.0,1.3877787807814457e-17
1007,0.0,0.8143234028959789,-0.30368196961233646,0.0,0.0,0.0,0.0,-0.5005697458507011,-0.118442118971904,0.0,0.0,0.0,0.0,0.0,0,0,-0.37478512800732083,0.30629721609277455,-0.04069257286050919,0.03365908342168182,0.0,0.0,0.1,0.0,0.0,0.0,0.29756202405614934,1.2056977255465744,0.0,1.3877787807814457e-17
1007,0.0,0.8971649918567878,-0.36356022784530306,0.0,0.0,0.0,0.0,-0.5005697458507011,-0.118442118971904,0.0,0.0,0.0,0.0,0.0,0,0,-0.37478512800732083,0.3381675981690115,-0.04069257286050919,0.03365908342168182,0.0,0.0,0.1,0.0,0.0,0.0,0.33214476203949195,1.2056977255465744,0.0,1.3877787807814457e-17
1009,0.0,-0.951861662062003,-0.9956191663560141,0.0,0.0,0.0,0.0,0.15582487553334337,-0.06801076509945729,0.0,0.0,0.0,0.0,0.0,0,0,-0.24253565424242074,-1.6011666096855388,0.06617845086000028,0.0433376421752801,0.0,0.0,0.1,0.0,0.0,0.0,-1.6237628314253612,-0.12735355635840823,0.0,1.3877787807814457e-17
1010,0.0,-1.293015694316024,0.2919889454148116,0.0,0.0,0.0,0.0,-0.348656943820927,-0.030779254463093892,0.0,0.0,0.0,0.0,0.0,0,0,-0.38755252407659446,-0.7083467133118978,-0.015958859115354215,0.05048294634638844,0.0,0.0,0.1,0.0,0.0,0.0,-0.7047957978903182,0.8038270562403526,0.0,1.3877787807814457e-17
1013,0.0,-1.383163337610019,0.6460229857222208,0.0,0.0,0.0,0.0,-0.0036215012208375887,-0.48953003302027437,0.0,0.0,0.0,0.0,0.0,0,0,-0.37305590036753267,-0.4113877873282222,0.04021815661457411,-0.03755844105629058,0.0,0.0,0.1,0.0,0.0,0.0,-0.3942743571567384,-0.9254327436070724,0.0,1.3877787807814457e-17
1016,0.0,-1.1469227464069274,0.44731248918880756,0.0,0.0,0.0,0.0,-0.6280317167320081,-0.20536489127722135,0.0,0.0,0.0,0.0,0.0,0,0,-0.3143000422793832,-0.4822395046025042,-0.06144531956156459,0.016977255666063517,0.0,0.0,0.1,0.0,0.0,0.0,-0.48018220779320525,1.473816941149744,0.0,1.3877787807814457e-17
1013,0.0,-1.4278721923753916,0.676770889375509,0.0,0.0,0.0,0.0,-0.0036215012208375887,-0.48953003302027437,0.0,0.0,0.0,0.0,0.0,0,0,-0.37305590036753267,-0.4023840127234561,0.04021815661457411,-0.03755844105629058,0.0,0.0,0.1,0.0,0.0,0.0,-0.3822771688875342,-0.9254327436070724,0.0,1.3877787807814457e-17
1011,0.0,1.0176682685013358,0.24860071410692622,0.0,0.0,0.0,0.0,-0.5838468546778262,0.2816942532072795,0.0,0.0,0.0,0.0,0.0,0,0,-0.08020106409414571,0.8465587939804176,-0.05425135226377963,0.11045145741552422,0.0,0.0,0.1,0.0,0.0,0.0,0.8319522521876579,0.9275352320354089,0.0,1.3877787807814457e-17
1014,0.0,0.4480020400140382,1.145311604510008,0.0,0.0,0.0,0.0,-0.4835139837816178,0.26345306356022014,0.0,0.0,0.0,0.0,0.0,0,0,-0.12763006124973528,1.1217423468987435,-0.037915635491930395,0.10695069028995995,0.0,0.0,0.1,0.0,0.0,0.0,1.1058067217719245,0.8404306952350262,0.0,1.3877787807814457e-17
1003,0.0,1.1026069710582949,-1.267894403344692,0.0,0.0,0.0,0.0,0.22588786622319132,-0.7877906860936554,0.0,0.0,0.0,0.0,0.0,0,0,-0.07646728083136105,0.028049008736641685,0.07758577093242086,-0.09479928495588642,0.0,0.0,0.1,0.0,0.0,0.0,0.06198067983531064,-1.0324945715389033,0.0,1.3877787807814457e-17
1002,0.0,0.7734023932656192,1.4060536149792737,0.0,0.0,0.0,0.0,3.95358909858811,3.8445085417700806,0.0,0.0,0.0,0.0,0.0,0,0,4.114911420667305,1.5612532014129894,-0.017902027318934047,0.05663671972577574,0.0,0.0,0.1,0.0,0.0,0.0,1.5455299561799702,0.046291580061113245,0.0,1.3877787807814457e-17
1010,0.0,-1.2764103706529284,0.24576560837083397,0.0,0.0,0.0,0.0,-0.348656943820927,-0.030779254463093892,0.0,0.0,0.0,0.0,0.0,0,0,-0.38755252407659446,-0.7432712397303555,-0.015958859115354215,0.05048294634638844,0.0,0.0,0.1,0.0,0.0,0.0,-0.7416007449358083,0.8038270562403526,0.0,1.3877787807814457e-17
1010,0.0,-1.2730893059203092,0.23652094096203846,0.0,0.0,0.0,0.0,-0.348656943820927,-0.030779254463093892,0.0,0.0,0.0,0.0,0.0,0,0,-0.38755252407659446,-0.7502107941380206,-0.015958859115354215,0.05048294634638844,0.0,0.0,0.1,0.0,0.0,0.0,-0.7489119946791779,0.8038270562403526,0.0,1.3877787807814457e-17
1014,0.0,0.4317740563557645,1.1835479807540723,0.0,0.0,0.0,0.0,-0.4835139837816178,0.26345306356022014,0.0,0.0,0.0,0.0,0.0,0,0,-0.12763006124973528,1.1432375526186564,-0.037915635491930395,0.10695069028995995,0.0,0.0,0.1,0.0,0.0,0.0,1.127757948171649,0.8404306952350262,0.0,1.3877787807814457e-17
1007,0.0,0.918965410004369,-0.37931766422239954,0.0,0.0,0.0,0.0,-0.5005697458507011,-0.118442118971904,0.0,0.0,0.0,0.0,0.0,0,0,-0.37478512800732083,0.3468720227748587,-0.04069257286050919,0.03365908342168182,0.0,0.0,0.1,0.0,0.0,0.0,0.3416038420930622,1.2056977255465744,0.0,1.3877787807814457e-17
1007,0.0,0.901525075486304,-0.36671171512072237,0.0,0.0,0.0,0.0,-0.5005697458507011,-0.118442118971904,0.0,0.0,0.0,0.0,0.0,0,0,-0.37478512800732083,0.33989796467186,-0.04069257286050919,0.03365908342168182,0.0,0.0,0.1,0.0,0.0,0.0,0.33402472288482926,1.2056977255465744,0.0,1.3877787807814457e-17
1003,0.0,1.5300749085010268,-1.671851399066307,0.0,0.0,0.0,0.0,0.22588786622319132,-0.7877906860936554,0.0,0.0,0.0,0.0,0.0,0,0,-0.07646728083136105,0.27797516129564104,0.07758577093242086,-0.09479928495588642,0.0,0.0,0.1,0.0,0.0,0.0,0.3475202421821718,-1.0324945715389033,0.0,1.3877787807814457e-17
1015,0.0,0.08574590622872122,1.2530051374066622,0.0,0.0,0.0,0.0,0.05074245618297555,0.014061442605098786,0.0,0.0,0.0,0.0,0.0,0,0,-0.2668569368128927,0.9793946767160577,0.04906943539104089,0.05908857137531003,0.0,0.0,0.1,0.0,0.0,0.0,0.9682872967360407,0.06671904895412524,0.0,1.3877787807814457e-17
1008,0.0,-0.6961059508634283,0.4814252131933642,0.0,0.0,0.0,0.0,-0.5101376093000115,-0.8174953541279748,0.0,0.0,0.0,0.0,0.0,0,0,-0.16225034107473044,-0.19154034114703528,-0.04225036649308175,-0.10050007132687012,0.0,0.0,0.1,0.0,0.0,0.0,-0.20151092618141625,-1.8767507896211857,0.0,1.3877787807814457e-17
1020,0.0,0.18354587495721694,0.09959010376715204,0.0,0.0,0.0,0.0,-0.10981327357112743,-0.030220057499020816,0.0,0.0,0.0,0.0,0.0,0,0,-0.3709485125574588,0.08866020241400265,0.022928521611408424,0.050590264914225636,0.0,0.0,0.1,0.0,0.0,0.0,0.06858179023725568,0.25567540171521996,0.0,1.3877787807814457e-17
1010,0.0,-1.2598050469898328,0.19954227132685637,0.0,0.0,0.0,0.0,-0.348656943820927,-0.030779254463093892,0.0,0.0,0.0,0.0,0.0,0,0,-0.38755252407659446,-0.7778155155748294,-0.015958859115354215,0.05048294634638844,0.0,0.0,0.1,0.0,0.0,0.0,-0.7779880116310974,0.8038270562403526,0.0,1.3877787807814457e-17
1013,0.0,-1.4055177649927053,0.6613969375488649,0.0,0.0,0.0,0.0,-0.0036215012208375887,-0.48953003302027437,0.0,0.0,0.0,0.0,0.0,0,0,-0.37305590036753267,-0.40696855324818426,0.04021815661457411,-0.03755844105629058,0.0,0.0,0.1,0.0,0.0,0.0,-0.38837033801537846,-0.9254327436070724,0.0,1.3877787807814457e-17
1004,0.0,-0.19246508888597358,-0.8158241088193338,0.0,0.0,0.0,0.0,0.2662764594791637,-0.3417027274231282,0.0,0.0,0.0,0.0,0.0,0,0,-0.20597041990931245,-0.8699082491609762,-7.725878493638649,-7.48816708385073,0.0,0.0,0.1,0.0,0.0,0.0,-0.8845543429141657,-0.5375987868886124,0.0,1.3877787807814457e-17
1015,0.0,-0.06105187194943705,1.1078884854919893,0.0,0.0,0.0,0.0,0.05074245618297555,0.014061442605098786,0.0,0.0,0.0,0.0,0.0,0,0,-0.2668569368128927,0.7590813176175903,0.04906943539104089,0.05908857137531003,0.0,0.0,0.1,0.0,0.0,0.0,0.7480395219370731,0.06671904895412524,0.0,1.3877787807814457e-17
1019,0.0,1.1511851283914891,-1.123171664005393,0.0,0.0,0.0,0.0,-0.7427693564181556,-0.03507348038813234,0.0,0.0,0.0,0.0,0.0,0,0,-0.1764984070108064,0.14153606965477966,-0.08012635169232224,0.049658817808775256,0.0,0.0,0.1,0.0,0.0,0.0,0.1688692317125592,1.3058700155831338,0.0,1.3877787807814457e-17
1020,0.0,0.23522217897636893,0.1922244269496973,0.0,0.0,0.0,0.0,-0.10981327357112743,-0.030220057499020816,0.0,0.0,0.0,0.0,0.0,0,0,-0.3709485125574588,0.1985256396175576,0.022928521611408424,0.050590264914225636,0.0,0.0,0.1,0.0,0.0,0.0,0.17852844092212655,0.25567540171521996,0.0,1.3877787807814457e-17
1002,0.0,0.7041155020958765,1.5969860001910137,0.0,0.0,0.0,0.0,3.95358909858811,3.8445085417700806,0.0,0.0,0.0,0.0,0.0,0,0,4.114911420667305,1.6766518968807502,-0.017902027318934047,0.05663671972577574,0.0,0.0,0.1,0.0,0.0,0.0,1.662988434508876,0.046291580061113245,0.0,1.3877787807814457e-17
1016,0.0,-1.153547880248841,0.449005547630552,0.0,0.0,0.0,0.0,-0.6280317167320081,-0.20536489127722135,0.0,0.0,0.0,0.0,0.0,0,0,-0.3143000422793832,-0.4842231486831926,-0.06144531956156459,0.016977255666063517,0.0,0.0,0.1,0.0,0.0,0.0,-0.48188446688583386,1.473816941149744,0.0,1.3877787807814457e-17
1004,0.0,0.4603831849333072,-0.5399082569073316,0.0,0.0,0.0,0.0,0.2662764594791637,-0.3417027274231282,0.0,0.0,0.0,0.0,0.0,0,0,-0.20597041990931245,-0.14441526695640713,-2.1231786401623847,-0.9902681970018753,0.0,0.0,0.1,0.0,0.0,0.0,-0.1538413030922167,-0.5375987868886124,0.0,1.3877787807814457e-17
1013,0.0,-1.4770519326173017,0.710593583394126,0.0,0.0,0.0,0.0,-0.0036215012208375887,-0.48953003302027437,0.0,0.0,0.0,0.0,0.0,0,0,-0.37305590036753267,-0.3917184573615029,0.04021815661457411,-0.03755844105629058,0.0,0.0,0.1,0.0,0.0,0.0,-0.3682104639885554,-0.9254327436070724,0.0,1.3877787807814457e-17
1012,0.0,-0.4905529440645546,-1.4564921551933432,0.0,0.0,0.0,0.0,-0.25707889404373635,-0.726409349013264,0.0,0.0,0.0,0.0,0.0,0,0,-0.2829357088041328,-1.5292906001253828,-0.0010485603237803704,-0.08301925464359837,0.0,0.0,0.1,0.0,0.0,0.0,-1.5285846336622622,-1.5673194654877007,0.0,1.3877787807814457e-17
1010,0.0,-1.2830525001181667,0.264254943188425,0.0,0.0,0.0,0.0,-0.348656943820927,-0.030779254463093892,0.0,0.0,0.0,0.0,0.0,0,0,-0.38755252407659446,-0.7293465720808394,-0.015958859115354215,0.05048294634638844,0.0,0.0,0.1,0.0,0.0,0.0,-0.7269282219681734,0.8038270562403526,0.0,1.3877787807814457e-17
1006,0.0,0.8974615028780969,-1.0846966855304963,0.0,0.0,0.0,0.0,-0.2986957053534649,-0.968502995578523,0.0,0.0,0.0,0.0,0.0,0,0,-0.08646173066417893,-0.07450913146282932,-0.007824409917548562,-0.1294807791166789,0.0,0.0,0.1,0.0,0.0,0.0,-0.05509176969775532,-1.6085288232897497,0.0,1.3877787807814457e-17
1014,0.0,0.3709191176372381,1.3269343916693137,0.0,0.0,0.0,0.0,-0.4835139837816178,0.26345306356022014,0.0,0.0,0.0,0.0,0.0,0,0,-0.12763006124973528,1.2260681630137817,-0.037915635491930395,0.10695069028995995,0.0,0.0,0.1,0.0,0.0,0.0,1.2125540821640586,0.8404306952350262,0.0,1.3877787807814457e-17
1015,0.0,-0.16435401214888176,1.0057693600705528,0.0,0.0,0.0,0.0,0.05074245618297555,0.014061442605098786,0.0,0.0,0.0,0.0,0.0,0,0,-0.2668569368128927,0.6041034246351831,0.04906943539104089,0.05908857137531003,0.0,0.0,0.1,0.0,0.0,0.0,0.5931401453582347,0.06671904895412524,0.0,1.3877787807814457e-17
1012,0.0,-0.4904534827037902,-1.435344385359041,0.0,0.0,0.0,0.0,-0.25707889404373635,-0.726409349013264,0.0,0.0,0.0,0.0,0.0,0,0,-0.2829357088041328,-1.5167798796008782,-0.0010485603237803704,-0.08301925464359837,0.0,0.0,0.1,0.0,0.0,0.0,-1.5171464547059625,-1.5673194654877007,0.0,1.3877787807814457e-17
1014,0.0,0.4155460726974908,1.2217843569981368,0.0,0.0,0.0,0.0,-0.4835139837816178,0.26345306356022014,0.0,0.0,0.0,0.0,0.0,0,0,-0.12763006124973528,1.164984749258125,-0.037915635491930395,0.10695069028995995,0.0,0.0,0.1,0.0,0.0,0.0,1.1499905038907758,0.8404306952350262,0.0,1.3877787807814457e-17
1015,0.0,-0.012119279223384294,1.1562607027968803,0.0,0.0,0.0,0.0,0.05074245618297555,0.014061442605098786,0.0,0.0,0.0,0.0,0.0,0,0,-0.2668569368128927,0.8325088556159218,0.04906943539104089,0.05908857137531003,0.0,0.0,0.1,0.0,0.0,0.0,0.8214395049198836,0.06671904895412524,0.0,1.3877787807814457e-17
1003,0.0,1.0855082535605856,-1.2517361235158273,0.0,0.0,0.0,0.0,0.22588786622319132,-0.7877906860936554,0.0,0.0,0.0,0.0,0.0,0,0,-0.07646728083136105,0.01936429446635064,-0.0007448001076066817,-0.002388316827598502,0.0,0.0,0.1,0.0,0.0,0.0,0.05198159483341439,-1.0324945715389033,0.0,1.3877787807814457e-17
1002,0.0,0.7565488251432494,1.4524966275983457,0.0,0.0,0.0,0.0,3.95358909858811,3.8445085417700806,0.0,0.0,0.0,0.0,0.0,0,0,4.114911420667305,1.588829858146461,-0.017902027318934047,0.05663671972577574,0.0,0.0,0.1,0.0,0.0,0.0,1.573554690450854,0.046291580061113245,0.0,1.3877787807814457e-17
1006,0.0,0.9105974228066643,-0.8958060949771988,0.0,0.0,0.0,0.0,-0.2986957053534649,-0.968502995578523,0.0,0.0,0.0,0.0,0.0,0,0,-0.08646173066417893,0.03693211308748513,-0.007824409917548562,-0.1294807791166789,0.0,0.0,0.1,0.0,0.0,0.0,0.04823170943242161,-1.6085288232897497,0.0,1.3877787807814457e-17
1004,0.0,0.8158806134012154,-0.4916046549704818,0.0,0.0,0.0,0.0,0.2662764594791637,-0.3417027274231282,0.0,0.0,0.0,0.0,0.0,0,0,-0.20597041990931245,0.18856841987284173,-0.5892394930987179,2.527951918130834,0.0,0.0,0.1,0.0,0.0,0.0,0.18431880847584609,-0.5375987868886124,0.0,1.3877787807814457e-17
1003,0.0,1.1624524823002773,-1.324448382745718,0.0,0.0,0.0,0.0,0.22588786622319132,-0.7877906860936554,0.0,0.0,0.0,0.0,0.0,0,0,-0.07646728083136105,0.059270611521684,0.07758577093242086,-0.09479928495588642,0.0,0.0,0.1,0.0,0.0,0.0,0.09788190390809783,-1.0324945715389033,0.0,1.3877787807814457e-17
1019,0.0,1.0298881820091756,-1.0594676981293578,0.0,0.0,0.0,0.0,-0.7427693564181556,-0.03507348038813234,0.0,0.0,0.0,0.0,0.0,0,0,-0.1764984070108064,0.06028136972581882,-0.08012635169232224,0.049658817808775256,0.0,0.0,0.1,0.0,0.0,0.0,0.0816216392599152,1.3058700155831338,0.0,1.3877787807814457e-17
1016,0.0,-1.0541708726201349,0.42360967100438496,0.0,0.0,0.0,0.0,-0.6280317167320081,-0.20536489127722135,0.0,0.0,0.0,0.0,0.0,0,0,-0.3143000422793832,-0.4534559769700456,-0.06144531956156459,0.016977255666063517,0.0,0.0,0.1,0.0,0.0,0.0,-0.4551347875543765,1.473816941149744,0.0,1.3877787807814457e-17
1004,0.0,0.11507834071552323,-0.37722317311957015,0.0,0.0,0.0,0.0,0.2662764594791637,-0.3417027274231282,0.0,0.0,0.0,0.0,0.0,0,0,-0.20597041990931245,-0.3168228889122858,-8.842683874726461,-3.450403237651954,0.0,0.0,0.1,0.0,0.0,0.0,-0.33429119591759493,-0.5375987868886124,0.0,1.3877787807814457e-17
1004,0.0,0.6517969891420637,-0.3848823621186723,0.0,0.0,0.0,0.0,0.2662764594791637,-0.3417027274231282,0.0,0.0,0.0,0.0,0.0,0,0,-0.20597041990931245,0.11705189562791384,2.0852492718878635,-2.395332954482415,0.0,0.0,0.1,0.0,0.0,0.0,0.10740645956019713,-0.5375987868886124,0.0,1.3877787807814457e-17
1003,0.0,1.1282550473048587,-1.2921318230879888,0.0,0.0,0.0,0.0,0.22588786622319132,-0.7877906860936554,0.0,0.0,0.0,0.0,0.0,0,0,-0.07646728083136105,0.04127318492908114,0.07758577093242086,-0.09479928495588642,0.0,0.0,0.1,0.0,0.0,0.0,0.07719558592417544,-1.0324945715389033,0.0,1.3877787807814457e-17
1014,0.0,0.5088569787325645,1.0019251935947668,0.0,0.0,0.0,0.0,-0.4835139837816178,0.26345306356022014,0.0,0.0,0.0,0.0,0.0,0,0,-0.12763006124973528,1.0434230698843567,-0.03791563549192624,0.10695069028995995,0.0,0.0,0.1,0.0,0.0,0.0,1.0260510452772513,0.8404306952350262,0.0,1.3877787807814457e-17
1010,0.0,-1.2249338672973316,0.10247326353450341,0.0,0.0,0.0,0.0,-0.348656943820927,-0.030779254463093892,0.0,0.0,0.0,0.0,0.0,0,0,-0.38755252407659446,-0.8490814177105712,-0.015958859115354215,0.05048294634638844,0.0,0.0,0.1,0.0,0.0,0.0,-0.8529875934595508,0.8038270562403526,0.0,1.3877787807814457e-17
1015,0.0,0.009628539765972485,1.1777594660434985,0.0,0.0,0.0,0.0,0.05074245618297555,0.014061442605098786,0.0,0.0,0.0,0.0,0.0,0,0,-0.2668569368128927,0.8651466676082296,0.04906943539104089,0.05908857137531003,0.0,0.0,0.1,0.0,0.0,0.0,0.8540669441228057,0.06671904895412524,0.0,1.3877787807814457e-17
1006,0.0,0.8812347782604548,-1.3180321209198638,0.0,0.0,0.0,0.0,-0.2986957053534649,-0.968502995578523,0.0,0.0,0.0,0.0,0.0,0,0,-0.08646173066417893,-0.20351882961892973,-0.007824409917548562,-0.1294807791166789,0.0,0.0,0.1,0.0,0.0,0.0,-0.17216113716929293,-1.6085288232897497,0.0,1.3877787807814457e-17
1018,0.0,0.9544761872691332,0.5591562823217153,0.0,0.0,0.0,0.0,0.04610925683450478,-0.36762915213396563,0.0,0.0,0.0,0.0,0.0,0,0,-0.37711105793103283,1.021351707288752,0.04831508009722525,-0.014163771923318684,0.0,0.0,0.1,0.0,0.0,0.0,1.0039168979107636,-0.6297637648479039,0.0,1.3877787807814457e-17
1017,0.0,-0.9941246828057364,1.3185293458185967,0.0,0.0,0.0,0.0,-0.12098974932658674,0.06328515003843688,0.0,0.0,0.0,0.0,0.0,0,0,-0.3052015650630588,0.4376382074633168,0.021108821439191735,0.0685353640525077,0.0,0.0,0.1,0.0,0.0,0.0,0.455047971226729,0.3480469743403168,0.0,1.3877787807814457e-17
1003,0.0,1.5044268322544627,-1.64761397932301,0.0,0.0,0.0,0.0,0.22588786622319132,-0.7877906860936554,0.0,0.0,0.0,0.0,0.0,0,0,-0.07646728083136105,0.2612783902534846,0.07758577093242086,-0.09479928495588642,0.0,0.0,0.1,0.0,0.0,0.0,0.3285683925968789,-1.0324945715389033,0.0,1.3877787807814457e-17
1008,0.0,-0.5013112900704225,0.8502593477111966,0.0,0.0,0.0,0.0,-0.5101376093000115,-0.8174953541279748,0.0,0.0,0.0,0.0,0.0,0,0,-0.16225034107473044,0.2593876337851719,-0.0007448001076066817,-0.002388316827598502,0.0,0.0,0.1,0.0,0.0,0.0,0.25203552938583434,-1.8767507896211857,0.0,1.3877787807814457e-17
1014,0.0,0.41148907678292235,1.2313434510591528,0.0,0.0,0.0,0.0,-0.4835139837816178,0.26345306356022014,0.0,0.0,0.0,0.0,0.0,0,0,-0.12763006124973528,1.1704606243966247,-0.037915635491930395,0.10695069028995995,0.0,0.0,0.1,0.0,0.0,0.0,1.155592218611956,0.8404306952350262,0.0,1.3877787807814457e-17
1013,0.0,-1.4368139633284662,0.6829204701061666,0.0,0.0,0.0,0.0,-0.0036215012208375887,-0.48953003302027437,0.0,0.0,0.0,0.0,0.0,0,0,-0.37305590036753267,-0.40050401432028154,0.04021815661457411,-0.03755844105629058,0.0,0.0,0.1,0.0,0.0,0.0,-0.37978712241242807,-0.9254327436070724,0.0,1.3877787807814457e-17
1013,0.0,-1.5441152147653607,0.7567154388740585,0.0,0.0,0.0,0.0,-0.0036215012208375887,-0.48953003302027437,0.0,0.0,0.0,0.0,0.0,0,0,-0.37305590036753267,-0.37589824220611806,0.04021815661457411,-0.03755844105629058,0.0,0.0,0.1,0.0,0.0,0.0,-0.34757616271056163,-0.9254327436070724,0.0,1.3877787807814457e-17
1020,0.0,0.21196784216775053,0.15053898151755193,0.0,0.0,0.0,0.0,-0.10981327357112743,-0.030220057499020816,0.0,0.0,0.0,0.0,0.0,0,0,-0.3709485125574588,0.14905451551367555,0.022928521611408424,0.050590264914225636,0.0,0.0,0.1,0.0,0.0,0.0,0.12901508450369356,0.25567540171521996,0.0,1.3877787807814457e-17
1010,0.0,-1.2896946295834049,0.28274427800601604,0.0,0.0,0.0,0.0,-0.348656943820927,-0.030779254463093892,0.0,0.0,0.0,0.0,0.0,0,0,-0.38755252407659446,-0.7153616219050054,-0.015958859115354215,0.05048294634638844,0.0,0.0,0.1,0.0,0.0,0.0,-0.7121896325708681,0.8038270562403526,0.0,1.3877787807814457e-17
1015,0.0,-0.09911055518081141,1.0702656498104075,0.0,0.0,0.0,0.0,0.05074245618297555,0.014061442605098786,0.0,0.0,0.0,0.0,0.0,0,0,-0.2668569368128927,0.7019784236416691,0.04906943539104089,0.05908857137531003,0.0,0.0,0.1,0.0,0.0,0.0,0.6909622468137573,0.06671904895412524,0.0,1.3877787807814457e-17
1013,0.0,-1.3250418264150343,0.606050710972946,0.0,0.0,0.0,0.0,-0.0036215012208375887,-0.48953003302027437,0.0,0.0,0.0,0.0,0.0,0,0,-0.37305590036753267,-0.4221009788713476,0.04021815661457411,-0.03755844105629058,0.0,0.0,0.1,0.0,0.0,0.0,-0.4087339066409895,-0.9254327436070724,0.0,1.3877787807814457e-17
1004,0.0,0.4098545068160853,-0.8848343115490822,0.0,0.0,0.0,0.0,0.2662764594791637,-0.3417027274231282,0.0,0.0,0.0,0.0,0.0,0,0,-0.20597041990931245,-0.40220364846101664,-5.028569300650362,0.15226381254141846,0.0,0.0,0.1,0.0,0.0,0.0,-0.4025967035116691,-0.5375987868886124,0.0,1.3877787807814457e-17
1010,0.0,-1.2265943996636413,0.10709559723890118,0.0,0.0,0.0,0.0,-0.348656943820927,-0.030779254463093892,0.0,0.0,0.0,0.0,0.0,0,0,-0.38755252407659446,-0.84572793943563,-0.015958859115354215,0.05048294634638844,0.0,0.0,0.1,0.0,0.0,0.0,-0.8494608645088005,0.8038270562403526,0.0,1.3877787807814457e-17
1017,0.0,-0.8987164925757404,1.5665528662654182,0.0,0.0,0.0,0.0,-0.12098974932658674,0.06328515003843688,0.0,0.0,0.0,0.0,0.0,0,0,-0.3052015650630588,0.7276598469469548,0.021108821439191735,0.0685353640525077,0.0,0.0,0.1,0.0,0.0,0.0,0.7470565670018697,0.3480469743403168,0.0,1.3877787807814457e-17
1005,0.0,-1.6121489549444112,-0.8171893884219069,0.0,0.0,0.0,0.0,-0.47277993119015277,0.27725713780520794,0.0,0.0,0.0,0.0,0.0,0,0,-0.12026568763673161,-1.9159560265743503,-0.03616796853710098,0.10959990617174908,0.0,0.0,0.1,0.0,0.0,0.0,-1.9312441299879726,0.8240265959449813,0.0,1.3877787807814457e-17
1001,0.0,6.39264341027163,6.0490508524829405,0.0,0.0,0.0,0.0,-0.4224031448770598,-0.024520199425516052,0.0,0.0,0.0,0.0,0.0,0,0,-0.3585387594405135,9.307306740624712,-0.0007448001076066817,-0.002388316827598502,0.0,0.0,0.1,0.0,0.0,0.0,9.30410366671856,0.9450971420206864,0.0,1.3877787807814457e-17
1015,0.0,0.05312417774468605,1.2207569925367348,0.0,0.0,0.0,0.0,0.05074245618297555,0.014061442605098786,0.0,0.0,0.0,0.0,0.0,0,0,-0.2668569368128927,0.9304283070092829,0.04906943539104089,0.05908857137531003,0.0,0.0,0.1,0.0,0.0,0.0,0.9193311678631714,0.06671904895412524,0.0,1.3877787807814457e-17
1013,0.0,-1.418930421422317,0.6706213086448514,0.0,0.0,0.0,0.0,-0.0036215012208375887,-0.48953003302027437,0.0,0.0,0.0,0.0,0.0,0,0,-0.37305590036753267,-0.40423763629568277,0.04021815661457411,-0.03755844105629058,0.0,0.0,0.1,0.0,0.0,0.0,-0.38473708246732424,-0.9254327436070724,0.0,1.3877787807814457e-17
1010,0.0,-1.2963367590486432,0.3012336128236071,0.0,0.0,0.0,0.0,-0.348656943820927,-0.030779254463093892,0.0,0.0,0.0,0.0,0.0,0,0,-0.38755252407659446,-0.7013169404693146,-0.015958859115354215,0.05048294634638844,0.0,0.0,0.1,0.0,0.0,0.0,-0.6973857275063347,0.8038270562403526,0.0,1.3877787807814457e-17
1018,0.0,0.7991921799669826,0.5890112982883032,0.0,0.0,0.0,0.0,0.04610925683450478,-0.36762915213396563,0.0,0.0,0.0,0.0,0.0,0,0,-0.37711105793103283,0.9254262147150937,0.04831508009722525,-0.014163771923313855,0.0,0.0,0.1,0.0,0.0,0.0,0.9070678774906639,-0.6297637648479039,0.0,1.3877787807814457e-17
1015,0.0,0.13467849895477396,1.301377354711553,0.0,0.0,0.0,0.0,0.05074245618297555,0.014061442605098786,0.0,0.0,0.0,0.0,0.0,0,0,-0.2668569368128927,1.052852247742075,0.04906943539104089,0.05908857137531003,0.0,0.0,0.1,0.0,0.0,0.0,1.0417338581385873,0.06671904895412524,0.0,1.3877787807814457e-17
1019,0.0,1.0385522496079123,-1.0640179814062174,0.0,0.0,0.0,0.0,-0.7427693564181556,-0.03507348038813234,0.0,0.0,0.0,0.0,0.0,0,0,-0.1764984070108064,0.06599751039261736,-0.08012635169232224,0.049658817808775256,0.0,0.0,0.1,0.0,0.0,0.0,0.08775971127149343,1.3058700155831338,0.0,1.3877787807814457e-17
1006,0.0,0.9013250087394402,-1.0291406294854089,0.0,0.0,0.0,0.0,-0.2986957053534649,-0.968502995578523,0.0,0.0,0.0,0.0,0.0,0,0,-0.08646173066417893,-0.04236233994534584,-0.007824409917548562,-0.1294807791166789,0.0,0.0,0.1,0.0,0.0,0.0,-0.025470387639099284,-1.6085288232897497,0.0,1.3877787807814457e-17
1020,0.0,0.20163258136392012,0.1320121168810429,0.0,0.0,0.0,0.0,-0.10981327357112743,-0.030220057499020816,0.0,0.0,0.0,0.0,0.0,0,0,-0.3709485125574588,0.1270838697407949,0.022928521611408424,0.050590264914225636,0.0,0.0,0.1,0.0,0.0,0.0,0.10702861281797424,0.25567540171521996,0.0,1.3877787807814457e-17
1007,0.0,0.7576423157122677,-0.2627126350318856,0.0,0.0,0.0,0.0,-0.5005697458507011,-0.118442118971904,0.0,0.0,0.0,0.0,0.0,0,0,-0.37478512800732083,0.28560394486764,-0.04069257286050919,0.03365908342168182,0.0,0.0,0.1,0.0,0.0,0.0,0.27515955332180686,1.2056977255465744,0.0,1.3877787807814457e-17
1002,0.0,0.6966250273748232,1.6176273391328233,0.0,0.0,0.0,0.0,3.95358909858811,3.8445085417700806,0.0,0.0,0.0,0.0,0.0,0,0,4.114911420667305,1.6894438556097213,-0.017902027318934047,0.05663671972577574,0.0,0.0,0.1,0.0,0.0,0.0,1.6760363519980048,0.046291580061113245,0.0,1.3877787807814457e-17
1016,0.0,-0.9746692665171697,0.4032929697034513,0.0,0.0,0.0,0.0,-0.6280317167320081,-0.20536489127722135,0.0,0.0,0.0,0.0,0.0,0,0,-0.3143000422793832,-0.4272974775084865,-0.06144531956156459,0.016977255666063517,0.0,0.0,0.1,0.0,0.0,0.0,-0.4318806156557304,1.473816941149744,0.0,1.3877787807814457e-17
1009,0.0,-1.0833392668358526,-1.067576810603113,0.0,0.0,0.0,0.0,0.15582487553334337,-0.06801076509945729,0.0,0.0,0.0,0.0,0.0,0,0,-0.24253565424242074,-1.7553850011603016,0.06617845086000028,0.0433376421752801,0.0,0.0,0.1,0.0,0.0,0.0,-1.778594704761326,-0.12735355635840823,0.0,1.3877787807814457e-17
1012,0.0,-0.4910502508683767,-1.5622310043648535,0.0,0.0,0.0,0.0,-0.25707889404373635,-0.726409349013264,0.0,0.0,0.0,0.0,0.0,0,0,-0.2829357088041328,-1.5902378572921467,-0.0010485603237803704,-0.08301925464359837,0.0,0.0,0.1,0.0,0.0,0.0,-1.5836591999715233,-1.5673194654877007,0.0,1.3877787807814457e-17
1015,0.0,-0.08279969093879383,1.0863897222453711,0.0,0.0,0.0,0.0,0.05074245618297555,0.014061442605098786,0.0,0.0,0.0,0.0,0.0,0,0,-0.2668569368128927,0.7264502841973631,0.04906943539104089,0.05908857137531003,0.0,0.0,0.1,0.0,0.0,0.0,0.7154226683956757,0.06671904895412524,0.0,1.3877787807814457e-17
1009,0.0,-1.0322090872015777,-1.0395932822847966,0.0,0.0,0.0,0.0,0.15582487553334337,-0.06801076509945729,0.0,0.0,0.0,0.0,0.0,0,0,-0.24253565424242074,-1.6954486035349523,0.06617845086000028,0.0433376421752801,0.0,0.0,0.1,0.0,0.0,0.0,-1.7184251562006407,-0.12735355635840823,0.0,1.3877787807814457e-17
1014,0.0,0.5129139746471325,0.9923660995337507,0.0,0.0,0.0,0.0,-0.4835139837816178,0.26345306356022014,0.0,0.0,0.0,0.0,0.0,0,0,-0.12763006124973528,1.0383323440234045,-0.03791563549192624,0.10695069028995995,0.0,0.0,0.1,0.0,0.0,0.0,1.0208805324293087,0.8404306952350262,0.0,1.3877787807814457e-17
1020,0.0,0.19904876616296252,0.12738040072191562,0.0,0.0,0.0,0.0,-0.10981327357112743,-0.030220057499020816,0.0,0.0,0.0,0.0,0.0,0,0,-0.3709485125574588,0.12159281938761633,0.022928521611408424,0.050590264914225636,0.0,0.0,0.1,0.0,0.0,0.0,0.10153389720098437,0.25567540171521996,0.0,1.3877787807814457e-17
1013,0.0,-1.4010468795161681,0.6583221471835361,0.0,0.0,0.0,0.0,-0.0036215012208375887,-0.48953003302027437,0.0,0.0,0.0,0.0,0.0,0,0,-0.37305590036753267,-0.40786563918872687,0.04021815661457411,-0.03755844105629058,0.0,0.0,0.1,0.0,0.0,0.0,-0.389566299743773,-0.9254327436070724,0.0,1.3877787807814457e-17
1018,0.0,0.7938375590255291,0.5900407815974958,0.0,0.0,0.0,0.0,0.04610925683450478,-0.36762915213396563,0.0,0.0,0.0,0.0,0.0,0,0,-0.37711105793103283,0.9221693523429328,0.04831508009722525,-0.014163771923313855,0.0,0.0,0.1,0.0,0.0,0.0,0.903785584154368,-0.6297637648479039,0.0,1.3877787807814457e-17
1020,0.0,0.30498518940222413,0.3172807632461334,0.0,0.0,0.0,0.0,-0.10981327357112743,-0.030220057499020816,0.0,0.0,0.0,0.0,0.0,0,0,-0.3709485125574588,0.347235763896377,0.022928521611408424,0.050590264914225636,0.0,0.0,0.1,0.0,0.0,0.0,0.32741604631944565,0.25567540171521996,0.0,1.3877787807814457e-17
1003,0.0,1.2137486347934052,-1.3729232222323118,0.0,0.0,0.0,0.0,0.22588786622319132,-0.7877906860936554,0.0,0.0,0.0,0.0,0.0,0,0,-0.07646728083136105,0.08704075405787852,0.07758577093242086,-0.09479928495588642,0.0,0.0,0.1,0.0,0.0,0.0,0.12975578729054615,-1.0324945715389033,0.0,1.3877787807814457e-17
1012,0.0,-0.491978556902178,-1.7596101894850065,0.0,0.0,0.0,0.0,-0.25707889404373635,-0.726409349013264,0.0,0.0,0.0,0.0,0.0,0,0,-0.2829357088041328,-1.696477113525207,-0.0010485603237803704,-0.08301925464359837,0.0,0.0,0.1,0.0,0.0,0.0,-1.6764949690737712,-1.5673194654877007,0.0,1.3877787807814457e-17
1006,0.0,0.911370123978933,-0.8846948837681813,0.0,0.0,0.0,0.0,-0.2986957053534649,-0.968502995578523,0.0,0.0,0.0,0.0,0.0,0,0,-0.08646173066417893,0.04367345897997205,-0.007824409917548562,-0.1294807791166789,0.0,0.0,0.1,0.0,0.0,0.0,0.05453597903319574,-1.6085288232897497,0.0,1.3877787807814457e-17
1012,0.0,-0.4911828660160626,-1.5904280308105896,0.0,0.0,0.0,0.0,-0.25707889404373635,-0.726409349013264,0.0,0.0,0.0,0.0,0.0,0,0,-0.2829357088041328,-1.606027337032678,-0.0010485603237803704,-0.08301925464359837,0.0,0.0,0.1,0.0,0.0,0.0,-1.597733970805569,-1.5673194654877007,0.0,1.3877787807814457e-17
1006,0.0,0.909052020462127,-0.9180285173952338,0.0,0.0,0.0,0.0,-0.2986957053534649,-0.968502995578523,0.0,0.0,0.0,0.0,0.0,0,0,-0.08646173066417893,0.023510252292390295,-0.007824409917548562,-0.1294807791166789,0.0,0.0,0.1,0.0,0.0,0.0,0.03569713019857937,-1.6085288232897497,0.0,1.3877787807814457e-17
1002,0.0,0.760294062503776,1.4421759581274407,0.0,0.0,0.0,0.0,3.95358909858811,3.8445085417700806,0.0,0.0,0.0,0.0,0.0,0,0,4.114911420667305,1.5826739361716864,-0.017902027318934047,0.05663671972577574,0.0,0.0,0.1,0.0,0.0,0.0,1.5672961585244582,0.046291580061113245,0.0,1.3877787807814457e-17
1007,0.0,0.8753645737092065,-0.3478027914682066,0.0,0.0,0.0,0.0,-0.5005697458507011,-0.118442118971904,0.0,0.0,0.0,0.0,0.0,0,0,-0.37478512800732083,0.3295948965519764,-0.04069257286050919,0.03365908342168182,0.0,0.0,0.1,0.0,0.0,0.0,0.3228342116404472,1.2056977255465744,0.0,1.3877787807814457e-17
1009,0.0,-0.937253039309353,-0.9876238725507809,0.0,0.0,0.0,0.0,0.15582487553334337,-0.06801076509945729,0.0,0.0,0.0,0.0,0.0,0,0,-0.24253565424242074,-1.5840123777436146,0.06617845086000028,0.0433376421752801,0.0,0.0,0.1,0.0,0.0,0.0,-1.6065378669160468,-0.12735355635840823,0.0,1.3877787807814457e-17
1009,0.0,-1.1271651350938026,-1.0915626920188124,0.0,0.0,0.0,0.0,0.15582487553334337,-0.06801076509945729,0.0,0.0,0.0,0.0,0.0,0,0,-0.24253565424242074,-1.8067189118215004,0.06617845086000028,0.0433376421752801,0.0,0.0,0.1,0.0,0.0,0.0,-1.8301219536685709,-0.12735355635840823,0.0,1.3877787807814457e-17
1007,0.0,0.8404839046730764,-0.3225908932648522,0.0,0.0,0.0,0.0,-0.5005697458507011,-0.118442118971904,0.0,0.0,0.0,0.0,0.0,0,0,-0.37478512800732083,0.3161540627944869,-0.04069257286050919,0.03365908342168182,0.0,0.0,0.1,0.0,0.0,0.0,0.30824838238449503,1.2056977255465744,0.0,1.3877787807814457e-17
1014,0.0,0.43988804818490135,1.1644297926320402,0.0,0.0,0.0,0.0,-0.4835139837816178,0.26345306356022014,0.0,0.0,0.0,0.0,0.0,0,0,-0.12763006124973528,1.13245829204426,-0.037915635491930395,0.10695069028995995,0.0,0.0,0.1,0.0,0.0,0.0,1.1167469648701123,0.8404306952350262,0.0,1.3877787807814457e-17
1012,0.0,-0.4902545599822613,-1.3930488456904369,0.0,0.0,0.0,0.0,-0.25707889404373635,-0.726409349013264,0.0,0.0,0.0,0.0,0.0,0,0,-0.2829357088041328,-1.49144558180751,-0.0010485603237803704,-0.08301925464359837,0.0,0.0,0.1,0.0,0.0,0.0,-1.4938592315000054,-1.5673194654877007,0.0,1.3877787807814457e-17
1007,0.0,0.9625662462995315,-0.4108325369765925,0.0,0.0,0.0,0.0,-0.5005697458507011,-0.118442118971904,0.0,0.0,0.0,0.0,0.0,0,0,-0.37478512800732083,0.36467359821500295,-0.04069257286050919,0.03365908342168182,0.0,0.0,0.1,0.0,0.0,0.0,0.36096417136076475,1.2056977255465744,0.0,1.3877787807814457e-17
1006,0.0,0.913688227495739,-0.8513612501411288,0.0,0.0,0.0,0.0,-0.2986957053534649,-0.968502995578523,0.0,0.0,0.0,0.0,0.0,0,0,-0.08646173066417893,0.06401823868665894,-0.007824409917548562,-0.1294807791166789,0.0,0.0,0.1,0.0,0.0,0.0,0.07359550641588664,-1.6085288232897497,0.0,1.3877787807814457e-17
1010,0.0,-1.219952270198403,0.08860626242131013,0.0,0.0,0.0,0.0,-0.348656943820927,-0.030779254463093892,0.0,0.0,0.0,0.0,0.0,0,0,-0.38755252407659446,-0.8591173311387215,-0.015958859115354215,0.05048294634638844,0.0,0.0,0.1,0.0,0.0,0.0,-0.8635403600312402,0.8038270562403526,0.0,1.3877787807814457e-17
1002,0.0,0.749058350422196,1.4731379665401554,0.0,0.0,0.0,0.0,3.95358909858811,3.8445085417700806,0.0,0.0,0.0,0.0,0.0,0,0,4.114911420667305,1.6011890419081418,-0.017902027318934047,0.05663671972577574,0.0,0.0,0.1,0.0,0.0,0.0,1.5861242292763582,0.046291580061113245,0.0,1.3877787807814457e-17
1007,0.0,0.8361238210435602,-0.31943940598943293,0.0,0.0,0.0,0.0,-0.5005697458507011,-0.118442118971904,0.0,0.0,0.0,0.0,0.0,0,0,-0.37478512800732083,0.314497899339635,-0.04069257286050919,0.03365908342168182,0.0,0.0,0.1,0.0,0.0,0.0,0.30645221246694165,1.2056977255465744,0.0,1.3877787807814457e-17
1016,0.0,-1.1999238171422375,0.46085695672276333,0.0,0.0,0.0,0.0,-0.6280317167320081,-0.20536489127722135,0.0,0.0,0.0,0.0,0.0,0,0,-0.3143000422793832,-0.49783617431439864,-0.06144531956156459,0.016977255666063517,0.0,0.0,0.1,0.0,0.0,0.0,-0.4934730686985308,1.473816941149744,0.0,1.3877787807814457e-17
1014,0.0,0.5007429869034277,1.021043381716799,0.0,0.0,0.0,0.0,-0.4835139837816178,0.26345306356022014,0.0,0.0,0.0,0.0,0.0,0,0,-0.12763006124973528,1.0536539995344953,-0.037915635491930395,0.10695069028995995,0.0,0.0,0.1,0.0,0.0,0.0,1.0364476876882416,0.8404306952350262,0.0,1.3877787807814457e-17
1002,0.0,0.765911918544566,1.4266949539210836,0.0,0.0,0.0,0.0,3.95358909858811,3.8445085417700806,0.0,0.0,0.0,0.0,0.0,0,0,4.114911420667305,1.573469760061984,-0.017902027318934047,0.05663671972577574,0.0,0.0,0.1,0.0,0.0,0.0,1.5579413078267146,0.046291580061113245,0.0,1.3877787807814457e-17
1011,0.0,1.064387877841466,0.16967949144361097,0.0,0.0,0.0,0.0,-0.5838468546778262,0.2816942532072795,0.0,0.0,0.0,0.0,0.0,0,0,-0.08020106409414571,0.8294651355673128,-0.05425135226377963,0.11045145741552422,0.0,0.0,0.1,0.0,0.0,0.0,0.8162968763157739,0.9275352320354089,0.0,1.3877787807814457e-17
1006,0.0,0.8796893759159174,-1.340254543337899,0.0,0.0,0.0,0.0,-0.2986957053534649,-0.968502995578523,0.0,0.0,0.0,0.0,0.0,0,0,-0.08646173066417893,-0.21528219533462456,-0.007824409917548562,-0.12948077911668132,0.0,0.0,0.1,0.0,0.0,0.0,-0.18267018553546693,-1.6085288232897497,0.0,1.3877787807814457e-17
1003,0.0,1.5642723434964452,-1.7041679587240361,0.0,0.0,0.0,0.0,0.22588786622319132,-0.7877906860936554,0.0,0.0,0.0,0.0,0.0,0,0,-0.07646728083136105,0.30055803281033283,0.07758577093242086,-0.09479928495588642,0.0,0.0,0.1,0.0,0.0,0.0,0.3731269376420679,-1.0324945715389033,0.0,1.3877787807814457e-17
1019,0.0,1.021224114410439,-1.0549174148524982,0.0,0.0,0.0,0.0,-0.7427693564181556,-0.03507348038813234,0.0,0.0,0.0,0.0,0.0,0,0,-0.1764984070108064,0.05457894977959312,-0.08012635169232224,0.049658817808775256,0.0,0.0,0.1,0.0,0.0,0.0,0.07549830042857789,1.3058700155831338,0.0,1.3877787807814457e-17
1019,0.0,0.9172553032255989,-1.0003140155301822,0.0,0.0,0.0,0.0,-0.7427693564181556,-0.03507348038813234,0.0,0.0,0.0,0.0,0.0,0,0,-0.1764984070108064,-0.012763787825006036,-0.08012635169232224,0.049658817808775256,0.0,0.0,0.1,0.0,0.0,0.0,0.003188736688797677,1.3058700155831338,0.0,1.3877787807814457e-17
1010,0.0,-1.2332365291288794,0.1255849320564922,0.0,0.0,0.0,0.0,-0.348656943820927,-0.030779254463093892,0.0,0.0,0.0,0.0,0.0,0,0,-0.38755252407659446,-0.8322734034215408,-0.015958859115354215,0.05048294634638844,0.0,0.0,0.1,0.0,0.0,0.0,-0.8353085919084056,0.8038270562403526,0.0,1.3877787807814457e-17
1019,0.0,0.943247506021809,-1.0139648653607611,0.0,0.0,0.0,0.0,-0.7427693564181556,-0.03507348038813234,0.0,0.0,0.0,0.0,0.0,0,0,-0.1764984070108064,0.003881884481792854,-0.08012635169232224,0.049658817808775256,0.0,0.0,0.1,0.0,0.0,0.0,0.021060885713077796,1.3058700155831338,0.0,1.3877787807814457e-17
1012,0.0,-0.4906855592122405,-1.4846891816390793,0.0,0.0,0.0,0.0,-0.25707889404373635,-0.726409349013264,0.0,0.0,0.0,0.0,0.0,0,0,-0.2829357088041328,-1.54580698618663,-0.0010485603237803704,-0.08301925464359837,0.0,0.0,0.1,0.0,0.0,0.0,-1.5436190226153084,-1.5673194654877007,0.0,1.3877787807814457e-17
1012,0.0,-0.4909507895076123,-1.5410832345305514,0.0,0.0,0.0,0.0,-0.25707889404373635,-0.726409349013264,0.0,0.0,0.0,0.0,0.0,0,0,-0.2829357088041328,-1.578266118323938,-0.0010485603237803704,-0.08301925464359837,0.0,0.0,0.1,0.0,0.0,0.0,-1.5729316506432054,-1.5673194654877007,0.0,1.3877787807814457e-17
1014,0.0,0.4804580073305856,1.0688388520218794,0.0,0.0,0.0,0.0,-0.4835139837816178,0.26345306356022014,0.0,0.0,0.0,0.0,0.0,0,0,-0.12763006124973528,1.079518084323052,-0.037915635491930395,0.10695069028995995,0.0,0.0,0.1,0.0,0.0,0.0,1.0627613285439834,0.8404306952350262,0.0,1.3877787807814457e-17
1018,0.0,0.8688022522058777,0.5756280152687998,0.0,0.0,0.0,0.0,0.04610925683450478,-0.36762915213396563,0.0,0.0,0.0,0.0,0.0,0,0,-0.37711105793103283,0.9680769002514196,0.04831508009722525,-0.014163771923313855,0.0,0.0,0.1,0.0,0.0,0.0,0.9500888201915118,-0.6297637648479039,0.0,1.3877787807814457e-17
1014,0.0,0.36280512580810126,1.3460525797913458,0.0,0.0,0.0,0.0,-0.4835139837816178,0.26345306356022014,0.0,0.0,0.0,0.0,0.0,0,0,-0.12763006124973528,1.2373728080491275,-0.037915635491930395,0.10695069028995995,0.0,0.0,0.1,0.0,0.0,0.0,1.2241499468783479,0.8404306952350262,0.0,1.3877787807814457e-17
1010,0.0,-1.2133101407331646,0.07011692760371908,0.0,0.0,0.0,0.0,-0.348656943820927,-0.030779254463093892,0.0,0.0,0.0,0.0,0.0,0,0,-0.38755252407659446,-0.8724409860759829,-0.015958859115354215,0.05048294634638844,0.0,0.0,0.1,0.0,0.0,0.0,-0.8775462500817649,0.8038270562403526,0.0,1.3877787807814457e-17
1018,0.0,0.9009299778545985,0.5694511154136445,0.0,0.0,0.0,0.0,0.04610925683450478,-0.36762915213396563,0.0,0.0,0.0,0.0,0.0,0,0,-0.37711105793103283,0.9879548894962645,0.04831508009722525,-0.014163771923313855,0.0,0.0,0.1,0.0,0.0,0.0,0.9701619553890763,-0.6297637648479039,0.0,1.3877787807814457e-17
1011,0.0,1.1169474383491123,0.08089311594738131,0.0,0.0,0.0,0.0,-0.5838468546778262,0.2816942532072795,0.0,0.0,0.0,0.0,0.0,0,0,-0.08020106409414571,0.8121434840247749,-0.05425135226377963,0.11045145741552422,0.0,0.0,0.1,0.0,0.0,0.0,0.800864342894697,0.9275352320354089,0.0,1.3877787807814457e-17
1017,0.0,-1.008435911340236,1.2813258177515734,0.0,0.0,0.0,0.0,-0.12098974932658674,0.06328515003843688,0.0,0.0,0.0,0.0,0.0,0,0,-0.3052015650630588,0.3941598515826369,0.021108821439191735,0.0685353640525077,0.0,0.0,0.1,0.0,0.0,0.0,0.4112605280598846,0.3480469743403168,0.0,1.3877787807814457e-17
1011,0.0,1.315505778044665,-0.2545220803717085,0.0,0.0,0.0,0.0,-0.5838468546778262,0.2816942532072795,0.0,0.0,0.0,0.0,0.0,0,0,-0.08020106409414571,0.7652157410908604,-0.05425135226377963,0.11045145741552422,0.0,0.0,0.1,0.0,0.0,0.0,0.7636961086983084,0.9275352320354089,0.0,1.3877787807814457e-17
1015,0.0,0.04768722299734685,1.2153823017250802,0.0,0.0,0.0,0.0,0.05074245618297555,0.014061442605098786,0.0,0.0,0.0,0.0,0.0,0,0,-0.2668569368128927,0.9222676697984992,0.04906943539104089,0.05908857137531003,0.0,0.0,0.1,0.0,0.0,0.0,0.9111724695839095,0.06671904895412524,0.0,1.3877787807814457e-17
1014,0.0,0.5250849623908365,0.9636888173507024,0.0,0.0,0.0,0.0,-0.4835139837816178,0.26345306356022014,0.0,0.0,0.0,0.0,0.0,0,0,-0.12763006124973528,1.023159600738773,-0.03791563549192624,0.10695069028995995,0.0,0.0,0.1,0.0,0.0,0.0,1.0054808436590081,0.8404306952350262,0.0,1.3877787807814457e-17
1020,0.0,0.25589270058402974,0.2292781562227154,0.0,0.0,0.0,0.0,-0.10981327357112743,-0.030220057499020816,0.0,0.0,0.0,0.0,0.0,0,0,-0.3709485125574588,0.24254227787587723,0.022928521611408424,0.050590264914225636,0.0,0.0,0.1,0.0,0.0,0.0,0.2225899977805923,0.25567540171521996,0.0,1.3877787807814457e-17
1013,0.0,-1.3697506811804072,0.6367986146262343,0.0,0.0,0.0,0.0,-0.0036215012208375887,-0.48953003302027437,0.0,0.0,0.0,0.0,0.0,0,0,-0.37305590036753267,-0.41395979297722474,0.04021815661457411,-0.03755844105629058,0.0,0.0,0.1,0.0,0.0,0.0,-0.3977256430060005,-0.9254327436070724,0.0,1.3877787807814457e-17
1011,0.0,1.2454263640344698,-0.13614024637673564,0.0,0.0,0.0,0.0,-0.5838468546778262,0.2816942532072795,0.0,0.0,0.0,0.0,0.0,0,0,-0.08020106409414571,0.7784102703586149,-0.05425135226377963,0.11045145741552422,0.0,0.0,0.1,0.0,0.0,0.0,0.7729708572025439,0.9275352320354089,0.0,1.3877787807814457e-17
1013,0.0,-1.4949354745234509,0.7228927448554414,0.0,0.0,0.0,0.0,-0.0036215012208375887,-0.48953003302027437,0.0,0.0,0.0,0.0,0.0,0,0,-0.37305590036753267,-0.3876432745565566,0.04021815661457411,-0.03755844105629058,0.0,0.0,0.1,0.0,0.0,0.0,-0.36287107128262097,-0.9254327436070724,0.0,1.3877787807814457e-17
1003,0.0,1.4103838860170619,-1.5587434402642548,0.0,0.0,0.0,0.0,0.22588786622319132,-0.7877906860936554,0.0,0.0,0.0,0.0,0.0,0,0,-0.07646728083136105,0.20185163195137,0.07758577093242086,-0.09479928495588642,0.0,0.0,0.1,0.0,0.0,0.0,0.2609781167249371,-1.0324945715389033,0.0,1.3877787807814457e-17
1007,0.0,0.7314818139351702,-0.2438037113793698,0.0,0.0,0.0,0.0,-0.5005697458507011,-0.118442118971904,0.0,0.0,0.0,0.0,0.0,0,0,-0.37478512800732083,0.2763614991533796,-0.04069257286050919,0.03365908342168182,0.0,0.0,0.1,0.0,0.0,0.0,0.2651697858478483,1.2056977255465744,0.0,1.3877787807814457e-17
1014,0.0,0.48857199915972244,1.0497206638998473,0.0,0.0,0.0,0.0,-0.4835139837816178,0.26345306356022014,0.0,0.0,0.0,0.0,0.0,0,0,-0.12763006124973528,1.0691234907699652,-0.037915635491930395,0.10695069028995995,0.0,0.0,0.1,0.0,0.0,0.0,1.0521809228727086,0.8404306952350262,0.0,1.3877787807814457e-17
1008,0.0,-0.5873833494905879,0.687286125482387,0.0,0.0,0.0,0.0,-0.5101376093000115,-0.8174953541279748,0.0,0.0,0.0,0.0,0.0,0,0,-0.16225034107473044,0.06001624853829645,-0.04225036649308175,-0.10050007132687012,0.0,0.0,0.1,0.0,0.0,0.0,0.05153046978797793,-1.8767507896211857,0.0,1.3877787807814457e-17
1019,0.0,1.1425210607927523,-1.1186213807285332,0.0,0.0,0.0,0.0,-0.7427693564181556,-0.03507348038813234,0.0,0.0,0.0,0.0,0.0,0,0,-0.1764984070108064,0.13564552283675568,-0.08012635169232224,0.049658817808775256,0.0,0.0,0.1,0.0,0.0,0.0,0.1625448400090467,1.3058700155831338,0.0,1.3877787807814457e-17
1004,0.0,-0.21018329817300935,-0.2325928103868023,0.0,0.0,0.0,0.0,0.2662764594791637,-0.3417027274231282,0.0,0.0,0.0,0.0,0.0,0,0,-0.20597041990931245,-0.4610584526752856,-7.978344092864394,-0.26981588888148006,0.0,0.0,0.1,0.0,0.0,0.0,-0.4822097589747726,-0.5375987868886124,0.0,1.3877787807814457e-17
1016,0.0,-1.1071719433554448,0.43715413853834073,0.0,0.0,0.0,0.0,-0.6280317167320081,-0.20536489127722135,0.0,0.0,0.0,0.0,0.0,0,0,-0.3143000422793832,-0.47013445416044924,-0.06144531956156459,0.016977255666063517,0.0,0.0,0.1,0.0,0.0,0.0,-0.4697246619397825,1.473816941149744,0.0,1.3877787807814457e-17
1013,0.0,-1.3786924521334818,0.642948195356892,0.0,0.0,0.0,0.0,-0.0036215012208375887,-0.48953003302027437,0.0,0.0,0.0,0.0,0.0,0,0,-0.37305590036753267,-0.41225175752990395,0.04021815661457411,-0.03755844105629058,0.0,0.0,0.1,0.0,0.0,0.0,-0.3954323922218433,-0.9254327436070724,0.0,1.3877787807814457e-17
1008,0.0,-0.6009736746621929,0.6615535114462591,0.0,0.0,0.0,0.0,-0.5101376093000115,-0.8174953541279748,0.0,0.0,0.0,0.0,0.0,0,0,-0.16225034107473044,0.028553779731715315,-0.04225036649308175,-0.10050007132687012,0.0,0.0,0.1,0.0,0.0,0.0,0.01988566599056186,-1.8767507896211857,0.0,1.3877787807814457e-17
1017,0.0,-0.9488057924464883,1.4363405180308368,0.0,0.0,0.0,0.0,-0.12098974932658674,0.06328515003843688,0.0,0.0,0.0,0.0,0.0,0,0,-0.3052015650630588,0.5753636158409331,0.021108821439191735,0.0685353640525077,0.0,0.0,0.1,0.0,0.0,0.0,0.5937327423304702,0.3480469743403168,0.0,1.3877787807814457e-17
1008,0.0,-0.5103715068514925,0.8331042716871114,0.0,0.0,0.0,0.0,-0.5101376093000115,-0.8174953541279748,0.0,0.0,0.0,0.0,0.0,0,0,-0.16225034107473044,0.23839263626528112,-0.04225036649308175,-0.10050007132687012,0.0,0.0,0.1,0.0,0.0,0.0,0.23092289162664523,-1.8767507896211857,0.0,1.3877787807814457e-17
1017,0.0,-0.9917394780499865,1.3247299338297671,0.0,0.0,0.0,0.0,-0.12098974932658674,0.06328515003843688,0.0,0.0,0.0,0.0,0.0,0,0,-0.3052015650630588,0.44488526250103555,0.021108821439191735,0.0685353640525077,0.0,0.0,0.1,0.0,0.0,0.0,0.4623462493855241,0.3480469743403168,0.0,1.3877787807814457e-17
1006,0.0,0.899779606394903,-1.0513630519034438,0.0,0.0,0.0,0.0,-0.2986957053534649,-0.968502995578523,0.0,0.0,0.0,0.0,0.0,0,0,-0.08646173066417893,-0.055285157866275816,-0.007824409917548562,-0.1294807791166789,0.0,0.0,0.1,0.0,0.0,0.0,-0.03739715022572498,-1.6085288232897497,0.0,1.3877787807814457e-17
1018,0.0,0.9705400500934936,0.5560678323941364,0.0,0.0,0.0,0.0,0.04610925683450478,-0.36762915213396563,0.0,0.0,0.0,0.0,0.0,0,0,-0.37711105793103283,1.0314351413615266,0.04831508009722525,-0.014163771923318684,0.0,0.0,0.1,0.0,0.0,0.0,1.014115601115256,-0.6297637648479039,0.0,1.3877787807814457e-17
1004,0.0,0.6506915286639211,-0.16137090643205934,0.0,0.0,0.0,0.0,0.2662764594791637,-0.3417027274231282,0.0,0.0,0.0,0.0,0.0,0,0,-0.20597041990931245,0.26546224817137004,1.25373133744232,5.64057149597938,0.0,0.0,0.1,0.0,0.0,0.0,0.2517642165455503,-0.5375987868886124,0.0,1.3877787807814457e-17
1002,0.0,0.7715297745853559,1.4112139497147262,0.0,0.0,0.0,0.0,3.95358909858811,3.8445085417700806,0.0,0.0,0.0,0.0,0.0,0,0,4.114911420667305,1.5643013598012014,-0.017902027318934047,0.05663671972577574,0.0,0.0,0.1,0.0,0.0,0.0,1.548626154415941,0.046291580061113245,0.0,1.3877787807814457e-17
1008,0.0,-0.628154325005403,0.6100882833740034,0.0,0.0,0.0,0.0,-0.5101376093000115,-0.8174953541279748,0.0,0.0,0.0,0.0,0.0,0,0,-0.16225034107473044,-0.034356278229211126,-0.04225036649308175,-0.10050007132687012,0.0,0.0,0.1,0.0,0.0,0.0,-0.043391838595840164,-1.8767507896211857,0.0,1.3877787807814457e-17
1008,0.0,-0.6462747585675431,0.575778131325833,0.0,0.0,0.0,0.0,-0.5101376093000115,-0.8174953541279748,0.0,0.0,0.0,0.0,0.0,0,0,-0.16225034107473044,-0.07628500671107656,-0.04225036649308175,-0.10050007132687012,0.0,0.0,0.1,0.0,0.0,0.0,-0.08556760349069285,-1.8767507896211857,0.0,1.3877787807814457e-17
1012,0.0,-0.49174648039372765,-1.7102653932049683,0.0,0.0,0.0,0.0,-0.25707889404373635,-0.726409349013264,0.0,0.0,0.0,0.0,0.0,0,0,-0.2829357088041328,-1.6708718629861363,-0.0010485603237803704,-0.08301925464359837,0.0,0.0,0.1,0.0,0.0,0.0,-1.6545541898784208,-1.5673194654877007,0.0,1.3877787807814457e-17
1010,0.0,-1.2415391909604274,0.14869660057848103,0.0,0.0,0.0,0.0,-0.348656943820927,-0.030779254463093892,0.0,0.0,0.0,0.0,0.0,0,0,-0.38755252407659446,-0.815364519875782,-0.015958859115354215,0.05048294634638844,0.0,0.0,0.1,0.0,0.0,0.0,-0.8175171571284416,0.8038270562403526,0.0,1.3877787807814457e-17
1002,0.0,0.6872619339735067,1.6434290128100855,0.0,0.0,0.0,0.0,3.95358909858811,3.8445085417700806,0.0,0.0,0.0,0.0,0.0,0,0,4.114911420667305,1.7055188193199347,-0.017902027318934047,0.05663671972577574,0.0,0.0,0.1,0.0,0.0,0.0,1.6924399356743447,0.046291580061113245,0.0,1.3877787807814457e-17
1013,0.0,-1.3071582845088854,0.5937515495116308,0.0,0.0,0.0,0.0,-0.0036215012208375887,-0.48953003302027437,0.0,0.0,0.0,0.0,0.0,0,0,-0.37305590036753267,-0.4251707606714525,0.04021815661457411,-0.03755844105629058,0.0,0.0,0.1,0.0,0.0,0.0,-0.41292258484409344,-0.9254327436070724,0.0,1.3877787807814457e-17
1010,0.0,-1.2946762266823337,0.2966112791192093,0.0,0.0,0.0,0.0,-0.348656943820927,-0.030779254463093892,0.0,0.0,0.0,0.0,0.0,0,0,-0.38755252407659446,-0.704833680651455,-0.015958859115354215,0.05048294634638844,0.0,0.0,0.1,0.0,0.0,0.0,-0.7010927863630146,0.8038270562403526,0.0,1.3877787807814457e-17
1009,0.0,-1.1709910033517523,-1.115548573434512,0.0,0.0,0.0,0.0,0.15582487553334337,-0.06801076509945729,0.0,0.0,0.0,0.0,0.0,0,0,-0.24253565424242074,-1.8580140104148943,0.06617845086000028,0.0433376421752801,0.0,0.0,0.1,0.0,0.0,0.0,-1.8816035452080724,-0.12735355635840823,0.0,1.3877787807814457e-17
1017,0.0,-0.9607318162252378,1.4053375779749842,0.0,0.0,0.0,0.0,-0.12098974932658674,0.06328515003843688,0.0,0.0,0.0,0.0,0.0,0,0,-0.3052015650630588,0.5391137718475107,0.021108821439191735,0.0685353640525077,0.0,0.0,0.1,0.0,0.0,0.0,0.557233236911144,0.3480469743403168,0.0,1.3877787807814457e-17
1006,0.0,0.8789166747436488,-1.3513657545469167,0.0,0.0,0.0,0.0,-0.2986957053534649,-0.968502995578523,0.0,0.0,0.0,0.0,0.0,0,0,-0.08646173066417893,-0.22112878284018803,-0.007824409917548562,-0.12948077911668132,0.0,0.0,0.1,0.0,0.0,0.0,-0.18788171485607022,-1.6085288232897497,0.0,1.3877787807814457e-17
1013,0.0,-1.4546975052346154,0.695219631567482,0.0,0.0,0.0,0.0,-0.0036215012208375887,-0.48953003302027437,0.0,0.0,0.0,0.0,0.0,0,0,-0.37305590036753267,-0.3966650150647686,0.04021815661457411,-0.03755844105629058,0.0,0.0,0.1,0.0,0.0,0.0,-0.3747168451079667,-0.9254327436070724,0.0,1.3877787807814457e-17
1020,0.0,0.2920661133974361,0.2941221824504971,0.0,0.0,0.0,0.0,-0.10981327357112743,-0.030220057499020816,0.0,0.0,0.0,0.0,0.0,0,0,-0.3709485125574588,0.3196642908676013,0.022928521611408424,0.050590264914225636,0.0,0.0,0.1,0.0,0.0,0.0,0.2998063121285754,0.25567540171521996,0.0,1.3877787807814457e-17
1013,0.0,-1.31610005546196,0.5999011302422884,0.0,0.0,0.0,0.0,-0.0036215012208375887,-0.48953003302027437,0.0,0.0,0.0,0.0,0.0,0,0,-0.37305590036753267,-0.4236492308523368,0.04021815661457411,-0.03755844105629058,0.0,0.0,0.1,0.0,0.0,0.0,-0.41084362338786573,-0.9254327436070724,0.0,1.3877787807814457e-17
1007,0.0,0.831763737414044,-0.3162879187140136,0.0,0.0,0.0,0.0,-0.5005697458507011,-0.118442118971904,0.0,0.0,0.0,0.0,0.0,0,0,-0.37478512800732083,0.3128470718714793,-0.04069257286050919,0.03365908342168182,0.0,0.0,0.1,0.0,0.0,0.0,0.30466207780523163,1.2056977255465744,0.0,1.3877787807814457e-17
1014,0.0,0.33846315032069074,1.4034071441574423,0.0,0.0,0.0,0.0,-0.4835139837816178,0.26345306356022014,0.0,0.0,0.0,0.0,0.0,0,0,-0.12763006124973528,1.271647353140832,-0.037915635491930395,0.10695069028995995,0.0,0.0,0.1,0.0,0.0,0.0,1.2593372828756495,0.8404306952350262,0.0,1.3877787807814457e-17
1016,0.0,-1.3059259586128575,0.4879458917906749,0.0,0.0,0.0,0.0,-0.6280317167320081,-0.20536489127722135,0.0,0.0,0.0,0.0,0.0,0,0,-0.3143000422793832,-0.5271438388097522,-0.06144531956156459,0.016977255666063517,0.0,0.0,0.1,0.0,0.0,0.0,-0.5177906192753013,1.473816941149744,0.0,1.3877787807814457e-17
1018,0.0,0.9491215663276797,0.5601857656309083,0.0,0.0,0.0,0.0,0.04610925683450478,-0.36762915213396563,0.0,0.0,0.0,0.0,0.0,0,0,-0.37711105793103283,1.0179971350058556,0.04831508009722525,-0.014163771923318684,0.0,0.0,0.1,0.0,0.0,0.0,1.0005246970052604,-0.6297637648479039,0.0,1.3877787807814457e-17
1015,0.0,-0.06648882669677625,1.1025137946803347,0.0,0.0,0.0,0.0,0.05074245618297555,0.014061442605098786,0.0,0.0,0.0,0.0,0.0,0,0,-0.2668569368128927,0.7509233588272353,0.04906943539104089,0.05908857137531003,0.0,0.0,0.1,0.0,0.0,0.0,0.7398849945227159,0.06671904895412524,0.0,1.3877787807814457e-17
1006,0.0,0.9028704110839776,-1.0069182070673737,0.0,0.0,0.0,0.0,-0.2986957053534649,-0.968502995578523,0.0,0.0,0.0,0.0,0.0,0,0,-0.08646173066417893,-0.02935478794894919,-0.007824409917548562,-0.1294807791166789,0.0,0.0,0.1,0.0,0.0,0.0,-0.01344029582944366,-1.6085288232897497,0.0,1.3877787807814457e-17
1005,0.0,-1.6662764200280156,-0.6801195192290982,0.0,0.0,0.0,0.0,-0.47277993119015277,0.27725713780520794,0.0,0.0,0.0,0.0,0.0,0,0,-0.12026568763673161,-1.8256122829446606,-0.03616796853710098,0.10959990617174908,0.0,0.0,0.1,0.0,0.0,0.0,-1.8351015666732033,0.8240265959449813,0.0,1.3877787807814457e-17
1002,0.0,0.7640392998643026,1.4318552886565359,0.0,0.0,0.0,0.0,3.95358909858811,3.8445085417700806,0.0,0.0,0.0,0.0,0.0,0,0,4.114911420667305,1.5765338507647177,-0.017902027318934047,0.05663671972577574,0.0,0.0,0.1,0.0,0.0,0.0,1.5610551895138283,0.046291580061113245,0.0,1.3877787807814457e-17
1005,0.0,-1.5696202323787223,-0.9248871427876851,0.0,0.0,0.0,0.0,-0.47277993119015277,0.27725713780520794,0.0,0.0,0.0,0.0,0.0,0,0,-0.12026568763673161,-1.9830786057435354,-0.03616796853710098,0.10959990617174908,0.0,0.0,0.1,0.0,0.0,0.0,-2.002113374007844,0.8240265959449813,0.0,1.3877787807814457e-17
1009,0.0,-1.1125565123411525,-1.0835673982135794,0.0,0.0,0.0,0.0,0.15582487553334337,-0.06801076509945729,0.0,0.0,0.0,0.0,0.0,0,0,-0.24253565424242074,-1.789611836402969,0.06617845086000028,0.0433376421752801,0.0,0.0,0.1,0.0,0.0,0.0,-1.8129511515398395,-0.12735355635840823,0.0,1.3877787807814457e-17
1002,0.0,0.6760262218919267,1.6743910212228,0.0,0.0,0.0,0.0,3.95358909858811,3.8445085417700806,0.0,0.0,0.0,0.0,0.0,0,0,4.114911420667305,1.7249326070871518,-0.017902027318934047,0.05663671972577574,0.0,0.0,0.1,0.0,0.0,0.0,1.7122605695145015,0.046291580061113245,0.0,1.3877787807814457e-17
1018,0.0,0.8741568731473311,0.5745985319596073,0.0,0.0,0.0,0.0,0.04610925683450478,-0.36762915213396563,0.0,0.0,0.0,0.0,0.0,0,0,-0.37711105793103283,0.9713814934695164,0.04831508009722525,-0.014163771923313855,0.0,0.0,0.1,0.0,0.0,0.0,0.9534248914866449,-0.6297637648479039,0.0,1.3877787807814457e-17
1009,0.0,-0.8934271710514031,-0.9636379911350813,0.0,0.0,0.0,0.0,0.15582487553334337,-0.06801076509945729,0.0,0.0,0.0,0.0,0.0,0,0,-0.24253565424242074,-1.532528398483649,0.06617845086000028,0.0433376421752801,0.0,0.0,0.1,0.0,0.0,0.0,-1.5548391627158031,-0.12735355635840823,0.0,1.3877787807814457e-17
1010,0.0,-1.2398786585941177,0.14407426687408326,0.0,0.0,0.0,0.0,-0.348656943820927,-0.030779254463093892,0.0,0.0,0.0,0.0,0.0,0,0,-0.38755252407659446,-0.8187543112841617,-0.015958859115354215,0.05048294634638844,0.0,0.0,0.1,0.0,0.0,0.0,-0.8210843624260303,0.8038270562403526,0.0,1.3877787807814457e-17
1005,0.0,-1.63148019247427,-0.7682358637101895,0.0,0.0,0.0,0.0,-0.47277993119015277,0.27725713780520794,0.0,0.0,0.0,0.0,0.0,0,0,-0.12026568763673161,-1.884303587580597,-0.03616796853710098,0.10959990617174908,0.0,0.0,0.1,0.0,0.0,0.0,-1.8976414583878867,0.8240265959449813,0.0,1.3877787807814457e-17
1002,0.0,0.6910071713340332,1.6331083433391806,0.0,0.0,0.0,0.0,3.95358909858811,3.8445085417700806,0.0,0.0,0.0,0.0,0.0,0,0,4.114911420667305,1.6990775349025873,-0.017902027318934047,0.05663671972577574,0.0,0.0,0.1,0.0,0.0,0.0,1.6858660562634848,0.046291580061113245,0.0,1.3877787807814457e-17
1009,0.0,-0.9299487279330281,-0.9836262256481643,0.0,0.0,0.0,0.0,0.15582487553334337,-0.06801076509945729,0.0,0.0,0.0,0.0,0.0,0,0,-0.24253565424242074,-1.5754339161934647,0.06617845086000028,0.0433376421752801,0.0,0.0,0.1,0.0,0.0,0.0,-1.5979238750589586,-0.12735355635840823,0.0,1.3877787807814457e-17
1016,0.0,-1.1204222110392723,0.4405402554218297,0.0,0.0,0.0,0.0,-0.6280317167320081,-0.20536489127722135,0.0,0.0,0.0,0.0,0.0,0,0,-0.3143000422793832,-0.4742080922713229,-0.06144531956156459,0.016977255666063517,0.0,0.0,0.1,0.0,0.0,0.0,-0.473256887162031,1.473816941149744,0.0,1.3877787807814457e-17
1010,0.0,-1.3062999532465007,0.32896761504999367,0.0,0.0,0.0,0.0,-0.348656943820927,-0.030779254463093892,0.0,0.0,0.0,0.0,0.0,0,0,-0.38755252407659446,-0.6801391172960164,-0.015958859115354215,0.05048294634638844,0.0,0.0,0.1,0.0,0.0,0.0,-0.6750590254486419,0.8038270562403526,0.0,1.3877787807814457e-17
1005,0.0,-1.500027777271231,-1.1011198317498678,0.0,0.0,0.0,0.0,-0.47277993119015277,0.27725713780520794,0.0,0.0,0.0,0.0,0.0,0,0,-0.12026568763673161,-2.0849876046897524,-0.03616796853710098,0.10959990617174908,0.0,0.0,0.1,0.0,0.0,0.0,-2.1082287260229853,0.8240265959449813,0.0,1.3877787807814457e-17
1013,0.0,-1.351867139274258,0.6244994531649191,0.0,0.0,0.0,0.0,-0.0036215012208375887,-0.48953003302027437,0.0,0.0,0.0,0.0,0.0,0,0,-0.37305590036753267,-0.4172961469185119,0.04021815661457411,-0.03755844105629058,0.0,0.0,0.1,0.0,0.0,0.0,-0.40222069304724756,-0.9254327436070724,0.0,1.3877787807814457e-17
1014,0.0,0.57782590928022,0.8394205945574933,0.0,0.0,0.0,0.0,-0.4835139837816178,0.26345306356022014,0.0,0.0,0.0,0.0,0.0,0,0,-0.12763006124973528,0.9591580574118101,-0.0007448001076066817,-0.002388316827598502,0.0,0.0,0.1,0.0,0.0,0.0,0.940717854037473,0.8404306952350262,0.0,1.3877787807814457e-17
1009,0.0,-1.0906435782121775,-1.0715744575057295,0.0,0.0,0.0,0.0,0.15582487553334337,-0.06801076509945729,0.0,0.0,0.0,0.0,0.0,0,0,-0.24253565424242074,-1.7639432762807277,0.06617845086000028,0.0433376421752801,0.0,0.0,0.1,0.0,0.0,0.0,-1.7871856433295552,-0.12735355635840823,0.0,1.3877787807814457e-17
1007,0.0,0.8012431520074302,-0.29422750778607853,0.0,0.0,0.0,0.0,-0.5005697458507011,-0.118442118971904,0.0,0.0,0.0,0.0,0.0,0,0,-0.37478512800732083,0.3014410823563002,-0.04069257286050919,0.03365908342168182,0.0,0.0,0.1,0.0,0.0,0.0,0.29230067735073334,1.2056977255465744,0.0,1.3877787807814457e-17
1013,0.0,-1.4144595359457799,0.6675465182795226,0.0,0.0,0.0,0.0,-0.0036215012208375887,-0.48953003302027437,0.0,0.0,0.0,0.0,0.0,0,0,-0.37305590036753267,-0.40515454811917334,0.04021815661457411,-0.03755844105629058,0.0,0.0,0.1,0.0,0.0,0.0,-0.38595572285991137,-0.9254327436070724,0.0,1.3877787807814457e-17
1012,0.0,-0.490652405425319,-1.4776399250276453,0.0,0.0,0.0,0.0,-0.25707889404373635,-0.726409349013264,0.0,0.0,0.0,0.0,0.0,0,0,-0.2829357088041328,-1.5416956395711614,-0.0010485603237803704,-0.08301925464359837,0.0,0.0,0.1,0.0,0.0,0.0,-1.539883795874189,-1.5673194654877007,0.0,1.3877787807814457e-17
1013,0.0,-1.2937456280792734,0.5845271784156443,0.0,0.0,0.0,0.0,-0.0036215012208375887,-0.48953003302027437,0.0,0.0,0.0,0.0,0.0,0,0,-0.37305590036753267,-0.427402896585736,0.04021815661457411,-0.03755844105629058,0.0,0.0,0.1,0.0,0.0,0.0,-0.41598326047759604,-0.9254327436070724,0.0,1.3877787807814457e-17
1004,0.0,0.6714538578704946,-0.5323919751402327,0.0,0.0,0.0,0.0,0.2662764594791637,-0.3417027274231282,0.0,0.0,0.0,0.0,0.0,0,0,-0.20597041990931245,0.03936501801711693,-1.5367364337931477,3.917117099464756,0.0,0.0,0.1,0.0,0.0,0.0,0.03353841277356395,-0.5375987868886124,0.0,1.3877787807814457e-17
1012,0.0,-0.49061925163839754,-1.470590668416211,0.0,0.0,0.0,0.0,-0.25707889404373635,-0.726409349013264,0.0,0.0,0.0,0.0,0.0,0,0,-0.2829357088041328,-1.5375724336600356,-0.0010485603237803704,-0.08301925464359837,0.0,0.0,0.1,0.0,0.0,0.0,-1.5361329504689711,-1.5673194654877007,0.0,1.3877787807814457e-17
1019,0.0,0.9779037764167556,-1.0321659984682,0.0,0.0,0.0,0.0,-0.7427693564181556,-0.03507348038813234,0.0,0.0,0.0,0.0,0.0,0,0,-0.1764984070108064,0.026274202690668963,-0.08012635169232224,0.049658817808775256,0.0,0.0,0.1,0.0,0.0,0.0,0.04510464347961676,1.3058700155831338,0.0,1.3877787807814457e-17
1017,0.0,-0.9058721068429901,1.5479511022319066,0.0,0.0,0.0,0.0,-0.12098974932658674,0.06328515003843688,0.0,0.0,0.0,0.0,0.0,0,0,-0.3052015650630588,0.7058987344048158,0.021108821439191735,0.0685353640525077,0.0,0.0,0.1,0.0,0.0,0.0,0.7251506827081159,0.3480469743403168,0.0,1.3877787807814457e-17
1015,0.0,0.031376358755329264,1.1992582292901166,0.0,0.0,0.0,0.0,0.05074245618297555,0.014061442605098786,0.0,0.0,0.0,0.0,0.0,0,0,-0.2668569368128927,0.8977864953175865,0.04906943539104089,0.05908857137531003,0.0,0.0,0.1,0.0,0.0,0.0,0.8866975170029396,0.06671904895412524,0.0,1.3877787807814457e-17
1015,0.0,0.0966198157233996,1.2637545190299713,0.0,0.0,0.0,0.0,0.05074245618297555,0.014061442605098786,0.0,0.0,0.0,0.0,0.0,0,0,-0.2668569368128927,0.9957177586878772,0.04906943539104089,0.05908857137531003,0.0,0.0,0.1,0.0,0.0,0.0,0.9846074872329111,0.06671904895412524,0.0,1.3877787807814457e-17
1008,0.0,-0.5194317236325625,0.8159491956630261,0.0,0.0,0.0,0.0,-0.5101376093000115,-0.8174953541279748,0.0,0.0,0.0,0.0,0.0,0,0,-0.16225034107473044,0.21739958977824916,-0.04225036649308175,-0.10050007132687012,0.0,0.0,0.1,0.0,0.0,0.0,0.20981181063506044,-1.8767507896211857,0.0,1.3877787807814457e-17
1020,0.0,0.2533088853830721,0.22464644006358814,0.0,0.0,0.0,0.0,-0.10981327357112743,-0.030220057499020816,0.0,0.0,0.0,0.0,0.0,0,0,-0.3709485125574588,0.23703805527112953,0.022928521611408424,0.050590264914225636,0.0,0.0,0.1,0.0,0.0,0.0,0.21707979276432937,0.25567540171521996,0.0,1.3877787807814457e-17
1016,0.0,-0.9680441326752559,0.40159991126170685,0.0,0.0,0.0,0.0,-0.6280317167320081,-0.20536489127722135,0.0,0.0,0.0,0.0,0.0,0,0,-0.3143000422793832,-0.4250563872067903,-0.06144531956156459,0.016977255666063517,0.0,0.0,0.1,0.0,0.0,0.0,-0.42986931269813977,1.473816941149744,0.0,1.3877787807814457e-17
1014,0.0,0.5656549215365161,0.8680978767405416,0.0,0.0,0.0,0.0,-0.4835139837816178,0.26345306356022014,0.0,0.0,0.0,0.0,0.0,0,0,-0.12763006124973528,0.9736730834675532,-0.03791563549192624,0.10695069028995995,0.0,0.0,0.1,0.0,0.0,0.0,0.9553758331149389,0.8404306952350262,0.0,1.3877787807814457e-17
1019,0.0,1.099200722799069,-1.0958699643442351,0.0,0.0,0.0,0.0,-0.7427693564181556,-0.03507348038813234,0.0,0.0,0.0,0.0,0.0,0,0,-0.1764984070108064,0.10639099900906175,-0.08012635169232224,0.049658817808775256,0.0,0.0,0.1,0.0,0.0,0.0,0.13113389825175775,1.3058700155831338,0.0,1.3877787807814457e-17
1010,0.0,-1.223273334931022,0.09785092983010565,0.0,0.0,0.0,0.0,-0.348656943820927,-0.030779254463093892,0.0,0.0,0.0,0.0,0.0,0,0,-0.38755252407659446,-0.8524308152547277,-0.015958859115354215,0.05048294634638844,0.0,0.0,0.1,0.0,0.0,0.0,-0.856509760987318,0.8038270562403526,0.0,1.3877787807814457e-17
1007,0.0,0.936405744522434,-0.3919236133240767,0.0,0.0,0.0,0.0,-0.5005697458507011,-0.118442118971904,0.0,0.0,0.0,0.0,0.0,0,0,-0.37478512800732083,0.35392999370970935,-0.04069257286050919,0.03365908342168182,0.0,0.0,0.1,0.0,0.0,0.0,0.3492774743024955,1.2056977255465744,0.0,1.3877787807814457e-17
1012,0.0,-0.4920780182629424,-1.7807579593193086,0.0,0.0,0.0,0.0,-0.25707889404373635,-0.726409349013264,0.0,0.0,0.0,0.0,0.0,0,0,-0.2829357088041328,-1.7072497177894634,-0.0010485603237803704,-0.08301925464359837,0.0,0.0,0.1,0.0,0.0,0.0,-1.6856304732737093,-1.5673194654877007,0.0,1.3877787807814457e-17
1009,0.0,-0.922644416556703,-0.9796285787455478,0.0,0.0,0.0,0.0,0.15582487553334337,-0.06801076509945729,0.0,0.0,0.0,0.0,0.0,0,0,-0.24253565424242074,-1.5668545658596522,0.06617845086000028,0.0433376421752801,0.0,0.0,0.1,0.0,0.0,0.0,-1.5893088883625166,-0.12735355635840823,0.0,1.3877787807814457e-17
1020,0.0,0.17837824455530174,0.09032667144889751,0.0,0.0,0.0,0.0,-0.10981327357112743,-0.030220057499020816,0.0,0.0,0.0,0.0,0.0,0,0,-0.3709485125574588,0.0776879247962103,0.022928521611408424,0.050590264914225636,0.0,0.0,0.1,0.0,0.0,0.0,0.05760398656095641,0.25567540171521996,0.0,1.3877787807814457e-17
1012,0.0,-0.4902214061953398,-1.3859995890790027,0.0,0.0,0.0,0.0,-0.25707889404373635,-0.726409349013264,0.0,0.0,0.0,0.0,0.0,0,0,-0.2829357088041328,-1.487183093115227,-0.0010485603237803704,-0.08301925464359837,0.0,0.0,0.1,0.0,0.0,0.0,-1.4899254331709453,-1.5673194654877007,0.0,1.3877787807814457e-17
1010,0.0,-1.304639420880191,0.32434528134559587,0.0,0.0,0.0,0.0,-0.348656943820927,-0.030779254463093892,0.0,0.0,0.0,0.0,0.0,0,0,-0.38755252407659446,-0.6836779243053399,-0.015958859115354215,0.05048294634638844,0.0,0.0,0.1,0.0,0.0,0.0,-0.6787901266815977,0.8038270562403526,0.0,1.3877787807814457e-17
1018,0.0,0.9437669453862263,0.5612152489401013,0.0,0.0,0.0,0.0,0.04610925683450478,-0.36762915213396563,0.0,0.0,0.0,0.0,0.0,0,0,-0.37711105793103283,1.014645857674978,0.04831508009722525,-0.014163771923318684,0.0,0.0,0.1,0.0,0.0,0.0,0.9971361907056597,-0.6297637648479039,0.0,1.3877787807814457e-17
1016,0.0,-1.0144200695686523,0.41345132035391813,0.0,0.0,0.0,0.0,-0.6280317167320081,-0.20536489127722135,0.0,0.0,0.0,0.0,0.0,0,0,-0.3143000422793832,-0.4405467841864132,-0.06144531956156459,0.016977255666063517,0.0,0.0,0.1,0.0,0.0,0.0,-0.4437117888303599,1.473816941149744,0.0,1.3877787807814457e-17
1004,0.0,0.6920353748562555,-0.45354167150914804,0.0,0.0,0.0,0.0,0.2662764594791637,-0.3417027274231282,0.0,0.0,0.0,0.0,0.0,0,0,-0.20597041990931245,0.106732018051142,-0.307495058886915,1.8463683048845734,0.0,0.0,0.1,0.0,0.0,0.0,0.09930967897032994,-0.5375987868886124,0.0,1.3877787807814457e-17
1018,0.0,0.8420291474986102,0.5807754318147627,0.0,0.0,0.0,0.0,0.04610925683450478,-0.36762915213396563,0.0,0.0,0.0,0.0,0.0,0,0,-0.37711105793103283,0.9516046578342667,0.04831508009722525,-0.014163771923313855,0.0,0.0,0.1,0.0,0.0,0.0,0.9334655480089445,-0.6297637648479039,0.0,1.3877787807814457e-17
1020,0.0,0.31015281980413933,0.32654419556438796,0.0,0.0,0.0,0.0,-0.10981327357112743,-0.030220057499020816,0.0,0.0,0.0,0.0,0.0,0,0,-0.3709485125574588,0.3582683799678629,0.022928521611408424,0.050590264914225636,0.0,0.0,0.1,0.0,0.0,0.0,0.33846461377031034,0.25567540171521996,0.0,1.3877787807814457e-17
1018,0.0,0.8152560427913429,0.5859228483607255,0.0,0.0,0.0,0.0,0.04610925683450478,-0.36762915213396563,0.0,0.0,0.0,0.0,0.0,0,0,-0.37711105793103283,0.9352174465615419,0.04831508009722525,-0.014163771923313855,0.0,0.0,0.1,0.0,0.0,0.0,0.916938047604174,-0.6297637648479039,0.0,1.3877787807814457e-17
1003,0.0,1.4360319622636257,-1.5829808600075517,0.0,0.0,0.0,0.0,0.22588786622319132,-0.7877906860936554,0.0,0.0,0.0,0.0,0.0,0,0,-0.07646728083136105,0.21777619281204882,0.07758577093242086,-0.09479928495588642,0.0,0.0,0.1,0.0,0.0,0.0,0.27911161330906276,-1.0324945715389033,0.0,1.3877787807814457e-17
1005,0.0,-1.5966839649205244,-0.8563522081912808,0.0,0.0,0.0,0.0,-0.47277993119015277,0.27725713780520794,0.0,0.0,0.0,0.0,0.0,0,0,-0.12026568763673161,-1.9407706473267843,-0.03616796853710098,0.10959990617174908,0.0,0.0,0.1,0.0,0.0,0.0,-1.9575119378879458,0.8240265959449813,0.0,1.3877787807814457e-17
1010,0.0,-1.211649608366855,0.06549459389932133,0.0,0.0,0.0,0.0,-0.348656943820927,-0.030779254463093892,0.0,0.0,0.0,0.0,0.0,0,0,-0.38755252407659446,-0.8757615586078965,-0.015958859115354215,0.05048294634638844,0.0,0.0,0.1,0.0,0.0,0.0,-0.8810361238820167,0.8038270562403526,0.0,1.3877787807814457e-17
1015,0.0,-0.0012453697287059043,1.1670100844201894,0.0,0.0,0.0,0.0,0.05074245618297555,0.014061442605098786,0.0,0.0,0.0,0.0,0.0,0,0,-0.2668569368128927,0.8488275076377352,0.04906943539104089,0.05908857137531003,0.0,0.0,0.1,0.0,0.0,0.0,0.8377528292784994,0.06671904895412524,0.0,1.3877787807814457e-17
1008,0.0,-0.5239618320230975,0.8073716576509836,0.0,0.0,0.0,0.0,-0.5101376093000115,-0.8174953541279748,0.0,0.0,0.0,0.0,0.0,0,0,-0.16225034107473044,0.20690380515858936,-0.04225036649308175,-0.10050007132687012,0.0,0.0,0.1,0.0,0.0,0.0,0.19925686036277176,-1.8767507896211857,0.0,1.3877787807814457e-17
1007,0.0,0.8448439883025927,-0.3257423805402715,0.0,0.0,0.0,0.0,-0.5005697458507011,-0.118442118971904,0.0,0.0,0.0,0.0,0.0,0,0,-0.37478512800732083,0.31781555750770746,-0.04069257286050919,0.03365908342168182,0.0,0.0,0.1,0.0,0.0,0.0,0.31005058091875737,1.2056977255465744,0.0,1.3877787807814457e-17
1006,0.0,0.9144609286680077,-0.8402500389321114,0.0,0.0,0.0,0.0,-0.2986957053534649,-0.968502995578523,0.0,0.0,0.0,0.0,0.0,0,0,-0.08646173066417893,0.07083982465779423,-0.007824409917548562,-0.1294807791166789,0.0,0.0,0.1,0.0,0.0,0.0,0.0799972556190804,-1.6085288232897497,0.0,1.3877787807814457e-17
1008,0.0,-0.6598650837391482,0.5500455172897051,0.0,0.0,0.0,0.0,-0.5101376093000115,-0.8174953541279748,0.0,0.0,0.0,0.0,0.0,0,0,-0.16225034107473044,-0.10772545907275041,-0.04225036649308175,-0.10050007132687012,0.0,0.0,0.1,0.0,0.0,0.0,-0.11719442843449028,-1.8767507896211857,0.0,1.3877787807814457e-17
1011,0.0,1.0527079755064332,0.18940979710943978,0.0,0.0,0.0,0.0,-0.5838468546778262,0.2816942532072795,0.0,0.0,0.0,0.0,0.0,0,0,-0.08020106409414571,0.8335893966050576,-0.05425135226377963,0.11045145741552422,0.0,0.0,0.1,0.0,0.0,0.0,0.8200404016675165,0.9275352320354089,0.0,1.3877787807814457e-17
1004,0.0,0.5062352953466022,-0.9218877275064468,0.0,0.0,0.0,0.0,0.2662764594791637,-0.3417027274231282,0.0,0.0,0.0,0.0,0.0,0,0,-0.20597041990931245,-0.3391657998775364,4.501624448379392,0.05155474123593658,0.0,0.0,0.1,0.0,0.0,0.0,-0.33602500430617616,-0.5375987868886124,0.0,1.3877787807814457e-17
1011,0.0,1.0293481708363683,0.2288704084410974,0.0,0.0,0.0,0.0,-0.5838468546778262,0.2816942532072795,0.0,0.0,0.0,0.0,0.0,0,0,-0.08020106409414571,0.8421364337256215,-0.05425135226377963,0.11045145741552422,0.0,0.0,0.1,0.0,0.0,0.0,0.8278683357539856,0.9275352320354089,0.0,1.3877787807814457e-17
1015,0.0,-0.022993188718062683,1.145511321173571,0.0,0.0,0.0,0.0,0.05074245618297555,0.014061442605098786,0.0,0.0,0.0,0.0,0.0,0,0,-0.2668569368128927,0.8161907156157668,0.04906943539104089,0.05908857137531003,0.0,0.0,0.1,0.0,0.0,0.0,0.8051269782197839,0.06671904895412524,0.0,1.3877787807814457e-17
1017,0.0,-0.932109359156239,1.4797446341090306,0.0,0.0,0.0,0.0,-0.12098974932658674,0.06328515003843688,0.0,0.0,0.0,0.0,0.0,0,0,-0.3052015650630588,0.6261207345090528,0.021108821439191735,0.0685353640525077,0.0,0.0,0.1,0.0,0.0,0.0,0.6448361126564617,0.3480469743403168,0.0,1.3877787807814457e-17
1009,0.0,-1.1344694464701275,-1.095560338921429,0.0,0.0,0.0,0.0,0.15582487553334337,-0.06801076509945729,0.0,0.0,0.0,0.0,0.0,0,0,-0.24253565424242074,-1.815270836649813,0.06617845086000028,0.0433376421752801,0.0,0.0,0.1,0.0,0.0,0.0,-1.8387054588623526,-0.12735355635840823,0.0,1.3877787807814457e-17
1004,0.0,0.8844968357033655,-0.13009711725380418,0.0,0.0,0.0,0.0,0.2662764594791637,-0.3417027274231282,0.0,0.0,0.0,0.0,0.0,0,0,-0.20597041990931245,0.47887703325817865,2.472550990650125,-0.34459209560447224,0.0,0.0,0.1,0.0,0.0,0.0,0.46787694017444265,-0.5375987868886124,0.0,1.3877787807814457e-17
1011,0.0,1.2162266081968887,-0.08681448221216359,0.0,0.0,0.0,0.0,-0.5838468546778262,0.2816942532072795,0.0,0.0,0.0,0.0,0.0,0,0,-0.08020106409414571,0.7849965426869598,-0.05425135226377963,0.11045145741552422,0.0,0.0,0.1,0.0,0.0,0.0,0.7780769535109733,0.9275352320354089,0.0,1.3877787807814457e-17
1013,0.0,-1.302687399032348,0.590676759146302,0.0,0.0,0.0,0.0,-0.0036215012208375887,-0.48953003302027437,0.0,0.0,0.0,0.0,0.0,0,0,-0.37305590036753267,-0.42592149691529435,0.04021815661457411,-0.03755844105629058,0.0,0.0,0.1,0.0,0.0,0.0,-0.4139505179519646,-0.9254327436070724,0.0,1.3877787807814457e-17
1003,0.0,1.3676370922727885,-1.5183477406920933,0.0,0.0,0.0,0.0,0.22588786622319132,-0.7877906860936554,0.0,0.0,0.0,0.0,0.0,0,0,-0.07646728083136105,0.1757892729899721,0.07758577093242086,-0.09479928495588642,0.0,0.0,0.1,0.0,0.0,0.0,0.2312660523456002,-1.0324945715389033,0.0,1.3877787807814457e-17
1011,0.0,1.1695069988567586,-0.007893259548848345,0.0,0.0,0.0,0.0,-0.5838468546778262,0.2816942532072795,0.0,0.0,0.0,0.0,0.0,0,0,-0.08020106409414571,0.7968593869755858,-0.05425135226377963,0.11045145741552422,0.0,0.0,0.1,0.0,0.0,0.0,0.7877588555393971,0.9275352320354089,0.0,1.3877787807814457e-17
1016,0.0,-1.160173014090755,0.4506986060722965,0.0,0.0,0.0,0.0,-0.6280317167320081,-0.20536489127722135,0.0,0.0,0.0,0.0,0.0,0,0,-0.3143000422793832,-0.4861970850791563,-0.06144531956156459,0.016977255666063517,0.0,0.0,0.1,0.0,0.0,0.0,-0.4835750684700393,1.473816941149744,0.0,1.3877787807814457e-17
1010,0.0,-1.2714287735539997,0.2318986072576407,0.0,0.0,0.0,0.0,-0.348656943820927,-0.030779254463093892,0.0,0.0,0.0,0.0,0.0,0,0,-0.38755252407659446,-0.7536748459657023,-0.015958859115354215,0.05048294634638844,0.0,0.0,0.1,0.0,0.0,0.0,-0.7525613248652178,0.8038270562403526,0.0,1.3877787807814457e-17
1004,0.0,0.04545128217944411,-0.18893006707993337,0.0,0.0,0.0,0.0,0.2662764594791637,-0.3417027274231282,0.0,0.0,0.0,0.0,0.0,0,0,-0.20597041990931245,-0.23422322517706726,2.3414194773322787,0.49703568410062454,0.0,0.0,0.1,0.0,0.0,0.0,-0.25404604350100685,-0.5375987868886124,0.0,1.3877787807814457e-17
1007,0.0,0.7184015630466214,-0.23434924955311193,0.0,0.0,0.0,0.0,-0.5005697458507011,-0.118442118971904,0.0,0.0,0.0,0.0,0.0,0,0,-0.37478512800732083,0.27181374237286204,-0.04069257286050919,0.03365908342168182,0.0,0.0,0.1,0.0,0.0,0.0,0.26025838933574735,1.2056977255465744,0.0,1.3877787807814457e-17
1002,0.0,0.7228416888985096,1.5453826528364893,0.0,0.0,0.0,0.0,3.95358909858811,3.8445085417700806,0.0,0.0,0.0,0.0,0.0,0,0,4.114911420667305,1.6449388063436083,-0.017902027318934047,0.05663671972577574,0.0,0.0,0.1,0.0,0.0,0.0,1.6306630109908866,0.046291580061113245,0.0,1.3877787807814457e-17
1014,0.0,0.5575409297073802,0.8872160648625738,0.0,0.0,0.0,0.0,-0.4835139837816178,0.26345306356022014,0.0,0.0,0.0,0.0,0.0,0,0,-0.12763006124973528,0.9834351516229275,-0.03791563549192624,0.10695069028995995,0.0,0.0,0.1,0.0,0.0,0.0,0.9652442785829404,0.8404306952350262,0.0,1.3877787807814457e-17
1014,0.0,0.38714710129551183,1.2886980154252492,0.0,0.0,0.0,0.0,-0.4835139837816178,0.26345306356022014,0.0,0.0,0.0,0.0,0.0,0,0,-0.12763006124973528,1.2036410640080568,-0.037915635491930395,0.10695069028995995,0.0,0.0,0.1,0.0,0.0,0.0,1.1895646338875787,0.8404306952350262,0.0,1.3877787807814457e-17
1016,0.0,-1.1667981479326686,0.45239166451404095,0.0,0.0,0.0,0.0,-0.6280317167320081,-0.20536489127722135,0.0,0.0,0.0,0.0,0.0,0,0,-0.3143000422793832,-0.48816130181650735,-0.06144531956156459,0.016977255666063517,0.0,0.0,0.1,0.0,0.0,0.0,-0.48525399813601117,1.473816941149744,0.0,1.3877787807814457e-17
1006,0.0,0.8881890888108729,-1.2180312200387062,0.0,0.0,0.0,0.0,-0.2986957053534649,-0.968502995578523,0.0,0.0,0.0,0.0,0.0,0,0,-0.08646173066417893,-0.1494415676892194,-0.007824409917548562,-0.1294807791166789,0.0,0.0,0.1,0.0,0.0,0.0,-0.12347184482171808,-1.6085288232897497,0.0,1.3877787807814457e-17
1017,0.0,-0.9869690685384868,1.3371311098521081,0.0,0.0,0.0,0.0,-0.12098974932658674,0.06328515003843688,0.0,0.0,0.0,0.0,0.0,0,0,-0.3052015650630588,0.45937993389843945,0.021108821439191735,0.0685353640525077,0.0,0.0,0.1,0.0,0.0,0.0,0.4769431195492927,0.3480469743403168,0.0,1.3877787807814457e-17
1006,0.0,0.8835528817772608,-1.284698487292811,0.0,0.0,0.0,0.0,-0.2986957053534649,-0.968502995578523,0.0,0.0,0.0,0.0,0.0,0,0,-0.08646173066417893,-0.18569952009889673,-0.007824409917548562,-0.1294807791166789,0.0,0.0,0.1,0.0,0.0,0.0,-0.15618412365176884,-1.6085288232897497,0.0,1.3877787807814457e-17
1003,0.0,1.3163409397796608,-1.4698729012054994,0.0,0.0,0.0,0.0,0.22588786622319132,-0.7877906860936554,0.0,0.0,0.0,0.0,0.0,0,0,-0.07646728083136105,0.1453146592387733,0.07758577093242086,-0.09479928495588642,0.0,0.0,0.1,0.0,0.0,0.0,0.19646838089399885,-1.0324945715389033,0.0,1.3877787807814457e-17
1016,0.0,-0.9812944003590834,0.4049860281451958,0.0,0.0,0.0,0.0,-0.6280317167320081,-0.20536489127722135,0.0,0.0,0.0,0.0,0.0,0,0,-0.3143000422793832,-0.42952919713598436,-0.06144531956156459,0.016977255666063517,0.0,0.0,0.1,0.0,0.0,0.0,-0.43388067679646536,1.473816941149744,0.0,1.3877787807814457e-17
1008,0.0,-0.5330220488041676,0.7902165816268983,0.0,0.0,0.0,0.0,-0.5101376093000115,-0.8174953541279748,0.0,0.0,0.0,0.0,0.0,0,0,-0.16225034107473044,0.18591372732639633,-0.04225036649308175,-0.10050007132687012,0.0,0.0,0.1,0.0,0.0,0.0,0.1781481533351755,-1.8767507896211857,0.0,1.3877787807814457e-17
1004,0.0,0.7255155087782741,-0.6151714403241514,0.0,0.0,0.0,0.0,0.2662764594791637,-0.3417027274231282,0.0,0.0,0.0,0.0,0.0,0,0,-0.20597041990931245,0.03474881474250875,3.5485461348851746,4.190603568000835,0.0,0.0,0.1,0.0,0.0,0.0,0.03223974799396423,-0.5375987868886124,0.0,1.3877787807814457e-17
1017,0.0,-0.9988950923172363,1.3061281697962555,0.0,0.0,0.0,0.0,-0.12098974932658674,0.06328515003843688,0.0,0.0,0.0,0.0,0.0,0,0,-0.3052015650630588,0.4231446622705006,0.021108821439191735,0.0685353640525077,0.0,0.0,0.1,0.0,0.0,0.0,0.4404517310327399,0.3480469743403168,0.0,1.3877787807814457e-17
1016,0.0,-1.3258013601385987,0.49302506711590827,0.0,0.0,0.0,0.0,-0.6280317167320081,-0.20536489127722135,0.0,0.0,0.0,0.0,0.0,0,0,-0.3143000422793832,-0.5323561913652447,-0.06144531956156459,0.016977255666063517,0.0,0.0,0.1,0.0,0.0,0.0,-0.5220106475161882,1.473816941149744,0.0,1.3877787807814457e-17
1002,0.0,0.7153512141774564,1.566023991778299,0.0,0.0,0.0,0.0,3.95358909858811,3.8445085417700806,0.0,0.0,0.0,0.0,0.0,0,0,4.114911420667305,1.6575780950342471,-0.017902027318934047,0.05663671972577574,0.0,0.0,0.1,0.0,0.0,0.0,1.6435424544938393,0.046291580061113245,0.0,1.3877787807814457e-17
1020,0.0,0.16804298375147134,0.07179980681238846,0.0,0.0,0.0,0.0,-0.10981327357112743,-0.030220057499020816,0.0,0.0,0.0,0.0,0.0,0,0,-0.3709485125574588,0.055751358832985716,0.022928521611408424,0.050590264914225636,0.0,0.0,0.1,0.0,0.0,0.0,0.035657860343101186,0.25567540171521996,0.0,1.3877787807814457e-17
1010,0.0,-1.2996578237812624,0.3104782802324026,0.0,0.0,0.0,0.0,-0.348656943820927,-0.030779254463093892,0.0,0.0,0.0,0.0,0.0,0,0,-0.38755252407659446,-0.6942723715996825,-0.015958859115354215,0.05048294634638844,0.0,0.0,0.1,0.0,0.0,0.0,-0.6899595140019006,0.8038270562403526,0.0,1.3877787807814457e-17
1007,0.0,0.9494859954109828,-0.40137807515033463,0.0,0.0,0.0,0.0,-0.5005697458507011,-0.118442118971904,0.0,0.0,0.0,0.0,0.0,0,0,-0.37478512800732083,0.35927835062213187,-0.04069257286050919,0.03365908342168182,0.0,0.0,0.1,0.0,0.0,0.0,0.35509445805193357,1.2056977255465744,0.0,1.3877787807814457e-17
1006,0.0,0.8920525946722162,-1.1624751639936188,0.0,0.0,0.0,0.0,-0.2986957053534649,-0.968502995578523,0.0,0.0,0.0,0.0,0.0,0,0,-0.08646173066417893,-0.1186061456947101,-0.007824409917548562,-0.1294807791166789,0.0,0.0,0.1,0.0,0.0,0.0,-0.09545247307829084,-1.6085288232897497,0.0,1.3877787807814457e-17
1015,0.0,0.015065494513311682,1.183134156855153,0.0,0.0,0.0,0.0,0.05074245618297555,0.014061442605098786,0.0,0.0,0.0,0.0,0.0,0,0,-0.2668569368128927,0.8733064368131888,0.04906943539104089,0.05908857137531003,0.0,0.0,0.1,0.0,0.0,0.0,0.8622242957589715,0.06671904895412524,0.0,1.3877787807814457e-17
1003,0.0,1.2992422222819515,-1.4537146213766348,0.0,0.0,0.0,0.0,0.22588786622319132,-0.7877906860936554,0.0,0.0,0.0,0.0,0.0,0,0,-0.07646728083136105,0.1353528164073874,0.07758577093242086,-0.09479928495588642,0.0,0.0,0.1,0.0,0.0,0.0,0.18508015932988375,-1.0324945715389033,0.0,1.3877787807814457e-17
1004,0.0,0.3317083989259344,-0.6769793794772208,0.0,0.0,0.0,0.0,0.2662764594791637,-0.3417027274231282,0.0,0.0,0.0,0.0,0.0,0,0,-0.20597041990931245,-0.34120739521373816,-3.7365926755571524,-4.337911844215745,0.0,0.0,0.1,0.0,0.0,0.0,-0.3495877750264229,-0.5375987868886124,0.0,1.3877787807814457e-17
1018,0.0,0.9384123244447727,0.5622447322492943,0.0,0.0,0.0,0.0,0.04610925683450478,-0.36762915213396563,0.0,0.0,0.0,0.0,0.0,0,0,-0.37711105793103283,1.0112978805539448,0.04831508009722525,-0.014163771923318684,0.0,0.0,0.1,0.0,0.0,0.0,0.9937513857401981,-0.6297637648479039,0.0,1.3877787807814457e-17
1018,0.0,0.8206106637327965,0.584893365051533,0.0,0.0,0.0,0.0,0.04610925683450478,-0.36762915213396563,0.0,0.0,0.0,0.0,0.0,0,0,-0.37711105793103283,0.9384880540548662,0.04831508009722525,-0.014163771923313855,0.0,0.0,0.1,0.0,0.0,0.0,0.9202358444930796,-0.6297637648479039,0.0,1.3877787807814457e-17
1004,0.0,0.9586143946950514,-0.8983549597637253,0.0,0.0,0.0,0.0,0.2662764594791637,-0.3417027274231282,0.0,0.0,0.0,0.0,0.0,0,0,-0.20597041990931245,0.07897877930948777,1.4612652278769347,-5.667160991754263,0.0,0.0,0.1,0.0,0.0,0.0,0.0914654746930632,-0.5375987868886124,0.0,1.3877787807814457e-17
1006,0.0,0.9051885146007836,-0.9735845734403212,0.0,0.0,0.0,0.0,-0.2986957053534649,-0.968502995578523,0.0,0.0,0.0,0.0,0.0,0,0,-0.08646173066417893,-0.009685954705819438,-0.007824409917548562,-0.1294807791166789,0.0,0.0,0.1,0.0,0.0,0.0,0.004796806232175676,-1.6085288232897497,0.0,1.3877787807814457e-17
1004,0.0,0.9289892049039706,-0.35827239699825464,0.0,0.0,0.0,0.0,0.2662764594791637,-0.3417027274231282,0.0,0.0,0.0,0.0,0.0,0,0,-0.20597041990931245,0.3686405956237435,-1.018627614994075,0.07758280947798564,0.0,0.0,0.1,0.0,0.0,0.0,0.36303671966685896,-0.5375987868886124,0.0,1.3877787807814457e-17
1002,0.0,0.7584214438235127,1.4473362928628932,0.0,0.0,0.0,0.0,3.95358909858811,3.8445085417700806,0.0,0.0,0.0,0.0,0.0,0,0,4.114911420667305,1.5857499202443361,-0.017902027318934047,0.05663671972577574,0.0,0.0,0.1,0.0,0.0,0.0,1.5704232324660592,0.046291580061113245,0.0,1.3877787807814457e-17
1015,0.0,-0.14804314790686418,1.0218934325055165,0.0,0.0,0.0,0.0,0.05074245618297555,0.014061442605098786,0.0,0.0,0.0,0.0,0.0,0,0,-0.2668569368128927,0.6285702770334922,0.04906943539104089,0.05908857137531003,0.0,0.0,0.1,0.0,0.0,0.0,0.6175926777875715,0.06671904895412524,0.0,1.3877787807814457e-17
1018,0.0,0.713518244903727,0.6054830312353844,0.0,0.0,0.0,0.0,0.04610925683450478,-0.36762915213396563,0.0,0.0,0.0,0.0,0.0,0,0,-0.37711105793103283,0.8737334439892321,-0.0007448001076066817,-0.002388316827598502,0.0,0.0,0.1,0.0,0.0,0.0,0.8550223038842422,-0.6297637648479039,0.0,1.3877787807814457e-17
1008,0.0,-0.5919134578811229,0.6787085874703443,0.0,0.0,0.0,0.0,-0.5101376093000115,-0.8174953541279748,0.0,0.0,0.0,0.0,0.0,0,0,-0.16225034107473044,0.04952821649777585,-0.04225036649308175,-0.10050007132687012,0.0,0.0,0.1,0.0,0.0,0.0,0.040981761766491244,-1.8767507896211857,0.0,1.3877787807814457e-17
1009,0.0,-1.1417737578464524,-1.0995579858240456,0.0,0.0,0.0,0.0,0.15582487553334337,-0.06801076509945729,0.0,0.0,0.0,0.0,0.0,0,0,-0.24253565424242074,-1.8238216756096852,0.06617845086000028,0.0433376421752801,0.0,0.0,0.1,0.0,0.0,0.0,-1.8472876843101953,-0.12735355635840823,0.0,1.3877787807814457e-17
1006,0.0,0.8935979970167536,-1.1402527415755837,0.0,0.0,0.0,0.0,-0.2986957053534649,-0.968502995578523,0.0,0.0,0.0,0.0,0.0,0,0,-0.08646173066417893,-0.10611647522105176,-0.007824409917548562,-0.1294807791166789,0.0,0.0,0.1,0.0,0.0,0.0,-0.08405459881602291,-1.6085288232897497,0.0,1.3877787807814457e-17
1007,0.0,0.971286413558564,-0.4171355115274311,0.0,0.0,0.0,0.0,-0.5005697458507011,-0.118442118971904,0.0,0.0,0.0,0.0,0.0,0,0,-0.37478512800732083,0.36829641412199865,-0.04069257286050919,0.03365908342168182,0.0,0.0,0.1,0.0,0.0,0.0,0.36490651526399465,1.2056977255465744,0.0,1.3877787807814457e-17
1018,0.0,0.8099014218498894,0.5869523316699181,0.0,0.0,0.0,0.0,0.04610925683450478,-0.36762915213396563,0.0,0.0,0.0,0.0,0.0,0,0,-0.37711105793103283,0.9319502672368721,0.04831508009722525,-0.014163771923313855,0.0,0.0,0.1,0.0,0.0,0.0,0.9136441161749334,-0.6297637648479039,0.0,1.3877787807814457e-17
1009,0.0,-0.9080357938040531,-0.9716332849403145,0.0,0.0,0.0,0.0,0.15582487553334337,-0.06801076509945729,0.0,0.0,0.0,0.0,0.0,0,0,-0.24253565424242074,-1.5496932233107572,0.06617845086000028,0.0433376421752801,0.0,0.0,0.1,0.0,0.0,0.0,-1.5720759645498856,-0.12735355635840823,0.0,1.3877787807814457e-17
1010,0.0,-1.3029788885138816,0.31972294764119813,0.0,0.0,0.0,0.0,-0.348656943820927,-0.030779254463093892,0.0,0.0,0.0,0.0,0.0,0,0,-0.38755252407659446,-0.6872130746508512,-0.015958859115354215,0.05048294634638844,0.0,0.0,0.1,0.0,0.0,0.0,-0.6825172494568057,0.8038270562403526,0.0,1.3877787807814457e-17
1017,0.0,-0.9011016973314903,1.5603522782542476,0.0,0.0,0.0,0.0,-0.12098974932658674,0.06328515003843688,0.0,0.0,0.0,0.0,0.0,0,0,-0.3052015650630588,0.72040597982983,0.021108821439191735,0.0685353640525077,0.0,0.0,0.1,0.0,0.0,0.0,0.7397545162085014,0.3480469743403168,0.0,1.3877787807814457e-17
1020,0.0,0.2791470373926481,0.2709636016548608,0.0,0.0,0.0,0.0,-0.10981327357112743,-0.030220057499020816,0.0,0.0,0.0,0.0,0.0,0,0,-0.3709485125574588,0.2921073699759696,0.022928521611408424,0.050590264914225636,0.0,0.0,0.1,0.0,0.0,0.0,0.27221349753001584,0.25567540171521996,0.0,1.3877787807814457e-17
1017,0.0,-0.979813454271237,1.3557328738856198,0.0,0.0,0.0,0.0,-0.12098974932658674,0.06328515003843688,0.0,0.0,0.0,0.0,0.0,0,0,-0.3052015650630588,0.4811233337242978,0.021108821439191735,0.0685353640525077,0.0,0.0,0.1,0.0,0.0,0.0,0.498839202656334,0.3480469743403168,0.0,1.3877787807814457e-17
1004,0.0,0.03800143882280091,-0.8718998564400806,0.0,0.0,0.0,0.0,0.2662764594791637,-0.3417027274231282,0.0,0.0,0.0,0.0,0.0,0,0,-0.20597041990931245,-0.7144950245950558,-5.583662824447966,-1.69423352112082,0.0,0.0,0.1,0.0,0.0,0.0,-0.7233083310092002,-0.5375987868886124,0.0,1.3877787807814457e-17
1020,0.0,0.3127366350050969,0.3311759117235152,0.0,0.0,0.0,0.0,-0.10981327357112743,-0.030220057499020816,0.0,0.0,0.0,0.0,0.0,0,0,-0.3709485125574588,0.3637855441665874,0.022928521611408424,0.050590264914225636,0.0,0.0,0.1,0.0,0.0,0.0,0.3439898900461583,0.25567540171521996,0.0,1.3877787807814457e-17
1007,0.0,0.8884448245977552,-0.35725725329446445,0.0,0.0,0.0,0.0,-0.5005697458507011,-0.118442118971904,0.0,0.0,0.0,0.0,0.0,0,0,-0.37478512800732083,0.3347226768236407,-0.04069257286050919,0.03365908342168182,0.0,0.0,0.1,0.0,0.0,0.0,0.3284026707677351,1.2056977255465744,0.0,1.3877787807814457e-17
1018,0.0,0.8902207359716915,0.5715100820320296,0.0,0.0,0.0,0.0,0.04610925683450478,-0.36762915213396563,0.0,0.0,0.0,0.0,0.0,0,0,-0.37711105793103283,0.981315466408458,0.04831508009722525,-0.014163771923313855,0.0,0.0,0.1,0.0,0.0,0.0,0.9634558156726597,-0.6297637648479039,0.0,1.3877787807814457e-17
1018,0.0,0.9330577035033193,0.5632742155584873,0.0,0.0,0.0,0.0,0.04610925683450478,-0.36762915213396563,0.0,0.0,0.0,0.0,0.0,0,0,-0.37711105793103283,1.0079532089065768,0.04831508009722525,-0.014163771923318684,0.0,0.0,0.1,0.0,0.0,0.0,0.9903702888460829,-0.6297637648479039,0.0,1.3877787807814457e-17
1006,0.0,0.8758258700545741,-1.3958105993829875,0.0,0.0,0.0,0.0,-0.2986957053534649,-0.968502995578523,0.0,0.0,0.0,0.0,0.0,0,0,-0.08646173066417893,-0.2442792696071926,-0.007824409917548562,-0.12948077911668132,0.0,0.0,0.1,0.0,0.0,0.0,-0.2084388188885349,-1.6085288232897497,0.0,1.3877787807814457e-17
1014,0.0,0.3668621217226697,1.3364934857303297,0.0,0.0,0.0,0.0,-0.4835139837816178,0.26345306356022014,0.0,0.0,0.0,0.0,0.0,0,0,-0.12763006124973528,1.2317129270272722,-0.037915635491930395,0.10695069028995995,0.0,0.0,0.1,0.0,0.0,0.0,1.218343628065383,0.8404306952350262,0.0,1.3877787807814457e-17
1014,0.0,0.5737689133656521,0.8489796886185095,0.0,0.0,0.0,0.0,-0.4835139837816178,0.26345306356022014,0.0,0.0,0.0,0.0,0.0,0,0,-0.12763006124973528,0.9639792696146521,-0.03791563549192624,0.10695069028995995,0.0,0.0,0.1,0.0,0.0,0.0,0.9455844868457005,0.8404306952350262,0.0,1.3877787807814457e-17
1008,0.0,-0.632684433395938,0.6015107453619608,0.0,0.0,0.0,0.0,-0.5101376093000115,-0.8174953541279748,0.0,0.0,0.0,0.0,0.0,0,0,-0.16225034107473044,-0.04483932048129468,-0.04225036649308175,-0.10050007132687012,0.0,0.0,0.1,0.0,0.0,0.0,-0.053936483960773,-1.8767507896211857,0.0,1.3877787807814457e-17
1014,0.0,0.42366006452662763,1.2026661688761044,0.0,0.0,0.0,0.0,-0.4835139837816178,0.26345306356022014,0.0,0.0,0.0,0.0,0.0,0,0,-0.12763006124973528,1.1540798108518604,-0.037915635491930395,0.10695069028995995,0.0,0.0,0.1,0.0,0.0,0.0,1.1388392636641518,0.8404306952350262,0.0,1.3877787807814457e-17
1003,0.0,1.145353764802568,-1.3082901029168534,0.0,0.0,0.0,0.0,0.22588786622319132,-0.7877906860936554,0.0,0.0,0.0,0.0,0.0,0,0,-0.07646728083136105,0.05021994620496667,0.07758577093242086,-0.09479928495588642,0.0,0.0,0.1,0.0,0.0,0.0,0.08748194763435167,-1.0324945715389033,0.0,1.3877787807814457e-17
1012,0.0,-0.4909176357206908,-1.5340339779191174,0.0,0.0,0.0,0.0,-0.25707889404373635,-0.726409349013264,0.0,0.0,0.0,0.0,0.0,0,0,-0.2829357088041328,-1.5742510590925212,-0.0010485603237803704,-0.08301925464359837,0.0,0.0,0.1,0.0,0.0,0.0,-1.569323448108385,-1.5673194654877007,0.0,1.3877787807814457e-17
1005,0.0,-1.616015202450383,-0.8073986834795633,0.0,0.0,0.0,0.0,-0.47277993119015277,0.27725713780520794,0.0,0.0,0.0,0.0,0.0,0,0,-0.12026568763673161,-1.9096813855657853,-0.03616796853710098,0.10959990617174908,0.0,0.0,0.1,0.0,0.0,0.0,-1.9245910021598933,0.8240265959449813,0.0,1.3877787807814457e-17
1002,0.0,0.68351669661298,1.6537496822809903,0.0,0.0,0.0,0.0,3.95358909858811,3.8445085417700806,0.0,0.0,0.0,0.0,0.0,0,0,4.114911420667305,1.7119751204841727,-0.017902027318934047,0.05663671972577574,0.0,0.0,0.1,0.0,0.0,0.0,1.6990303489636576,0.046291580061113245,0.0,1.3877787807814457e-17
1007,0.0,0.7358418975646864,-0.2469551986547891,0.0,0.0,0.0,0.0,-0.5005697458507011,-0.118442118971904,0.0,0.0,0.0,0.0,0.0,0,0,-0.37478512800732083,0.27788831689480586,-0.04069257286050919,0.03365908342168182,0.0,0.0,0.1,0.0,0.0,0.0,0.26681930754616723,1.2056977255465744,0.0,1.3877787807814457e-17
1008,0.0,-0.5964435662716578,0.6701310494583017,0.0,0.0,0.0,0.0,-0.5101376093000115,-0.8174953541279748,0.0,0.0,0.0,0.0,0.0,0,0,-0.16225034107473044,0.03904072582790925,-0.04225036649308175,-0.10050007132687012,0.0,0.0,0.1,0.0,0.0,0.0,0.030433492828950727,-1.8767507896211857,0.0,1.3877787807814457e-17
1008,0.0,-0.5466123739757727,0.7644839675907705,0.0,0.0,0.0,0.0,-0.5101376093000115,-0.8174953541279748,0.0,0.0,0.0,0.0,0.0,0,0,-0.16225034107473044,0.1544323822252554,-0.04225036649308175,-0.10050007132687012,0.0,0.0,0.1,0.0,0.0,0.0,0.14648811649236917,-1.8767507896211857,0.0,1.3877787807814457e-17
1011,0.0,0.9884685126637545,0.29792647827149826,0.0,0.0,0.0,0.0,-0.5838468546778262,0.2816942532072795,0.0,0.0,0.0,0.0,0.0,0,0,-0.08020106409414571,0.858047093707163,-0.05425135226377963,0.11045145741552422,0.0,0.0,0.1,0.0,0.0,0.0,0.8426556718230502,0.9275352320354089,0.0,1.3877787807814457e-17
1010,0.0,-1.301318356147572,0.3151006139368004,0.0,0.0,0.0,0.0,-0.348656943820927,-0.030779254463093892,0.0,0.0,0.0,0.0,0.0,0,0,-0.38755252407659446,-0.6907445598991544,-0.015958859115354215,0.05048294634638844,0.0,0.0,0.1,0.0,0.0,0.0,-0.6862403823740777,0.8038270562403526,0.0,1.3877787807814457e-17
1016,0.0,-1.2396746201937199,0.47101530737323016,0.0,0.0,0.0,0.0,-0.6280317167320081,-0.20536489127722135,0.0,0.0,0.0,0.0,0.0,0,0,-0.3143000422793832,-0.5091228040165674,-0.06144531956156459,0.016977255666063517,0.0,0.0,0.1,0.0,0.0,0.0,-0.5029478338246759,1.473816941149744,0.0,1.3877787807814457e-17
1012,0.0,-0.4915475576721988,-1.667969853536364,0.0,0.0,0.0,0.0,-0.25707889404373635,-0.726409349013264,0.0,0.0,0.0,0.0,0.0,0,0,-0.2829357088041328,-1.648410138673206,-0.0010485603237803704,-0.08301925464359837,0.0,0.0,0.1,0.0,0.0,0.0,-1.6350636909993932,-1.5673194654877007,0.0,1.3877787807814457e-17
1020,0.0,0.17579442935434414,0.08569495528977024,0.0,0.0,0.0,0.0,-0.10981327357112743,-0.030220057499020816,0.0,0.0,0.0,0.0,0.0,0,0,-0.3709485125574588,0.07220278158132801,0.022928521611408424,0.050590264914225636,0.0,0.0,0.1,0.0,0.0,0.0,0.05211626566021581,0.25567540171521996,0.0,1.3877787807814457e-17
1011,0.0,1.251266315201986,-0.14600539920965003,0.0,0.0,0.0,0.0,-0.5838468546778262,0.2816942532072795,0.0,0.0,0.0,0.0,0.0,0,0,-0.08020106409414571,0.777169687369113,-0.05425135226377963,0.11045145741552422,0.0,0.0,0.1,0.0,0.0,0.0,0.7720371215227542,0.9275352320354089,0.0,1.3877787807814457e-17
1009,0.0,-1.1782953147280775,-1.1195462203371287,0.0,0.0,0.0,0.0,0.15582487553334337,-0.06801076509945729,0.0,0.0,0.0,0.0,0.0,0,0,-0.24253565424242074,-1.8665592975698506,0.06617845086000028,0.0433376421752801,0.0,0.0,0.1,0.0,0.0,0.0,-1.8901791880125616,-0.12735355635840823,0.0,1.3877787807814457e-17
1003,0.0,1.4616800385101896,-1.6072182797508485,0.0,0.0,0.0,0.0,0.22588786622319132,-0.7877906860936554,0.0,0.0,0.0,0.0,0.0,0,0,-0.07646728083136105,0.2339138411517099,0.07758577093242086,-0.09479928495588642,0.0,0.0,0.1,0.0,0.0,0.0,0.2974716841298792,-1.0324945715389033,0.0,1.3877787807814457e-17
1010,0.0,-1.2531629175245944,0.18105293650926532,0.0,0.0,0.0,0.0,-0.348656943820927,-0.030779254463093892,0.0,0.0,0.0,0.0,0.0,0,0,-0.38755252407659446,-0.7915247899305033,-0.015958859115354215,0.05048294634638844,0.0,0.0,0.1,0.0,0.0,0.0,-0.7924232725920806,0.8038270562403526,0.0,1.3877787807814457e-17
1020,0.0,0.2817308525936057,0.27559531781398805,0.0,0.0,0.0,0.0,-0.10981327357112743,-0.030220057499020816,0.0,0.0,0.0,0.0,0.0,0,0,-0.3709485125574588,0.2976175796456111,0.022928521611408424,0.050590264914225636,0.0,0.0,0.1,0.0,0.0,0.0,0.27773069306417647,0.25567540171521996,0.0,1.3877787807814457e-17
1010,0.0,-1.26976824118769,0.22727627355324292,0.0,0.0,0.0,0.0,-0.348656943820927,-0.030779254463093892,0.0,0.0,0.0,0.0,0.0,0,0,-0.38755252407659446,-0.7571350692029933,-0.015958859115354215,0.05048294634638844,0.0,0.0,0.1,0.0,0.0,0.0,-0.7562064426044416,0.8038270562403526,0.0,1.3877787807814457e-17
1017,0.0,-0.9631170209809877,1.3991369899638137,0.0,0.0,0.0,0.0,-0.12098974932658674,0.06328515003843688,0.0,0.0,0.0,0.0,0.0,0,0,-0.3052015650630588,0.5318643356114863,0.021108821439191735,0.0685353640525077,0.0,0.0,0.1,0.0,0.0,0.0,0.5499336313826501,0.3480469743403168,0.0,1.3877787807814457e-17
1008,0.0,-0.7549973599403836,0.3699172190368102,0.0,0.0,0.0,0.0,-0.5101376093000115,-0.8174953541279748,0.0,0.0,0.0,0.0,0.0,0,0,-0.16225034107473044,-0.3276537215125682,-0.04225036649308175,-0.10050007132687012,0.0,0.0,0.1,0.0,0.0,0.0,-0.3384539024632249,-1.8767507896211857,0.0,1.3877787807814457e-17
1012,0.0,-0.49191224932833505,-1.7455116762621383,0.0,0.0,0.0,0.0,-0.25707889404373635,-0.726409349013264,0.0,0.0,0.0,0.0,0.0,0,0,-0.2829357088041328,-1.689228014482264,-0.0010485603237803704,-0.08301925464359837,0.0,0.0,0.1,0.0,0.0,0.0,-1.6703149302086475,-1.5673194654877007,0.0,1.3877787807814457e-17
1017,0.0,-0.9655022257367376,1.3929364019526431,0.0,0.0,0.0,0.0,-0.12098974932658674,0.06328515003843688,0.0,0.0,0.0,0.0,0.0,0,0,-0.3052015650630588,0.5246150784458834,0.021108821439191735,0.0685353640525077,0.0,0.0,0.1,0.0,0.0,0.0,0.5426341253537317,0.3480469743403168,0.0,1.3877787807814457e-17
1013,0.0,-1.3652797957038698,0.6337238242609055,0.0,0.0,0.0,0.0,-0.0036215012208375887,-0.48953003302027437,0.0,0.0,0.0,0.0,0.0,0,0,-0.37305590036753267,-0.41480385124797137,0.04021815661457411,-0.03755844105629058,0.0,0.0,0.1,0.0,0.0,0.0,-0.3988608462341073,-0.9254327436070724,0.0,1.3877787807814457e-17
1011,0.0,1.222066559364405,-0.096679635045078,0.0,0.0,0.0,0.0,-0.5838468546778262,0.2816942532072795,0.0,0.0,0.0,0.0,0.0,0,0,-0.08020106409414571,0.7836282288020149,-0.05425135226377963,0.11045145741552422,0.0,0.0,0.1,0.0,0.0,0.0,0.7769974665733285,0.9275352320354089,0.0,1.3877787807814457e-17
1002,0.0,0.7322047822998262,1.5195809791592272,0.0,0.0,0.0,0.0,3.95358909858811,3.8445085417700806,0.0,0.0,0.0,0.0,0.0,0,0,4.114911420667305,1.629226437481942,-0.017902027318934047,0.05663671972577574,0.0,0.0,0.1,0.0,0.0,0.0,1.6146595584821235,0.046291580061113245,0.0,1.3877787807814457e-17
1003,0.0,1.1881005585468412,-1.348685802489015,0.0,0.0,0.0,0.0,0.22588786622319132,-0.7877906860936554,0.0,0.0,0.0,0.0,0.0,0,0,-0.07646728083136105,0.07304027702540769,0.07758577093242086,-0.09479928495588642,0.0,0.0,0.1,0.0,0.0,0.0,0.11369317705446227,-1.0324945715389033,0.0,1.3877787807814457e-17
1014,0.0,0.5413129460491083,0.925452441106638,0.0,0.0,0.0,0.0,-0.4835139837816178,0.26345306356022014,0.0,0.0,0.0,0.0,0.0,0,0,-0.12763006124973528,1.003162777930192,-0.03791563549192624,0.10695069028995995,0.0,0.0,0.1,0.0,0.0,0.0,0.9852108257858747,0.8404306952350262,0.0,1.3877787807814457e-17
1003,0.0,1.3932851685193526,-1.5425851604353902,0.0,0.0,0.0,0.0,0.22588786622319132,-0.7877906860936554,0.0,0.0,0.0,0.0,0.0,0,0,-0.07646728083136105,0.19135455827033326,0.07758577093242086,-0.09479928495588642,0.0,0.0,0.1,0.0,0.0,0.0,0.24901625317860315,-1.0324945715389033,0.0,1.3877787807814457e-17
1012,0.0,-0.49078502057300494,-1.5058369514733814,0.0,0.0,0.0,0.0,-0.25707889404373635,-0.726409349013264,0.0,0.0,0.0,0.0,0.0,0,0,-0.2829357088041328,-1.558069478790076,-0.0010485603237803704,-0.08301925464359837,0.0,0.0,0.1,0.0,0.0,0.0,-1.554730415129967,-1.5673194654877007,0.0,1.3877787807814457e-17
1015,0.0,-0.16979096689622095,1.0003946692588983,0.0,0.0,0.0,0.0,0.05074245618297555,0.014061442605098786,0.0,0.0,0.0,0.0,0.0,0,0,-0.2668569368128927,0.5959480933225612,0.04906943539104089,0.05908857137531003,0.0,0.0,0.1,0.0,0.0,0.0,0.5849897536950797,0.06671904895412524,0.0,1.3877787807814457e-17
1011,0.0,1.2571062663695023,-0.15587055204256445,0.0,0.0,0.0,0.0,-0.5838468546778262,0.2816942532072795,0.0,0.0,0.0,0.0,0.0,0,0,-0.08020106409414571,0.7759546988849072,-0.05425135226377963,0.11045145741552422,0.0,0.0,0.1,0.0,0.0,0.0,0.7711325837112084,0.9275352320354089,0.0,1.3877787807814457e-17
1003,0.0,1.1795511997979866,-1.3406066625745827,0.0,0.0,0.0,0.0,0.22588786622319132,-0.7877906860936554,0.0,0.0,0.0,0.0,0.0,0,0,-0.07646728083136105,0.06842465430190404,0.07758577093242086,-0.09479928495588642,0.0,0.0,0.1,0.0,0.0,0.0,0.10839470014884264,-1.0324945715389033,0.0,1.3877787807814457e-17
1008,0.0,-0.5058413984609575,0.8416818096991541,0.0,0.0,0.0,0.0,-0.5101376093000115,-0.8174953541279748,0.0,0.0,0.0,0.0,0.0,0,0,-0.16225034107473044,0.2488898925328962,-0.04225036649308175,-0.10050007132687012,0.0,0.0,0.1,0.0,0.0,0.0,0.24147901718621398,-1.8767507896211857,0.0,1.3877787807814457e-17
1013,0.0,-1.3965759940396307,0.6552473568182072,0.0,0.0,0.0,0.0,-0.0036215012208375887,-0.48953003302027437,0.0,0.0,0.0,0.0,0.0,0,0,-0.37305590036753267,-0.4087561091768731,0.04021815661457411,-0.03755844105629058,0.0,0.0,0.1,0.0,0.0,0.0,-0.390754688938643,-0.9254327436070724,0.0,1.3877787807814457e-17
1014,0.0,0.47640101141601715,1.0783979460828954,0.0,0.0,0.0,0.0,-0.4835139837816178,0.26345306356022014,0.0,0.0,0.0,0.0,0.0,0,0,-0.12763006124973528,1.0847397413416504,-0.037915635491930395,0.10695069028995995,0.0,0.0,0.1,0.0,0.0,0.0,1.0680788521356839,0.8404306952350262,0.0,1.3877787807814457e-17
1016,0.0,-1.1005468095135311,0.4354610800965963,0.0,0.0,0.0,0.0,-0.6280317167320081,-0.20536489127722135,0.0,0.0,0.0,0.0,0.0,0,0,-0.3143000422793832,-0.46808319479771293,-0.06144531956156459,0.016977255666063517,0.0,0.0,0.1,0.0,0.0,0.0,-0.467941210025555,1.473816941149744,0.0,1.3877787807814457e-17
1004,0.0,0.748860225307616,-0.380768479081609,0.0,0.0,0.0,0.0,0.2662764594791637,-0.3417027274231282,0.0,0.0,0.0,0.0,0.0,0,0,-0.20597041990931245,0.20139153582307093,4.173813555119188,0.046615925882595936,0.0,0.0,0.1,0.0,0.0,0.0,0.19325773924694872,-0.5375987868886124,0.0,1.3877787807814457e-17
1011,0.0,1.0702278290089822,0.15981433861069655,0.0,0.0,0.0,0.0,-0.5838468546778262,0.2816942532072795,0.0,0.0,0.0,0.0,0.0,0,0,-0.08020106409414571,0.8274404082856033,-0.05425135226377963,0.11045145741552422,0.0,0.0,0.1,0.0,0.0,0.0,0.8144678285735488,0.9275352320354089,0.0,1.3877787807814457e-17
1013,0.0,-1.481522818093839,0.7136683737594549,0.0,0.0,0.0,0.0,-0.0036215012208375887,-0.48953003302027437,0.0,0.0,0.0,0.0,0.0,0,0,-0.37305590036753267,-0.3907094776072092,0.04021815661457411,-0.03755844105629058,0.0,0.0,0.1,0.0,0.0,0.0,-0.366886785468935,-0.9254327436070724,0.0,1.3877787807814457e-17
1010,0.0,-1.297997291414953,0.30585594652800485,0.0,0.0,0.0,0.0,-0.348656943820927,-0.030779254463093892,0.0,0.0,0.0,0.0,0.0,0,0,-0.38755252407659446,-0.6977965012847019,-0.015958859115354215,0.05048294634638844,0.0,0.0,0.1,0.0,0.0,0.0,-0.6936746328774046,0.8038270562403526,0.0,1.3877787807814457e-17
1006,0.0,0.8889617899831416,-1.2069200088296888,0.0,0.0,0.0,0.0,-0.2986957053534649,-0.968502995578523,0.0,0.0,0.0,0.0,0.0,0,0,-0.08646173066417893,-0.14331923268000613,-0.007824409917548562,-0.1294807791166789,0.0,0.0,0.1,0.0,0.0,0.0,-0.11792270211645287,-1.6085288232897497,0.0,1.3877787807814457e-17
1005,0.0,-1.4922952822592874,-1.1207012416345548,0.0,0.0,0.0,0.0,-0.47277993119015277,0.27725713780520794,0.0,0.0,0.0,0.0,0.0,0,0,-0.12026568763673161,-2.095669530615448,-0.03616796853710098,0.10959990617174908,0.0,0.0,0.1,0.0,0.0,0.0,-2.119207653487362,0.8240265959449813,0.0,1.3877787807814457e-17
1020,0.0,0.21455165736870813,0.1551706976766792,0.0,0.0,0.0,0.0,-0.10981327357112743,-0.030220057499020816,0.0,0.0,0.0,0.0,0.0,0,0,-0.3709485125574588,0.15454877829353642,0.022928521611408424,0.050590264914225636,0.0,0.0,0.1,0.0,0.0,0.0,0.1345135914457444,0.25567540171521996,0.0,1.3877787807814457e-17
1008,0.0,-0.7504672515498486,0.3784947570488528,0.0,0.0,0.0,0.0,-0.5101376093000115,-0.8174953541279748,0.0,0.0,0.0,0.0,0.0,0,0,-0.16225034107473044,-0.31718739191269824,-0.04225036649308175,-0.10050007132687012,0.0,0.0,0.1,0.0,0.0,0.0,-0.32792311793235207,-1.8767507896211857,0.0,1.3877787807814457e-17
1012,0.0,-0.4918127879675706,-1.7243639064278362,0.0,0.0,0.0,0.0,-0.25707889404373635,-0.726409349013264,0.0,0.0,0.0,0.0,0.0,0,0,-0.2829357088041328,-1.678254133018088,-0.0010485603237803704,-0.08301925464359837,0.0,0.0,0.1,0.0,0.0,0.0,-1.6609114540338228,-1.5673194654877007,0.0,1.3877787807814457e-17
1012,0.0,-0.49134863495067,-1.6256743138677598,0.0,0.0,0.0,0.0,-0.25707889404373635,-0.726409349013264,0.0,0.0,0.0,0.0,0.0,0,0,-0.2829357088041328,-1.6254828241479173,-0.0010485603237803704,-0.08301925464359837,0.0,0.0,0.1,0.0,0.0,0.0,-1.614954790248512,-1.5673194654877007,0.0,1.3877787807814457e-17
1016,0.0,-1.0077949357267384,0.4117582619121737,0.0,0.0,0.0,0.0,-0.6280317167320081,-0.20536489127722135,0.0,0.0,0.0,0.0,0.0,0,0,-0.3143000422793832,-0.43836211104905104,-0.06144531956156459,0.016977255666063517,0.0,0.0,0.1,0.0,0.0,0.0,-0.441768179218576,1.473816941149744,0.0,1.3877787807814457e-17
1012,0.0,-0.4917133266068062,-1.703216136593534,0.0,0.0,0.0,0.0,-0.25707889404373635,-0.726409349013264,0.0,0.0,0.0,0.0,0.0,0,0,-0.2829357088041328,-1.6671609447413271,-0.0010485603237803704,-0.08301925464359837,0.0,0.0,0.1,0.0,0.0,0.0,-1.651349245289713,-1.5673194654877007,0.0,1.3877787807814457e-17
1002,0.0,0.6928797900142966,1.6279480086037281,0.0,0.0,0.0,0.0,3.95358909858811,3.8445085417700806,0.0,0.0,0.0,0.0,0.0,0,0,4.114911420667305,1.6958625369600178,-0.017902027318934047,0.05663671972577574,0.0,0.0,0.1,0.0,0.0,0.0,1.6825853330169538,0.046291580061113245,0.0,1.3877787807814457e-17
1017,0.0,-1.0203619351189854,1.2503228776957207,0.0,0.0,0.0,0.0,-0.12098974932658674,0.06328515003843688,0.0,0.0,0.0,0.0,0.0,0,0,-0.3052015650630588,0.3579331729877987,0.021108821439191735,0.0685353640525077,0.0,0.0,0.1,0.0,0.0,0.0,0.37477395823716547,0.3480469743403168,0.0,1.3877787807814457e-17
1016,0.0,-0.9614189988333421,0.39990685281996236,0.0,0.0,0.0,0.0,-0.6280317167320081,-0.20536489127722135,0.0,0.0,0.0,0.0,0.0,0,0,-0.3143000422793832,-0.42280593917716114,-0.06144531956156459,0.016977255666063517,0.0,0.0,0.1,0.0,0.0,0.0,-0.42784678422757766,1.473816941149744,0.0,1.3877787807814457e-17
1005,0.0,-1.573486479884694,-0.9150964378453417,0.0,0.0,0.0,0.0,-0.47277993119015277,0.27725713780520794,0.0,0.0,0.0,0.0,0.0,0,0,-0.12026568763673161,-1.9771232983251548,-0.03616796853710098,0.10959990617174908,0.0,0.0,0.1,0.0,0.0,0.0,-1.9958509141427532,0.8240265959449813,0.0,1.3877787807814457e-17
1017,0.0,-0.9678874304924875,1.3867358139414725,0.0,0.0,0.0,0.0,-0.12098974932658674,0.06328515003843688,0.0,0.0,0.0,0.0,0.0,0,0,-0.3052015650630588,0.5173660010213894,0.021108821439191735,0.0685353640525077,0.0,0.0,0.1,0.0,0.0,0.0,0.5353347192496494,0.3480469743403168,0.0,1.3877787807814457e-17
1002,0.0,0.6891345526537699,1.638268678074633,0.0,0.0,0.0,0.0,3.95358909858811,3.8445085417700806,0.0,0.0,0.0,0.0,0.0,0,0,4.114911420667305,1.7022962974215738,-0.017902027318934047,0.05663671972577574,0.0,0.0,0.1,0.0,0.0,0.0,1.6891509259845714,0.046291580061113245,0.0,1.3877787807814457e-17
1017,0.0,-1.006050706584486,1.287526405762744,0.0,0.0,0.0,0.0,-0.12098974932658674,0.06328515003843688,0.0,0.0,0.0,0.0,0.0,0,0,-0.3052015650630588,0.401405767478044,0.021108821439191735,0.0685353640525077,0.0,0.0,0.1,0.0,0.0,0.0,0.4185581679625095,0.3480469743403168,0.0,1.3877787807814457e-17
1008,0.0,-0.7685876851119886,0.3441846050006824,0.0,0.0,0.0,0.0,-0.5101376093000115,-0.8174953541279748,0.0,0.0,0.0,0.0,0.0,0,0,-0.16225034107473044,-0.3590486463611214,-0.04225036649308175,-0.10050007132687012,0.0,0.0,0.1,0.0,0.0,0.0,-0.370042834036509,-1.8767507896211857,0.0,1.3877787807814457e-17
1008,0.0,-0.7278167095971735,0.4213824471090659,0.0,0.0,0.0,0.0,-0.5101376093000115,-0.8174953541279748,0.0,0.0,0.0,0.0,0.0,0,0,-0.16225034107473044,-0.2648457745201311,-0.04225036649308175,-0.10050007132687012,0.0,0.0,0.1,0.0,0.0,0.0,-0.2752608282265281,-1.8767507896211857,0.0,1.3877787807814457e-17
1019,0.0,1.2811461423725392,-1.1914259131582878,0.0,0.0,0.0,0.0,-0.7427693564181556,-0.03507348038813234,0.0,0.0,0.0,0.0,0.0,0,0,-0.1764984070108064,0.2314442243626329,-0.08012635169232224,0.049658817808775256,0.0,0.0,0.1,0.0,0.0,0.0,0.26537679223413524,1.3058700155831338,0.0,1.3877787807814457e-17
1018,0.0,0.8366745265571568,0.5818049151239553,0.0,0.0,0.0,0.0,0.04610925683450478,-0.36762915213396563,0.0,0.0,0.0,0.0,0.0,0,0,-0.37711105793103283,0.9483203915922757,0.04831508009722525,-0.014163771923313855,0.0,0.0,0.1,0.0,0.0,0.0,0.9301523585782718,-0.6297637648479039,0.0,1.3877787807814457e-17
1009,0.0,-0.7984711231591785,-0.9116685814010655,0.0,0.0,0.0,0.0,0.15582487553334337,-0.06801076509945729,0.0,0.0,0.0,0.0,0.0,0,0,-0.24253565424242074,-1.4208753588964989,0.06617845086000028,0.0433376421752801,0.0,0.0,0.1,0.0,0.0,0.0,-1.4427098281264377,-0.12735355635840823,0.0,1.3877787807814457e-17
1004,0.0,0.6605285759116868,-0.20921263360301576,0.0,0.0,0.0,0.0,0.2662764594791637,-0.3417027274231282,0.0,0.0,0.0,0.0,0.0,0,0,-0.20597041990931245,0.24097285911164726,5.70294685309606,7.577572975738132,0.0,0.0,0.1,0.0,0.0,0.0,0.22816087742862717,-0.5375987868886124,0.0,1.3877787807814457e-17
1012,0.0,-0.49121601980298407,-1.5974772874220238,0.0,0.0,0.0,0.0,-0.25707889404373635,-0.726409349013264,0.0,0.0,0.0,0.0,0.0,0,0,-0.2829357088041328,-1.609943577561298,-0.0010485603237803704,-0.08301925464359837,0.0,0.0,0.1,0.0,0.0,0.0,-1.6012114514107127,-1.5673194654877007,0.0,1.3877787807814457e-17
1014,0.0,0.5372559501345403,0.9350115351676542,0.0,0.0,0.0,0.0,-0.4835139837816178,0.26345306356022014,0.0,0.0,0.0,0.0,0.0,0,0,-0.12763006124973528,1.0081368460443507,-0.03791563549192624,0.10695069028995995,0.0,0.0,0.1,0.0,0.0,0.0,0.9902500082519803,0.8404306952350262,0.0,1.3877787807814457e-17
1018,0.0,0.986603912917854,0.5529793824665573,0.0,0.0,0.0,0.0,0.04610925683450478,-0.36762915213396563,0.0,0.0,0.0,0.0,0.0,0,0,-0.37711105793103283,1.0415480412990403,0.04831508009722525,-0.014163771923318684,0.0,0.0,0.1,0.0,0.0,0.0,1.0243473144211634,-0.6297637648479039,0.0,1.3877787807814457e-17
1005,0.0,-1.5193590148010896,-1.0521663070381504,0.0,0.0,0.0,0.0,-0.47277993119015277,0.27725713780520794,0.0,0.0,0.0,0.0,0.0,0,0,-0.12026568763673161,-2.0577091466375066,-0.03616796853710098,0.10959990617174908,0.0,0.0,0.1,0.0,0.0,0.0,-2.080050058718877,0.8240265959449813,0.0,1.3877787807814457e-17
1002,0.0,0.6984976460550865,1.6124670043973708,0.0,0.0,0.0,0.0,3.95358909858811,3.8445085417700806,0.0,0.0,0.0,0.0,0.0,0,0,4.114911420667305,1.6862401826134417,-0.017902027318934047,0.05663671972577574,0.0,0.0,0.1,0.0,0.0,0.0,1.672768107264212,0.046291580061113245,0.0,1.3877787807814457e-17
1010,0.0,-1.2182917378320932,0.08398392871691238,0.0,0.0,0.0,0.0,-0.348656943820927,-0.030779254463093892,0.0,0.0,0.0,0.0,0.0,0,0,-0.38755252407659446,-0.8624544309310381,-0.015958859115354215,0.05048294634638844,0.0,0.0,0.1,0.0,0.0,0.0,-0.8670487655960395,0.8038270562403526,0.0,1.3877787807814457e-17
1012,0.0,-0.49101709708145524,-1.5551817477534196,0.0,0.0,0.0,0.0,-0.25707889404373635,-0.726409349013264,0.0,0.0,0.0,0.0,0.0,0,0,-0.2829357088041328,-1.586259557056144,-0.0010485603237803704,-0.08301925464359837,0.0,0.0,0.1,0.0,0.0,0.0,-1.5800995843912238,-1.5673194654877007,0.0,1.3877787807814457e-17
1002,0.0,0.6741536032116634,1.6795513559582524,0.0,0.0,0.0,0.0,3.95358909858811,3.8445085417700806,0.0,0.0,0.0,0.0,0.0,0,0,4.114911420667305,1.7281812994211438,-0.017902027318934047,0.05663671972577574,0.0,0.0,0.1,0.0,0.0,0.0,1.715578377280429,0.046291580061113245,0.0,1.3877787807814457e-17
1007,0.0,0.9582061626700152,-0.4076810497011732,0.0,0.0,0.0,0.0,-0.5005697458507011,-0.118442118971904,0.0,0.0,0.0,0.0,0.0,0,0,-0.37478512800732083,0.3628699805399943,-0.04069257286050919,0.03365908342168182,0.0,0.0,0.1,0.0,0.0,0.0,0.3590017529684606,1.2056977255465744,0.0,1.3877787807814457e-17
1013,0.0,-1.4099886504692427,0.6644717279141937,0.0,0.0,0.0,0.0,-0.0036215012208375887,-0.48953003302027437,0.0,0.0,0.0,0.0,0.0,0,0,-0.37305590036753267,-0.4060648550015195,0.04021815661457411,-0.03755844105629058,0.0,0.0,0.1,0.0,0.0,0.0,-0.38716681022056326,-0.9254327436070724,0.0,1.3877787807814457e-17
1003,0.0,1.359087733523934,-1.510268600777661,0.0,0.0,0.0,0.0,0.22588786622319132,-0.7877906860936554,0.0,0.0,0.0,0.0,0.0,0,0,-0.07646728083136105,0.17064920578940038,0.07758577093242086,-0.09479928495588642,0.0,0.0,0.1,0.0,0.0,0.0,0.2254010564349443,-1.0324945715389033,0.0,1.3877787807814457e-17
1011,0.0,1.2804660710395674,-0.19533116337422207,0.0,0.0,0.0,0.0,-0.5838468546778262,0.2816942532072795,0.0,0.0,0.0,0.0,0.0,0,0,-0.08020106409414571,0.7713509930005833,-0.05425135226377963,0.11045145741552422,0.0,0.0,0.1,0.0,0.0,0.0,0.7678066998387997,0.9275352320354089,0.0,1.3877787807814457e-17
1003,0.0,1.1368044060537135,-1.3002109630024212,0.0,0.0,0.0,0.0,0.22588786622319132,-0.7877906860936554,0.0,0.0,0.0,0.0,0.0,0,0,-0.07646728083136105,0.04573354474800046,0.07758577093242086,-0.09479928495588642,0.0,0.0,0.1,0.0,0.0,0.0,0.08232452035703852,-1.0324945715389033,0.0,1.3877787807814457e-17
1019,0.0,1.203169533983909,-1.150473363666551,0.0,0.0,0.0,0.0,-0.7427693564181556,-0.03507348038813234,0.0,0.0,0.0,0.0,0.0,0,0,-0.1764984070108064,0.17715325457900577,-0.08012635169232224,0.049658817808775256,0.0,0.0,0.1,0.0,0.0,0.0,0.20710632742458782,1.3058700155831338,0.0,1.3877787807814457e-17
1006,0.0,0.8982342040503656,-1.0735854743214788,0.0,0.0,0.0,0.0,-0.2986957053534649,-0.968502995578523,0.0,0.0,0.0,0.0,0.0,0,0,-0.08646173066417893,-0.06812261252907892,-0.007824409917548562,-0.1294807791166789,0.0,0.0,0.1,0.0,0.0,0.0,-0.0492197690802201,-1.6085288232897497,0.0,1.3877787807814457e-17
1016,0.0,-1.213174084826065,0.4642430736062523,0.0,0.0,0.0,0.0,-0.6280317167320081,-0.20536489127722135,0.0,0.0,0.0,0.0,0.0,0,0,-0.3143000422793832,-0.5016376710865025,-0.06144531956156459,0.016977255666063517,0.0,0.0,0.1,0.0,0.0,0.0,-0.4966784977590071,1.473816941149744,0.0,1.3877787807814457e-17
1002,0.0,0.7677845372248293,1.421534619185631,0.0,0.0,0.0,0.0,3.95358909858811,3.8445085417700806,0.0,0.0,0.0,0.0,0.0,0,0,4.114911420667305,1.570409644451849,-0.017902027318934047,0.05663671972577574,0.0,0.0,0.1,0.0,0.0,0.0,1.5548318369465512,0.046291580061113245,0.0,1.3877787807814457e-17
1002,0.0,0.6853893152932433,1.648589347545538,0.0,0.0,0.0,0.0,3.95358909858811,3.8445085417700806,0.0,0.0,0.0,0.0,0.0,0,0,4.114911420667305,1.7087450954041359,-0.017902027318934047,0.05663671972577574,0.0,0.0,0.1,0.0,0.0,0.0,1.6957330788323668,0.046291580061113245,0.0,1.3877787807814457e-17
1010,0.0,-1.2166312054657837,0.07936159501251461,0.0,0.0,0.0,0.0,-0.348656943820927,-0.030779254463093892,0.0,0.0,0.0,0.0,0.0,0,0,-0.38755252407659446,-0.865787412897573,-0.015958859115354215,0.05048294634638844,0.0,0.0,0.1,0.0,0.0,0.0,-0.8705525578351625,0.8038270562403526,0.0,1.3877787807814457e-17
1004,0.0,0.4241220030838093,-0.1756763022030879,0.0,0.0,0.0,0.0,0.2662764594791637,-0.3417027274231282,0.0,0.0,0.0,0.0,0.0,0,0,-0.20597041990931245,0.07245698331482892,3.421145354860398,8.964963663199011,0.0,0.0,0.1,0.0,0.0,0.0,0.056148610122924755,-0.5375987868886124,0.0,1.3877787807814457e-17
1020,0.0,0.17062679895242894,0.07643152297151572,0.0,0.0,0.0,0.0,-0.10981327357112743,-0.030220057499020816,0.0,0.0,0.0,0.0,0.0,0,0,-0.3709485125574588,0.06123449654620001,0.022928521611408424,0.050590264914225636,0.0,0.0,0.1,0.0,0.0,0.0,0.04114319973222838,0.25567540171521996,0.0,1.3877787807814457e-17
1010,0.0,-1.2481813204256655,0.16718593539607204,0.0,0.0,0.0,0.0,-0.348656943820927,-0.030779254463093892,0.0,0.0,0.0,0.0,0.0,0,0,-0.38755252407659446,-0.8017655531886514,-0.015958859115354215,0.05048294634638844,0.0,0.0,0.1,0.0,0.0,0.0,-0.8032041224496288,0.8038270562403526,0.0,1.3877787807814457e-17
1002,0.0,0.719096451537983,1.5557033223073942,0.0,0.0,0.0,0.0,3.95358909858811,3.8445085417700806,0.0,0.0,0.0,0.0,0.0,0,0,4.114911420667305,1.6512507648088615,-0.017902027318934047,0.05663671972577574,0.0,0.0,0.1,0.0,0.0,0.0,1.6370942433518016,0.046291580061113245,0.0,1.3877787807814457e-17
1017,0.0,-0.9225685401332394,1.5045469861537129,0.0,0.0,0.0,0.0,-0.12098974932658674,0.06328515003843688,0.0,0.0,0.0,0.0,0.0,0,0,-0.3052015650630588,0.6551285705419361,0.021108821439191735,0.0685353640525077,0.0,0.0,0.1,0.0,0.0,0.0,0.6740401194215558,0.3480469743403168,0.0,1.3877787807814457e-17
1010,0.0,-1.2681077088213806,0.22265393984884518,0.0,0.0,0.0,0.0,-0.348656943820927,-0.030779254463093892,0.0,0.0,0.0,0.0,0.0,0,0,-0.38755252407659446,-0.7605914550738275,-0.015958859115354215,0.05048294634638844,0.0,0.0,0.1,0.0,0.0,0.0,-0.7598473358647851,0.8038270562403526,0.0,1.3877787807814457e-17
1009,0.0,-0.7838625004065285,-0.9036732875958323,0.0,0.0,0.0,0.0,0.15582487553334337,-0.06801076509945729,0.0,0.0,0.0,0.0,0.0,0,0,-0.24253565424242074,-1.4036858745065734,0.06617845086000028,0.0433376421752801,0.0,0.0,0.1,0.0,0.0,0.0,-1.4254459390196892,-0.12735355635840823,0.0,1.3877787807814457e-17
1010,0.0,-1.2382181262278082,0.1394519331696855,0.0,0.0,0.0,0.0,-0.348656943820927,-0.030779254463093892,0.0,0.0,0.0,0.0,0.0,0,0,-0.38755252407659446,-0.8221401044495901,-0.015958859115354215,0.05048294634638844,0.0,0.0,0.1,0.0,0.0,0.0,-0.8246471212081933,0.8038270562403526,0.0,1.3877787807814457e-17
1004,0.0,0.7838676994829081,-0.7134641104062245,0.0,0.0,0.0,0.0,0.2662764594791637,-0.3417027274231282,0.0,0.0,0.0,0.0,0.0,0,0,-0.20597041990931245,0.026956767785411118,6.3843669268140575,1.7051792804661512,0.0,0.0,0.1,0.0,0.0,0.0,0.028710786744496404,-0.5375987868886124,0.0,1.3877787807814457e-17
1015,0.0,-0.17522792164356016,0.9950199784472438,0.0,0.0,0.0,0.0,0.05074245618297555,0.014061442605098786,0.0,0.0,0.0,0.0,0.0,0,0,-0.2668569368128927,0.5877929060794067,0.04906943539104089,0.05908857137531003,0.0,0.0,0.1,0.0,0.0,0.0,0.5768395900569085,0.06671904895412524,0.0,1.3877787807814457e-17
1020,0.0,0.18096205975625934,0.09495838760802477,0.0,0.0,0.0,0.0,-0.10981327357112743,-0.030220057499020816,0.0,0.0,0.0,0.0,0.0,0,0,-0.3709485125574588,0.08317373241817892,0.022928521611408424,0.050590264914225636,0.0,0.0,0.1,0.0,0.0,0.0,0.06309249568227786,0.25567540171521996,0.0,1.3877787807814457e-17
1011,0.0,1.2746261198720512,-0.18546601054130765,0.0,0.0,0.0,0.0,-0.5838468546778262,0.2816942532072795,0.0,0.0,0.0,0.0,0.0,0,0,-0.08020106409414571,0.7724634527465466,-0.05425135226377963,0.11045145741552422,0.0,0.0,0.1,0.0,0.0,0.0,0.768594303004047,0.9275352320354089,0.0,1.3877787807814457e-17
1010,0.0,-1.286373564850786,0.27349961059722055,0.0,0.0,0.0,0.0,-0.348656943820927,-0.030779254463093892,0.0,0.0,0.0,0.0,0.0,0,0,-0.38755252407659446,-0.7223615977517367,-0.015958859115354215,0.05048294634638844,0.0,0.0,0.1,0.0,0.0,0.0,-0.7195671384608697,0.8038270562403526,0.0,1.3877787807814457e-17
1009,0.0,-0.8349926800408033,-0.9316568159141485,0.0,0.0,0.0,0.0,0.15582487553334337,-0.06801076509945729,0.0,0.0,0.0,0.0,0.0,0,0,-0.24253565424242074,-1.46383521405792,0.06617845086000028,0.0433376421752801,0.0,0.0,0.1,0.0,0.0,0.0,-1.4858544681170651,-0.12735355635840823,0.0,1.3877787807814457e-17
1015,0.0,-0.1317322836648466,1.03801750494048,0.0,0.0,0.0,0.0,0.05074245618297555,0.014061442605098786,0.0,0.0,0.0,0.0,0.0,0,0,-0.2668569368128927,0.6530384047510244,0.04906943539104089,0.05908857137531003,0.0,0.0,0.1,0.0,0.0,0.0,0.6420472241648485,0.06671904895412524,0.0,1.3877787807814457e-17
1005,0.0,-1.646945182498157,-0.7290730439408155,0.0,0.0,0.0,0.0,-0.47277993119015277,0.27725713780520794,0.0,0.0,0.0,0.0,0.0,0,0,-0.12026568763673161,-1.8584864758327821,-0.03616796853710098,0.10959990617174908,0.0,0.0,0.1,0.0,0.0,0.0,-1.8701647373308103,0.8240265959449813,0.0,1.3877787807814457e-17
1010,0.0,-1.243199723326737,0.15331893428287877,0.0,0.0,0.0,0.0,-0.348656943820927,-0.030779254463093892,0.0,0.0,0.0,0.0,0.0,0,0,-0.38755252407659446,-0.8119707393058823,-0.015958859115354215,0.05048294634638844,0.0,0.0,0.1,0.0,0.0,0.0,-0.8139455179227416,0.8038270562403526,0.0,1.3877787807814457e-17
1020,0.0,0.20938402696679292,0.14590726535842466,0.0,0.0,0.0,0.0,-0.10981327357112743,-0.030220057499020816,0.0,0.0,0.0,0.0,0.0,0,0,-0.3709485125574588,0.1435608913254519,0.022928521611408424,0.050590264914225636,0.0,0.0,0.1,0.0,0.0,0.0,0.12351733052515784,0.25567540171521996,0.0,1.3877787807814457e-17
1005,0.0,-1.6353464399802418,-0.758445158767846,0.0,0.0,0.0,0.0,-0.47277993119015277,0.27725713780520794,0.0,0.0,0.0,0.0,0.0,0,0,-0.12026568763673161,-1.8778901085878938,-0.03616796853710098,0.10959990617174908,0.0,0.0,0.1,0.0,0.0,0.0,-1.890821077002735,0.8240265959449813,0.0,1.3877787807814457e-17
1003,0.0,1.4787787560078989,-1.6233765595797132,0.0,0.0,0.0,0.0,0.22588786622319132,-0.7877906860936554,0.0,0.0,0.0,0.0,0.0,0,0,-0.07646728083136105,0.24478973575502114,0.07758577093242086,-0.09479928495588642,0.0,0.0,0.1,0.0,0.0,0.0,0.30983634902083207,-1.0324945715389033,0.0,1.3877787807814457e-17
1018,0.0,0.7510005914939013,0.5982766480710364,0.0,0.0,0.0,0.0,0.04610925683450478,-0.36762915213396563,0.0,0.0,0.0,0.0,0.0,0,0,-0.37711105793103283,0.8962391033677113,0.04831508009722525,-0.014163771923313855,0.0,0.0,0.1,0.0,0.0,0.0,0.8776679835617638,-0.6297637648479039,0.0,1.3877787807814457e-17
1009,0.0,-0.7692538776538785,-0.8956779937905991,0.0,0.0,0.0,0.0,0.15582487553334337,-0.06801076509945729,0.0,0.0,0.0,0.0,0.0,0,0,-0.24253565424242074,-1.386493285840934,0.06617845086000028,0.0433376421752801,0.0,0.0,0.1,0.0,0.0,0.0,-1.4081786866331443,-0.12735355635840823,0.0,1.3877787807814457e-17
1009,0.0,-1.0176004644489278,-1.0315979884795634,0.0,0.0,0.0,0.0,0.15582487553334337,-0.06801076509945729,0.0,0.0,0.0,0.0,0.0,0,0,-0.24253565424242074,-1.6783149838706035,0.06617845086000028,0.0433376421752801,0.0,0.0,0.1,0.0,0.0,0.0,-1.7012235719600621,-0.12735355635840823,0.0,1.3877787807814457e-17
1011,0.0,1.0760677801764984,0.14994918577778216,0.0,0.0,0.0,0.0,-0.5838468546778262,0.2816942532072795,0.0,0.0,0.0,0.0,0.0,0,0,-0.08020106409414571,0.8254406496243745,-0.05425135226377963,0.11045145741552422,0.0,0.0,0.1,0.0,0.0,0.0,0.812667296178302,0.9275352320354089,0.0,1.3877787807814457e-17
1016,0.0,-0.994544668042911,0.40837214502868474,0.0,0.0,0.0,0.0,-0.6280317167320081,-0.20536489127722135,0.0,0.0,0.0,0.0,0.0,0,0,-0.3143000422793832,-0.4339644727355937,-0.06144531956156459,0.016977255666063517,0.0,0.0,0.1,0.0,0.0,0.0,-0.43784700871143606,1.473816941149744,0.0,1.3877787807814457e-17
1012,0.0,-0.49018825240841835,-1.3789503324675687,0.0,0.0,0.0,0.0,-0.25707889404373635,-0.726409349013264,0.0,0.0,0.0,0.0,0.0,0,0,-0.2829357088041328,-1.4829092479562496,-0.0010485603237803704,-0.08301925464359837,0.0,0.0,0.1,0.0,0.0,0.0,-1.4859767595591917,-1.5673194654877007,0.0,1.3877787807814457e-17
1017,0.0,-0.9392649734234887,1.4611428700755191,0.0,0.0,0.0,0.0,-0.12098974932658674,0.06328515003843688,0.0,0.0,0.0,0.0,0.0,0,0,-0.3052015650630588,0.6043666471029839,0.021108821439191735,0.0685353640525077,0.0,0.0,0.1,0.0,0.0,0.0,0.622934095157213,0.3480469743403168,0.0,1.3877787807814457e-17
1017,0.0,-0.9130277211102398,1.529349338198395,0.0,0.0,0.0,0.0,-0.12098974932658674,0.06328515003843688,0.0,0.0,0.0,0.0,0.0,0,0,-0.3052015650630588,0.6841390971939446,0.021108821439191735,0.0685353640525077,0.0,0.0,0.1,0.0,0.0,0.0,0.7032456082224154,0.3480469743403168,0.0,1.3877787807814457e-17
1009,0.0,-0.7911668117828534,-0.9076709344984489,0.0,0.0,0.0,0.0,0.15582487553334337,-0.06801076509945729,0.0,0.0,0.0,0.0,0.0,0,0,-0.24253565424242074,-1.4122810073168781,0.06617845086000028,0.0433376421752801,0.0,0.0,0.1,0.0,0.0,0.0,-1.4340783074347754,-0.12735355635840823,0.0,1.3877787807814457e-17
1013,0.0,-1.5262316728592118,0.7444162774127432,0.0,0.0,0.0,0.0,-0.0036215012208375887,-0.48953003302027437,0.0,0.0,0.0,0.0,0.0,0,0,-0.37305590036753267,-0.3802602916060114,0.04021815661457411,-0.03755844105629058,0.0,0.0,0.1,0.0,0.0,0.0,-0.3532413598734294,-0.9254327436070724,0.0,1.3877787807814457e-17
1002,0.0,0.754676206462986,1.457656962333798,0.0,0.0,0.0,0.0,3.95358909858811,3.8445085417700806,0.0,0.0,0.0,0.0,0.0,0,0,4.114911420667305,1.5919137445689413,-0.017902027318934047,0.05663671972577574,0.0,0.0,0.1,0.0,0.0,0.0,1.5766905257983572,0.046291580061113245,0.0,1.3877787807814457e-17
1020,0.0,0.21971928777062333,0.16443412999493373,0.0,0.0,0.0,0.0,-0.10981327357112743,-0.030220057499020816,0.0,0.0,0.0,0.0,0.0,0,0,-0.3709485125574588,0.1655392119093145,0.022928521611408424,0.050590264914225636,0.0,0.0,0.1,0.0,0.0,0.0,0.14551285372495973,0.25567540171521996,0.0,1.3877787807814457e-17
1016,0.0,-1.074046274145876,0.4286888463296184,0.0,0.0,0.0,0.0,-0.6280317167320081,-0.20536489127722135,0.0,0.0,0.0,0.0,0.0,0,0,-0.3143000422793832,-0.4597821755292321,-0.06144531956156459,0.016977255666063517,0.0,0.0,0.1,0.0,0.0,0.0,-0.46069215776891975,1.473816941149744,0.0,1.3877787807814457e-17
1004,0.0,0.0869672418432357,-0.8627502591319426,0.0,0.0,0.0,0.0,0.2662764594791637,-0.3417027274231282,0.0,0.0,0.0,0.0,0.0,0,0,-0.20597041990931245,-0.6671256228267229,-4.945380411275346,-8.2185154773292,0.0,0.0,0.1,0.0,0.0,0.0,-0.6751958330322998,-0.5375987868886124,0.0,1.3877787807814457e-17
1004,0.0,0.839099048468002,-0.8750594451925002,0.0,0.0,0.0,0.0,0.2662764594791637,-0.3417027274231282,0.0,0.0,0.0,0.0,0.0,0,0,-0.20597041990931245,-0.016072221959150108,3.6693094985867374,-2.231434858593385,0.0,0.0,0.1,0.0,0.0,0.0,-0.007218503156941949,-0.5375987868886124,0.0,1.3877787807814457e-17
1017,0.0,-0.9416501781792386,1.4549422820643485,0.0,0.0,0.0,0.0,-0.12098974932658674,0.06328515003843688,0.0,0.0,0.0,0.0,0.0,0,0,-0.3052015650630588,0.5971156288735292,0.021108821439191735,0.0685353640525077,0.0,0.0,0.1,0.0,0.0,0.0,0.6156336128781251,0.3480469743403168,0.0,1.3877787807814457e-17
1002,0.0,0.6722809845314001,1.684711690693705,0.0,0.0,0.0,0.0,3.95358909858811,3.8445085417700806,0.0,0.0,0.0,0.0,0.0,0,0,4.114911420667305,1.731433709686126,-0.017902027318934047,0.05663671972577574,0.0,0.0,0.1,0.0,0.0,0.0,1.7189002731659342,0.046291580061113245,0.0,1.3877787807814457e-17
1013,0.0,-1.333983597368109,0.6122002917036037,0.0,0.0,0.0,0.0,-0.0036215012208375887,-0.48953003302027437,0.0,0.0,0.0,0.0,0.0,0,0,-0.37305590036753267,-0.4205260302216689,0.04021815661457411,-0.03755844105629058,0.0,0.0,0.1,0.0,0.0,0.0,-0.4065934811522316,-0.9254327436070724,0.0,1.3877787807814457e-17
1014,0.0,0.4196030686120592,1.2122252629371206,0.0,0.0,0.0,0.0,-0.4835139837816178,0.26345306356022014,0.0,0.0,0.0,0.0,0.0,0,0,-0.12763006124973528,1.1595244648643301,-0.037915635491930395,0.10695069028995995,0.0,0.0,0.1,0.0,0.0,0.0,1.1444061686288316,0.8404306952350262,0.0,1.3877787807814457e-17
1005,0.0,-1.558021489860807,-0.9542592576147155,0.0,0.0,0.0,0.0,-0.47277993119015277,0.27725713780520794,0.0,0.0,0.0,0.0,0.0,0,0,-0.12026568763673161,-2.0007639305494855,-0.03616796853710098,0.10959990617174908,0.0,0.0,0.1,0.0,0.0,0.0,-2.020677057200608,0.8240265959449813,0.0,1.3877787807814457e-17
1011,0.0,1.1286273406841447,0.0611628102815525,0.0,0.0,0.0,0.0,-0.5838468546778262,0.2816942532072795,0.0,0.0,0.0,0.0,0.0,0,0,-0.08020106409414571,0.8085703616582572,-0.05425135226377963,0.11045145741552422,0.0,0.0,0.1,0.0,0.0,0.0,0.7977502643627911,0.9275352320354089,0.0,1.3877787807814457e-17
1002,0.0,0.6704083658511367,1.6898720254291573,0.0,0.0,0.0,0.0,3.95358909858811,3.8445085417700806,0.0,0.0,0.0,0.0,0.0,0,0,4.114911420667305,1.7346898327173363,-0.017902027318934047,0.05663671972577574,0.0,0.0,0.1,0.0,0.0,0.0,1.7222262507150259,0.046291580061113245,0.0,1.3877787807814457e-17
1008,0.0,-0.5284919404136326,0.798794119638941,0.0,0.0,0.0,0.0,-0.5101376093000115,-0.8174953541279748,0.0,0.0,0.0,0.0,0.0,0,0,-0.16225034107473044,0.19640851672349757,-0.04225036649308175,-0.10050007132687012,0.0,0.0,0.1,0.0,0.0,0.0,0.18870230705047755,-1.8767507896211857,0.0,1.3877787807814457e-17
1014,0.0,0.5331989542199723,0.9445706292286703,0.0,0.0,0.0,0.0,-0.4835139837816178,0.26345306356022014,0.0,0.0,0.0,0.0,0.0,0,0,-0.12763006124973528,1.0131276991148068,-0.03791563549192624,0.10695069028995995,0.0,0.0,0.1,0.0,0.0,0.0,0.9953081062929329,0.8404306952350262,0.0,1.3877787807814457e-17
1014,0.0,0.40337508495378555,1.250461639181185,0.0,0.0,0.0,0.0,-0.4835139837816178,0.26345306356022014,0.0,0.0,0.0,0.0,0.0,0,0,-0.12763006124973528,1.1814589884686377,-0.037915635491930395,0.10695069028995995,0.0,0.0,0.1,0.0,0.0,0.0,1.1668475832823177,0.8404306952350262,0.0,1.3877787807814457e-17
1020,0.0,0.29981755900030893,0.3080173309278789,0.0,0.0,0.0,0.0,-0.10981327357112743,-0.030220057499020816,0.0,0.0,0.0,0.0,0.0,0,0,-0.3709485125574588,0.33620544212000875,0.022928521611408424,0.050590264914225636,0.0,0.0,0.1,0.0,0.0,0.0,0.3163701405750173,0.25567540171521996,0.0,1.3877787807814457e-17
1015,0.0,-0.18066487639089934,0.9896452876355891,0.0,0.0,0.0,0.0,0.05074245618297555,0.014061442605098786,0.0,0.0,0.0,0.0,0.0,0,0,-0.2668569368128927,0.5796378635063065,-0.0007448001076066817,-0.002388316827598502,0.0,0.0,0.1,0.0,0.0,0.0,0.5686896555248312,0.06671904895412524,0.0,1.3877787807814457e-17
1015,0.0,-0.03386709821274107,1.134761939550262,0.0,0.0,0.0,0.0,0.05074245618297555,0.014061442605098786,0.0,0.0,0.0,0.0,0.0,0,0,-0.2668569368128927,0.7998730917537856,0.04906943539104089,0.05908857137531003,0.0,0.0,0.1,0.0,0.0,0.0,0.7888152564377111,0.06671904895412524,0.0,1.3877787807814457e-17
1018,0.0,0.724227486786634,0.6034240646169993,0.0,0.0,0.0,0.0,0.04610925683450478,-0.36762915213396563,0.0,0.0,0.0,0.0,0.0,0,0,-0.37711105793103283,0.8801460558374088,0.04831508009722525,-0.014163771923313855,0.0,0.0,0.1,0.0,0.0,0.0,0.8614726099972579,-0.6297637648479039,0.0,1.3877787807814457e-17
1006,0.0,0.904415813428515,-0.9846957846493388,0.0,0.0,0.0,0.0,-0.2986957053534649,-0.968502995578523,0.0,0.0,0.0,0.0,0.0,0,0,-0.08646173066417893,-0.016263128956573208,-0.007824409917548562,-0.1294807791166789,0.0,0.0,0.1,0.0,0.0,0.0,-0.001307687780970632,-1.6085288232897497,0.0,1.3877787807814457e-17
1011,0.0,1.093587633679047,0.12035372727903894,0.0,0.0,0.0,0.0,-0.5838468546778262,0.2816942532072795,0.0,0.0,0.0,0.0,0.0,0,0,-0.08020106409414571,0.8195914290428341,-0.05425135226377963,0.11045145741552422,0.0,0.0,0.1,0.0,0.0,0.0,0.8074370742753669,0.9275352320354089,0.0,1.3877787807814457e-17
1008,0.0,-0.7368769263782435,0.4042273710849807,0.0,0.0,0.0,0.0,-0.5101376093000115,-0.8174953541279748,0.0,0.0,0.0,0.0,0.0,0,0,-0.16225034107473044,-0.285784398669931,-0.04225036649308175,-0.10050007132687012,0.0,0.0,0.1,0.0,0.0,0.0,-0.2963274010938019,-1.8767507896211857,0.0,1.3877787807814457e-17
1018,0.0,0.7617098333768082,0.5962176814526513,0.0,0.0,0.0,0.0,0.04610925683450478,-0.36762915213396563,0.0,0.0,0.0,0.0,0.0,0,0,-0.37711105793103283,0.9027008144243552,0.04831508009722525,-0.014163771923313855,0.0,0.0,0.1,0.0,0.0,0.0,0.8841738279809391,-0.6297637648479039,0.0,1.3877787807814457e-17
1016,0.0,-1.021045203410566,0.4151443787956626,0.0,0.0,0.0,0.0,-0.6280317167320081,-0.20536489127722135,0.0,0.0,0.0,0.0,0.0,0,0,-0.3143000422793832,-0.44272200962136216,-0.06144531956156459,0.016977255666063517,0.0,0.0,0.1,0.0,0.0,0.0,-0.4456440600783146,1.473816941149744,0.0,1.3877787807814457e-17
1010,0.0,-1.2797314353855476,0.2550102757796295,0.0,0.0,0.0,0.0,-0.348656943820927,-0.030779254463093892,0.0,0.0,0.0,0.0,0.0,0,0,-0.38755252407659446,-0.7363164758468673,-0.015958859115354215,0.05048294634638844,0.0,0.0,0.1,0.0,0.0,0.0,-0.7342727889947348,0.8038270562403526,0.0,1.3877787807814457e-17
1009,0.0,-1.0029918416962778,-1.0236026946743304,0.0,0.0,0.0,0.0,0.15582487553334337,-0.06801076509945729,0.0,0.0,0.0,0.0,0.0,0,0,-0.24253565424242074,-1.661177496387457,0.06617845086000028,0.0433376421752801,0.0,0.0,0.1,0.0,0.0,0.0,-1.684017565638257,-0.12735355635840823,0.0,1.3877787807814457e-17
1005,0.0,-1.4961615297652593,-1.1109105366922112,0.0,0.0,0.0,0.0,-0.47277993119015277,0.27725713780520794,0.0,0.0,0.0,0.0,0.0,0,0,-0.12026568763673161,-2.0903451231624173,-0.03616796853710098,0.10959990617174908,0.0,0.0,0.1,0.0,0.0,0.0,-2.1137393667275397,0.8240265959449813,0.0,1.3877787807814457e-17
1020,0.0,0.2610603309859449,0.23854158854096993,0.0,0.0,0.0,0.0,-0.10981327357112743,-0.030220057499020816,0.0,0.0,0.0,0.0,0.0,0,0,-0.3709485125574588,0.2535525415534866,0.022928521611408424,0.050590264914225636,0.0,0.0,0.1,0.0,0.0,0.0,0.2336125350070991,0.25567540171521996,0.0,1.3877787807814457e-17
1008,0.0,-0.6553349753486132,0.5586230553017477,0.0,0.0,0.0,0.0,-0.5101376093000115,-0.8174953541279748,0.0,0.0,0.0,0.0,0.0,0,0,-0.16225034107473044,-0.0972458956960655,-0.04225036649308175,-0.10050007132687012,0.0,0.0,0.1,0.0,0.0,0.0,-0.10665263624203165,-1.8767507896211857,0.0,1.3877787807814457e-17
1015,0.0,0.06943504198670364,1.2368810649716984,0.0,0.0,0.0,0.0,0.05074245618297555,0.014061442605098786,0.0,0.0,0.0,0.0,0.0,0,0,-0.2668569368128927,0.9549109490492181,0.04906943539104089,0.05908857137531003,0.0,0.0,0.1,0.0,0.0,0.0,0.9438083931657162,0.06671904895412524,0.0,1.3877787807814457e-17
1012,0.0,-0.49058609785147606,-1.4635414118047771,0.0,0.0,0.0,0.0,-0.25707889404373635,-0.726409349013264,0.0,0.0,0.0,0.0,0.0,0,0,-0.2829357088041328,-1.5334374075119188,-0.0010485603237803704,-0.08301925464359837,0.0,0.0,0.1,0.0,0.0,0.0,-1.5323665439099512,-1.5673194654877007,0.0,1.3877787807814457e-17
1020,0.0,0.18871350535913212,0.10885353608540656,0.0,0.0,0.0,0.0,-0.10981327357112743,-0.030220057499020816,0.0,0.0,0.0,0.0,0.0,0,0,-0.3709485125574588,0.09963512143446956,0.022928521611408424,0.050590264914225636,0.0,0.0,0.1,0.0,0.0,0.0,0.07956272456405276,0.25567540171521996,0.0,1.3877787807814457e-17
1012,0.0,-0.49151440388527734,-1.66092059692493,0.0,0.0,0.0,0.0,-0.25707889404373635,-0.726409349013264,0.0,0.0,0.0,0.0,0.0,0,0,-0.2829357088041328,-1.6446210171497828,-0.0010485603237803704,-0.08301925464359837,0.0,0.0,0.1,0.0,0.0,0.0,-1.6317548161542024,-1.5673194654877007,0.0,1.3877787807814457e-17
1009,0.0,-0.9007314824277282,-0.9676356380376979,0.0,0.0,0.0,0.0,0.15582487553334337,-0.06801076509945729,0.0,0.0,0.0,0.0,0.0,0,0,-0.24253565424242074,-1.5411112431920457,0.06617845086000028,0.0433376421752801,0.0,0.0,0.1,0.0,0.0,0.0,-1.5634580442424393,-0.12735355635840823,0.0,1.3877787807814457e-17
1015,0.0,-0.14260619315952497,1.027268123317171,0.0,0.0,0.0,0.0,0.05074245618297555,0.014061442605098786,0.0,0.0,0.0,0.0,0.0,0,0,-0.2668569368128927,0.6367261786839674,0.04906943539104089,0.05908857137531003,0.0,0.0,0.1,0.0,0.0,0.0,0.625743970873973,0.06671904895412524,0.0,1.3877787807814457e-17
1014,0.0,0.37497611355180654,1.3173752976082975,0.0,0.0,0.0,0.0,-0.4835139837816178,0.26345306356022014,0.0,0.0,0.0,0.0,0.0,0,0,-0.12763006124973528,1.2204385553343355,-0.037915635491930395,0.10695069028995995,0.0,0.0,0.1,0.0,0.0,0.0,1.2067813594447518,0.8404306952350262,0.0,1.3877787807814457e-17
1003,0.0,1.3505383747750794,-1.5021894608632287,0.0,0.0,0.0,0.0,0.22588786622319132,-0.7877906860936554,0.0,0.0,0.0,0.0,0.0,0,0,-0.07646728083136105,0.1655334333985366,0.07758577093242086,-0.09479928495588642,0.0,0.0,0.1,0.0,0.0,0.0,0.2195620875052782,-1.0324945715389033,0.0,1.3877787807814457e-17
1002,0.0,0.7415678757011428,1.493779305481965,0.0,0.0,0.0,0.0,3.95358909858811,3.8445085417700806,0.0,0.0,0.0,0.0,0.0,0,0,4.114911420667305,1.6136110627059015,-0.017902027318934047,0.05663671972577574,0.0,0.0,0.1,0.0,0.0,0.0,1.5987633791291296,0.046291580061113245,0.0,1.3877787807814457e-17
1015,0.0,-0.1208583741701682,1.0487668865637891,0.0,0.0,0.0,0.0,0.05074245618297555,0.014061442605098786,0.0,0.0,0.0,0.0,0.0,0,0,-0.2668569368128927,0.6693511906483001,0.04906943539104089,0.05908857137531003,0.0,0.0,0.1,0.0,0.0,0.0,0.6583513600365556,0.06671904895412524,0.0,1.3877787807814457e-17
1018,0.0,0.7831283171426221,0.592099748215881,0.0,0.0,0.0,0.0,0.04610925683450478,-0.36762915213396563,0.0,0.0,0.0,0.0,0.0,0,0,-0.37711105793103283,0.9156659824807368,0.04831508009722525,-0.014163771923313855,0.0,0.0,0.1,0.0,0.0,0.0,0.8972326843534123,-0.6297637648479039,0.0,1.3877787807814457e-17
1012,0.0,-0.49111655844221963,-1.5763295175877217,0.0,0.0,0.0,0.0,-0.25707889404373635,-0.726409349013264,0.0,0.0,0.0,0.0,0.0,0,0,-0.2829357088041328,-1.5981574209776674,-0.0010485603237803704,-0.08301925464359837,0.0,0.0,0.1,0.0,0.0,0.0,-1.5907294393762919,-1.5673194654877007,0.0,1.3877787807814457e-17
1015,0.0,-0.13716923841218578,1.0326428141288255,0.0,0.0,0.0,0.0,0.05074245618297555,0.014061442605098786,0.0,0.0,0.0,0.0,0.0,0,0,-0.2668569368128927,0.6448822214501672,0.04906943539104089,0.05908857137531003,0.0,0.0,0.1,0.0,0.0,0.0,0.6338954866801725,0.06671904895412524,0.0,1.3877787807814457e-17
1011,0.0,1.2629462175370187,-0.16573570487547884,0.0,0.0,0.0,0.0,-0.5838468546778262,0.2816942532072795,0.0,0.0,0.0,0.0,0.0,0,0,-0.08020106409414571,0.7747653202905059,-0.05425135226377963,0.11045145741552422,0.0,0.0,0.1,0.0,0.0,0.0,0.7702572585538312,0.9275352320354089,0.0,1.3877787807814457e-17
1006,0.0,0.8727350653654994,-1.4402554442190583,0.0,0.0,0.0,0.0,-0.2986957053534649,-0.968502995578523,0.0,0.0,0.0,0.0,0.0,0,0,-0.08646173066417893,-0.26704847301442275,-0.007824409917548562,-0.12948077911668132,0.0,0.0,0.1,0.0,0.0,0.0,-0.22852861655033696,-1.6085288232897497,0.0,1.3877787807814457e-17
1017,0.0,-0.9845838637827369,1.3433316978632788,0.0,0.0,0.0,0.0,-0.12098974932658674,0.06328515003843688,0.0,0.0,0.0,0.0,0.0,0,0,-0.3052015650630588,0.46662754884457097,0.021108821439191735,0.0685353640525077,0.0,0.0,0.1,0.0,0.0,0.0,0.48424171065113925,0.3480469743403168,0.0,1.3877787807814457e-17
1005,0.0,-1.5812189748966374,-0.8955150279606547,0.0,0.0,0.0,0.0,-0.47277993119015277,0.27725713780520794,0.0,0.0,0.0,0.0,0.0,0,0,-0.12026568763673161,-1.9651233541956499,-0.03616796853710098,0.10959990617174908,0.0,0.0,0.1,0.0,0.0,0.0,-1.9832157570454125,0.8240265959449813,0.0,1.3877787807814457e-17
1005,0.0,-1.6082827074384396,-0.8269800933642504,0.0,0.0,0.0,0.0,-0.47277993119015277,0.27725713780520794,0.0,0.0,0.0,0.0,0.0,0,0,-0.12026568763673161,-1.922202430921935,-0.03616796853710098,0.10959990617174908,0.0,0.0,0.1,0.0,0.0,0.0,-1.9378630450365402,0.8240265959449813,0.0,1.3877787807814457e-17
1012,0.0,-0.49194540311525653,-1.7525609328735725,0.0,0.0,0.0,0.0,-0.25707889404373635,-0.726409349013264,0.0,0.0,0.0,0.0,0.0,0,0,-0.2829357088041328,-1.6928592732348315,-0.0010485603237803704,-0.08301925464359837,0.0,0.0,0.1,0.0,0.0,0.0,-1.673413882098757,-1.5673194654877007,0.0,1.3877787807814457e-17
1007,0.0,0.8928049082272714,-0.36040874056988376,0.0,0.0,0.0,0.0,-0.5005697458507011,-0.118442118971904,0.0,0.0,0.0,0.0,0.0,0,0,-0.37478512800732083,0.3364425006033955,-0.04069257286050919,0.03365908342168182,0.0,0.0,0.1,0.0,0.0,0.0,0.33027074240262905,1.2056977255465744,0.0,1.3877787807814457e-17
1015,0.0,0.12380458946009558,1.290627973088244,0.0,0.0,0.0,0.0,0.05074245618297555,0.014061442605098786,0.0,0.0,0.0,0.0,0.0,0,0,-0.2668569368128927,1.0365275256765663,0.04906943539104089,0.05908857137531003,0.0,0.0,0.1,0.0,0.0,0.0,1.0254111416700769,0.06671904895412524,0.0,1.3877787807814457e-17
1016,0.0,-0.941543597307601,0.39482767749472897,0.0,0.0,0.0,0.0,-0.6280317167320081,-0.20536489127722135,0.0,0.0,0.0,0.0,0.0,0,0,-0.3143000422793832,-0.4159985786324611,-0.0007448001076066817,-0.002388316827598502,0.0,0.0,0.1,0.0,0.0,0.0,-0.42171200966169203,1.473816941149744,0.0,1.3877787807814457e-17
1013,0.0,-1.5172899019061372,0.7382666966820854,0.0,0.0,0.0,0.0,-0.0036215012208375887,-0.48953003302027437,0.0,0.0,0.0,0.0,0.0,0,0,-0.37305590036753267,-0.3824023037723302,0.04021815661457411,-0.03755844105629058,0.0,0.0,0.1,0.0,0.0,0.0,-0.35602971182730375,-0.9254327436070724,0.0,1.3877787807814457e-17
1006,0.0,0.8773712723991115,-1.373588176964952,0.0,0.0,0.0,0.0,-0.2986957053534649,-0.968502995578523,0.0,0.0,0.0,0.0,0.0,0,0,-0.08646173066417893,-0.2327513613516826,-0.007824409917548562,-0.12948077911668132,0.0,0.0,0.1,0.0,0.0,0.0,-0.1982182733779967,-1.6085288232897497,0.0,1.3877787807814457e-17
1010,0.0,-1.2614655793561422,0.20416460503125414,0.0,0.0,0.0,0.0,-0.348656943820927,-0.030779254463093892,0.0,0.0,0.0,0.0,0.0,0,0,-0.38755252407659446,-0.7743784487742067,-0.015958859115354215,0.05048294634638844,0.0,0.0,0.1,0.0,0.0,0.0,-0.7743684223612186,0.8038270562403526,0.0,1.3877787807814457e-17
1005,0.0,-1.662410172522044,-0.6899102241714417,0.0,0.0,0.0,0.0,-0.47277993119015277,0.27725713780520794,0.0,0.0,0.0,0.0,0.0,0,0,-0.12026568763673161,-1.8322398929067132,-0.03616796853710098,0.10959990617174908,0.0,0.0,0.1,0.0,0.0,0.0,-1.84217666298659,0.8240265959449813,0.0,1.3877787807814457e-17
1009,0.0,-0.8715142369224282,-0.9516450504272315,0.0,0.0,0.0,0.0,0.15582487553334337,-0.06801076509945729,0.0,0.0,0.0,0.0,0.0,0,0,-0.24253565424242074,-1.5067747356795576,0.06617845086000028,0.0433376421752801,0.0,0.0,0.1,0.0,0.0,0.0,-1.5289768320642596,-0.12735355635840823,0.0,1.3877787807814457e-17
1007,0.0,0.7402019811942027,-0.2501066859302084,0.0,0.0,0.0,0.0,-0.5005697458507011,-0.118442118971904,0.0,0.0,0.0,0.0,0.0,0,0,-0.37478512800732083,0.2794205765861967,-0.04069257286050919,0.03365908342168182,0.0,0.0,0.1,0.0,0.0,0.0,0.2684750135083865,1.2056977255465744,0.0,1.3877787807814457e-17
1017,0.0,-0.9440353829349886,1.4487416940531779,0.0,0.0,0.0,0.0,-0.12098974932658674,0.06328515003843688,0.0,0.0,0.0,0.0,0.0,0,0,-0.3052015650630588,0.5898647838251361,0.021108821439191735,0.0685353640525077,0.0,0.0,0.1,0.0,0.0,0.0,0.6083332263774441,0.3480469743403168,0.0,1.3877787807814457e-17
1004,0.0,0.017629083210533924,-0.9274441164698571,0.0,0.0,0.0,0.0,0.2662764594791637,-0.3417027274231282,0.0,0.0,0.0,0.0,0.0,0,0,-0.20597041990931245,-0.7670627441384112,-7.021143654416594,-2.449938393923484,0.0,0.0,0.1,0.0,0.0,0.0,-0.774641722260453,-0.5375987868886124,0.0,1.3877787807814457e-17
1017,0.0,-1.0346731636534847,1.2131193496286974,0.0,0.0,0.0,0.0,-0.12098974932658674,0.06328515003843688,0.0,0.0,0.0,0.0,0.0,0,0,-0.3052015650630588,0.3144676396309611,0.021108821439191735,0.0685353640525077,0.0,0.0,0.1,0.0,0.0,0.0,0.33099372358900453,0.3480469743403168,0.0,1.3877787807814457e-17
1009,0.0,-1.1198608237174774,-1.0875650451161958,0.0,0.0,0.0,0.0,0.15582487553334337,-0.06801076509945729,0.0,0.0,0.0,0.0,0.0,0,0,-0.24253565424242074,-1.798165909104855,0.06617845086000028,0.0433376421752801,0.0,0.0,0.1,0.0,0.0,0.0,-1.8215371806394163,-0.12735355635840823,0.0,1.3877787807814457e-17
1002,0.0,0.6816440779327166,1.6589100170164428,0.0,0.0,0.0,0.0,3.95358909858811,3.8445085417700806,0.0,0.0,0.0,0.0,0.0,0,0,4.114911420667305,1.7152088893735873,-0.017902027318934047,0.05663671972577574,0.0,0.0,0.1,0.0,0.0,0.0,1.7023317395787214,0.046291580061113245,0.0,1.3877787807814457e-17
1016,0.0,-1.0607960064620485,0.42530272944612946,0.0,0.0,0.0,0.0,-0.6280317167320081,-0.20536489127722135,0.0,0.0,0.0,0.0,0.0,0,0,-0.3143000422793832,-0.455574250080635,-0.06144531956156459,0.016977255666063517,0.0,0.0,0.1,0.0,0.0,0.0,-0.4569986975430977,1.473816941149744,0.0,1.3877787807814457e-17
1020,0.0,0.2429736245792417,0.2061195754270791,0.0,0.0,0.0,0.0,-0.10981327357112743,-0.030220057499020816,0.0,0.0,0.0,0.0,0.0,0,0,-0.3709485125574588,0.2150272688411031,0.022928521611408424,0.050590264914225636,0.0,0.0,0.1,0.0,0.0,0.0,0.195046120518593,0.25567540171521996,0.0,1.3877787807814457e-17
1015,0.0,-0.115421419422829,1.0541415773754437,0.0,0.0,0.0,0.0,0.05074245618297555,0.014061442605098786,0.0,0.0,0.0,0.0,0.0,0,0,-0.2668569368128927,0.6775077920983787,0.04906943539104089,0.05908857137531003,0.0,0.0,0.1,0.0,0.0,0.0,0.666503756373012,0.06671904895412524,0.0,1.3877787807814457e-17
1017,0.0,-0.9368797686677388,1.4673434580866895,0.0,0.0,0.0,0.0,-0.12098974932658674,0.06328515003843688,0.0,0.0,0.0,0.0,0.0,0,0,-0.3052015650630588,0.6116178378750751,0.021108821439191735,0.0685353640525077,0.0,0.0,0.1,0.0,0.0,0.0,0.6302346728127447,0.3480469743403168,0.0,1.3877787807814457e-17
1007,0.0,0.7663624829713002,-0.2690156095827242,0.0,0.0,0.0,0.0,-0.5005697458507011,-0.118442118971904,0.0,0.0,0.0,0.0,0.0,0,0,-0.37478512800732083,0.2887281634244059,-0.04069257286050919,0.03365908342168182,0.0,0.0,0.1,0.0,0.0,0.0,0.2785387637213109,1.2056977255465744,0.0,1.3877787807814457e-17
1015,0.0,-0.15891705740154258,1.0111440508822074,0.0,0.0,0.0,0.0,0.05074245618297555,0.014061442605098786,0.0,0.0,0.0,0.0,0.0,0,0,-0.2668569368128927,0.6122588994199948,0.04906943539104089,0.05908857137531003,0.0,0.0,0.1,0.0,0.0,0.0,0.6012907639720192,0.06671904895412524,0.0,1.3877787807814457e-17
1004,0.0,0.5882617179693681,-0.2914337163254009,0.0,0.0,0.0,0.0,0.2662764594791637,-0.3417027274231282,0.0,0.0,0.0,0.0,0.0,0,0,-0.20597041990931245,0.12607392079624197,-1.4721736122002484,1.0194422246963508,0.0,0.0,0.1,0.0,0.0,0.0,0.11363280031205336,-0.5375987868886124,0.0,1.3877787807814457e-17
1005,0.0,-1.5928177174145526,-0.8661429131336242,0.0,0.0,0.0,0.0,-0.47277993119015277,0.27725713780520794,0.0,0.0,0.0,0.0,0.0,0,0,-0.12026568763673161,-1.9469025261507278,-0.03616796853710098,0.10959990617174908,0.0,0.0,0.1,0.0,0.0,0.0,-1.9639914201706687,0.8240265959449813,0.0,1.3877787807814457e-17
1020,0.0,0.2455574397801993,0.21075129158620637,0.0,0.0,0.0,0.0,-0.10981327357112743,-0.030220057499020816,0.0,0.0,0.0,0.0,0.0,0,0,-0.3709485125574588,0.22052904619234162,0.022928521611408424,0.050590264914225636,0.0,0.0,0.1,0.0,0.0,0.0,0.20055346147374178,0.25567540171521996,0.0,1.3877787807814457e-17
1013,0.0,-1.5396443292888236,0.7536406485087296,0.0,0.0,0.0,0.0,-0.0036215012208375887,-0.48953003302027437,0.0,0.0,0.0,0.0,0.0,0,0,-0.37305590036753267,-0.37699849691188875,0.04021815661457411,-0.03755844105629058,0.0,0.0,0.1,0.0,0.0,0.0,-0.3490035052526241,-0.9254327436070724,0.0,1.3877787807814457e-17
1019,0.0,0.9865678440154924,-1.0367162817450595,0.0,0.0,0.0,0.0,-0.7427693564181556,-0.03507348038813234,0.0,0.0,0.0,0.0,0.0,0,0,-0.1764984070108064,0.031907357846119117,-0.08012635169232224,0.049658817808775256,0.0,0.0,0.1,0.0,0.0,0.0,0.05115344151879994,1.3058700155831338,0.0,1.3877787807814457e-17
1020,0.0,0.21713547256966573,0.15980241383580646,0.0,0.0,0.0,0.0,-0.10981327357112743,-0.030220057499020816,0.0,0.0,0.0,0.0,0.0,0,0,-0.3709485125574588,0.16004367773342962,0.022928521611408424,0.050590264914225636,0.0,0.0,0.1,0.0,0.0,0.0,0.14001284872449135,0.25567540171521996,0.0,1.3877787807814457e-17
1018,0.0,0.9598308082105866,0.5581267990125223,0.0,0.0,0.0,0.0,0.04610925683450478,-0.36762915213396563,0.0,0.0,0.0,0.0,0.0,0,0,-0.37711105793103283,1.024709569271852,0.04831508009722525,-0.014163771923318684,0.0,0.0,0.1,0.0,0.0,0.0,1.0073127867029221,-0.6297637648479039,0.0,1.3877787807814457e-17
1003,0.0,1.5728217022453,-1.7122470986384686,0.0,0.0,0.0,0.0,0.22588786622319132,-0.7877906860936554,0.0,0.0,0.0,0.0,0.0,0,0,-0.07646728083136105,0.3062605235922312,0.07758577093242086,-0.09479928495588642,0.0,0.0,0.1,0.0,0.0,0.0,0.37958827032164727,-1.0324945715389033,0.0,1.3877787807814457e-17
1010,0.0,-1.23157599676257,0.12096259835209446,0.0,0.0,0.0,0.0,-0.348656943820927,-0.030779254463093892,0.0,0.0,0.0,0.0,0.0,0,0,-0.38755252407659446,-0.8356431124645739,-0.015958859115354215,0.05048294634638844,0.0,0.0,0.1,0.0,0.0,0.0,-0.8388534379149448,0.8038270562403526,0.0,1.3877787807814457e-17
1003,0.0,1.4189332447659164,-1.566822580178687,0.0,0.0,0.0,0.0,0.22588786622319132,-0.7877906860936554,0.0,0.0,0.0,0.0,0.0,0,0,-0.07646728083136105,0.20713602767884337,0.07758577093242086,-0.09479928495588642,0.0,0.0,0.1,0.0,0.0,0.0,0.2669972833146862,-1.0324945715389033,0.0,1.3877787807814457e-17
1003,0.0,1.265044787286533,-1.4213980617189057,0.0,0.0,0.0,0.0,0.22588786622319132,-0.7877906860936554,0.0,0.0,0.0,0.0,0.0,0,0,-0.07646728083136105,0.11572693863799771,0.07758577093242086,-0.09479928495588642,0.0,0.0,0.1,0.0,0.0,0.0,0.162624782147136,-1.0324945715389033,0.0,1.3877787807814457e-17
1015,0.0,0.07487199673404282,1.2422557557833531,0.0,0.0,0.0,0.0,0.05074245618297555,0.014061442605098786,0.0,0.0,0.0,0.0,0.0,0,0,-0.2668569368128927,0.9630720716094284,0.04906943539104089,0.05908857137531003,0.0,0.0,0.1,0.0,0.0,0.0,0.9519678423134691,0.06671904895412524,0.0,1.3877787807814457e-17
1014,0.0,0.5494269378782443,0.9063342529846059,0.0,0.0,0.0,0.0,-0.4835139837816178,0.26345306356022014,0.0,0.0,0.0,0.0,0.0,0,0,-0.12763006124973528,0.9932651559078257,-0.03791563549192624,0.10695069028995995,0.0,0.0,0.1,0.0,0.0,0.0,0.9751894129795294,0.8404306952350262,0.0,1.3877787807814457e-17
1011,0.0,1.000148414998787,0.2781961726056694,0.0,0.0,0.0,0.0,-0.5838468546778262,0.2816942532072795,0.0,0.0,0.0,0.0,0.0,0,0,-0.08020106409414571,0.8533777854025049,-0.05425135226377963,0.11045145741552422,0.0,0.0,0.1,0.0,0.0,0.0,0.8382898466399211,0.9275352320354089,0.0,1.3877787807814457e-17
1008,0.0,-0.7006360592539633,0.4728476751813216,0.0,0.0,0.0,0.0,-0.5101376093000115,-0.8174953541279748,0.0,0.0,0.0,0.0,0.0,0,0,-0.16225034107473044,-0.2020144426192356,-0.04225036649308175,-0.10050007132687012,0.0,0.0,0.1,0.0,0.0,0.0,-0.2120482047204398,-1.8767507896211857,0.0,1.3877787807814457e-17
1009,0.0,-0.8496013027934533,-0.9396521097193817,0.0,0.0,0.0,0.0,0.15582487553334337,-0.06801076509945729,0.0,0.0,0.0,0.0,0.0,0,0,-0.24253565424242074,-1.4810135012564596,0.06617845086000028,0.0433376421752801,0.0,0.0,0.1,0.0,0.0,0.0,-1.5031061391393088,-0.12735355635840823,0.0,1.3877787807814457e-17
1015,0.0,-0.07192578144411545,1.0971391038686802,0.0,0.0,0.0,0.0,0.05074245618297555,0.014061442605098786,0.0,0.0,0.0,0.0,0.0,0,0,-0.2668569368128927,0.7427655332989802,0.04906943539104089,0.05908857137531003,0.0,0.0,0.1,0.0,0.0,0.0,0.7317306758192655,0.06671904895412524,0.0,1.3877787807814457e-17
1011,0.0,1.0877476825115309,0.13021888011195334,0.0,0.0,0.0,0.0,-0.5838468546778262,0.2816942532072795,0.0,0.0,0.0,0.0,0.0,0,0,-0.08020106409414571,0.82151613591043,-0.05425135226377963,0.11045145741552422,0.0,0.0,0.1,0.0,0.0,0.0,0.8091518911250719,0.9275352320354089,0.0,1.3877787807814457e-17
1005,0.0,-1.4574990547055418,-1.208817586115646,0.0,0.0,0.0,0.0,-0.47277993119015277,0.27725713780520794,0.0,0.0,0.0,0.0,0.0,0,0,-0.12026568763673161,-2.1420718175143536,-0.03616796853710098,0.10959990617174908,0.0,0.0,0.1,0.0,0.0,0.0,-2.166469702666338,0.8240265959449813,0.0,1.3877787807814457e-17
1019,0.0,1.047216317206649,-1.0685682646830772,0.0,0.0,0.0,0.0,-0.7427693564181556,-0.03507348038813234,0.0,0.0,0.0,0.0,0.0,0,0,-0.1764984070108064,0.07172732789040773,-0.08012635169232224,0.049658817808775256,0.0,0.0,0.1,0.0,0.0,0.0,0.09391245852104368,1.3058700155831338,0.0,1.3877787807814457e-17
1011,0.0,1.0819077313440146,0.14008403294486774,0.0,0.0,0.0,0.0,-0.5838468546778262,0.2816942532072795,0.0,0.0,0.0,0.0,0.0,0,0,-0.08020106409414571,0.8234658840890915,-0.05425135226377963,0.11045145741552422,0.0,0.0,0.1,0.0,0.0,0.0,0.8108953076578869,0.9275352320354089,0.0,1.3877787807814457e-17
1013,0.0,-1.46363927618769,0.7013692122981396,0.0,0.0,0.0,0.0,-0.0036215012208375887,-0.48953003302027437,0.0,0.0,0.0,0.0,0.0,0,0,-0.37305590036753267,-0.39470607617809106,0.04021815661457411,-0.03755844105629058,0.0,0.0,0.1,0.0,0.0,0.0,-0.3721367227317204,-0.9254327436070724,0.0,1.3877787807814457e-17
1006,0.0,0.8866436864663355,-1.2402536424567412,0.0,0.0,0.0,0.0,-0.2986957053534649,-0.968502995578523,0.0,0.0,0.0,0.0,0.0,0,0,-0.08646173066417893,-0.16161855157420824,-0.007824409917548562,-0.1294807791166789,0.0,0.0,0.1,0.0,0.0,0.0,-0.13448731499261343,-1.6085288232897497,0.0,1.3877787807814457e-17
1003,0.0,1.2564954285376784,-1.4133189218044733,0.0,0.0,0.0,0.0,0.22588786622319132,-0.7877906860936554,0.0,0.0,0.0,0.0,0.0,0,0,-0.07646728083136105,0.11088290761018936,0.07758577093242086,-0.09479928495588642,0.0,0.0,0.1,0.0,0.0,0.0,0.15707838115788994,-1.0324945715389033,0.0,1.3877787807814457e-17
1007,0.0,0.8056032356369465,-0.29737899506149784,0.0,0.0,0.0,0.0,-0.5005697458507011,-0.118442118971904,0.0,0.0,0.0,0.0,0.0,0,0,-0.37478512800732083,0.3030544263439523,-0.04069257286050919,0.03365908342168182,0.0,0.0,0.1,0.0,0.0,0.0,0.2940483803977992,1.2056977255465744,0.0,1.3877787807814457e-17
1003,0.0,1.1710018410491319,-1.3325275226601503,0.0,0.0,0.0,0.0,0.22588786622319132,-0.7877906860936554,0.0,0.0,0.0,0.0,0.0,0,0,-0.07646728083136105,0.06383474373518198,0.07758577093242086,-0.09479928495588642,0.0,0.0,0.1,0.0,0.0,0.0,0.10312424425227436,-1.0324945715389033,0.0,1.3877787807814457e-17
1002,0.0,0.7003702647353498,1.6073066696619185,0.0,0.0,0.0,0.0,3.95358909858811,3.8445085417700806,0.0,0.0,0.0,0.0,0.0,0,0,4.114911420667305,1.6830402950164327,-0.017902027318934047,0.05663671972577574,0.0,0.0,0.1,0.0,0.0,0.0,1.6695040350821637,0.046291580061113245,0.0,1.3877787807814457e-17
1019,0.0,0.9519115736205457,-1.018515148637621,0.0,0.0,0.0,0.0,-0.7427693564181556,-0.03507348038813234,0.0,0.0,0.0,0.0,0.0,0,0,-0.1764984070108064,0.009458829622129147,-0.08012635169232224,0.049658817808775256,0.0,0.0,0.1,0.0,0.0,0.0,0.027048991512894242,1.3058700155831338,0.0,1.3877787807814457e-17
1002,0.0,0.7209690702182463,1.5505429875719419,0.0,0.0,0.0,0.0,3.95358909858811,3.8445085417700806,0.0,0.0,0.0,0.0,0.0,0,0,4.114911420667305,1.648092861481423,-0.017902027318934047,0.05663671972577574,0.0,0.0,0.1,0.0,0.0,0.0,1.633876501529981,0.046291580061113245,0.0,1.3877787807814457e-17
1011,0.0,1.3213457292121813,-0.26438723320462293,0.0,0.0,0.0,0.0,-0.5838468546778262,0.2816942532072795,0.0,0.0,0.0,0.0,0.0,0,0,-0.08020106409414571,0.7642832383767749,-0.0007448001076066817,-0.002388316827598502,0.0,0.0,0.1,0.0,0.0,0.0,0.7631136197988331,0.9275352320354089,0.0,1.3877787807814457e-17
1003,0.0,1.3248902985285154,-1.4779520411199318,0.0,0.0,0.0,0.0,0.22588786622319132,-0.7877906860936554,0.0,0.0,0.0,0.0,0.0,0,0,-0.07646728083136105,0.15033256892061295,0.07758577093242086,-0.09479928495588642,0.0,0.0,0.1,0.0,0.0,0.0,0.20220229217474664,-1.0324945715389033,0.0,1.3877787807814457e-17
1015,0.0,-0.03930405296008027,1.1293872487386074,0.0,0.0,0.0,0.0,0.05074245618297555,0.014061442605098786,0.0,0.0,0.0,0.0,0.0,0,0,-0.2668569368128927,0.7917144746730647,0.04906943539104089,0.05908857137531003,0.0,0.0,0.1,0.0,0.0,0.0,0.7806596996835571,0.06671904895412524,0.0,1.3877787807814457e-17
1018,0.0,1.0187316385665748,0.5468024826113994,0.0,0.0,0.0,0.0,0.04610925683450478,-0.36762915213396563,0.0,0.0,0.0,0.0,0.0,0,0,-0.37711105793103283,1.0618616753301184,0.04831508009722525,-0.014163771923318684,0.0,0.0,0.1,0.0,0.0,0.0,1.0449090512781722,-0.6297637648479039,0.0,1.3877787807814457e-17
1003,0.0,1.196649917295696,-1.3567649424034471,0.0,0.0,0.0,0.0,0.22588786622319132,-0.7877906860936554,0.0,0.0,0.0,0.0,0.0,0,0,-0.07646728083136105,0.0776815455667849,0.07758577093242086,-0.09479928495588642,0.0,0.0,0.1,0.0,0.0,0.0,0.11901958034993362,-1.0324945715389033,0.0,1.3877787807814457e-17
1002,0.0,0.7453131130616695,1.4834586360110602,0.0,0.0,0.0,0.0,3.95358909858811,3.8445085417700806,0.0,0.0,0.0,0.0,0.0,0,0,4.114911420667305,1.6073922188586967,-0.017902027318934047,0.05663671972577574,0.0,0.0,0.1,0.0,0.0,0.0,1.5924351294595855,0.046291580061113245,0.0,1.3877787807814457e-17
1003,0.0,1.09405761230944,-1.2598152634302597,0.0,0.0,0.0,0.0,0.22588786622319132,-0.7877906860936554,0.0,0.0,0.0,0.0,0.0,0,0,-0.07646728083136105,0.023693468062727117,0.07758577093242086,-0.09479928495588642,0.0,0.0,0.1,0.0,0.0,0.0,0.05696665633150604,-1.0324945715389033,0.0,1.3877787807814457e-17
1012,0.0,-0.4902877137691828,-1.4000981023018708,0.0,0.0,0.0,0.0,-0.25707889404373635,-0.726409349013264,0.0,0.0,0.0,0.0,0.0,0,0,-0.2829357088041328,-1.4956966757517152,-0.0010485603237803704,-0.08301925464359837,0.0,0.0,0.1,0.0,0.0,0.0,-1.497778097744584,-1.5673194654877007,0.0,1.3877787807814457e-17
1007,0.0,0.9233254936338853,-0.38246915149781885,0.0,0.0,0.0,0.0,-0.5005697458507011,-0.118442118971904,0.0,0.0,0.0,0.0,0.0,0,0,-0.37478512800732083,0.3486286609271159,-0.04069257286050919,0.03365908342168182,0.0,0.0,0.1,0.0,0.0,0.0,0.3435134066918283,1.2056977255465744,0.0,1.3877787807814457e-17
1017,0.0,-1.0370583684092347,1.206918761617527,0.0,0.0,0.0,0.0,-0.12098974932658674,0.06328515003843688,0.0,0.0,0.0,0.0,0.0,0,0,-0.3052015650630588,0.3072240821232137,-0.0007448001076066817,-0.002388316827598502,0.0,0.0,0.1,0.0,0.0,0.0,0.3236974117434045,0.3480469743403168,0.0,1.3877787807814457e-17
1018,0.0,0.7670644543182616,0.5951881981434587,0.0,0.0,0.0,0.0,0.04610925683450478,-0.36762915213396563,0.0,0.0,0.0,0.0,0.0,0,0,-0.37711105793103283,0.9059368963751255,0.04831508009722525,-0.014163771923313855,0.0,0.0,0.1,0.0,0.0,0.0,0.8874326566621035,-0.6297637648479039,0.0,1.3877787807814457e-17
1020,0.0,0.2584765157849873,0.2339098723818427,0.0,0.0,0.0,0.0,-0.10981327357112743,-0.030220057499020816,0.0,0.0,0.0,0.0,0.0,0,0,-0.3709485125574588,0.24804710723926987,0.022928521611408424,0.050590264914225636,0.0,0.0,0.1,0.0,0.0,0.0,0.2281009126728204,0.25567540171521996,0.0,1.3877787807814457e-17
1006,0.0,0.8719623641932307,-1.451366655428076,0.0,0.0,0.0,0.0,-0.2986957053534649,-0.968502995578523,0.0,0.0,0.0,0.0,0.0,0,0,-0.08646173066417893,-0.27268058802139883,-0.007824409917548562,-0.12948077911668132,0.0,0.0,0.1,0.0,0.0,0.0,-0.23347728815021032,-1.6085288232897497,0.0,1.3877787807814457e-17
1012,0.0,-0.4905197902776331,-1.449442898581909,0.0,0.0,0.0,0.0,-0.25707889404373635,-0.726409349013264,0.0,0.0,0.0,0.0,0.0,0,0,-0.2829357088041328,-1.5251320504380108,-0.0010485603237803704,-0.08301925464359837,0.0,0.0,0.1,0.0,0.0,0.0,-1.5247872771432398,-1.5673194654877007,0.0,1.3877787807814457e-17
1005,0.0,-1.5425564998369201,-0.9934220773840895,0.0,0.0,0.0,0.0,-0.47277993119015277,0.27725713780520794,0.0,0.0,0.0,0.0,0.0,0,0,-0.12026568763673161,-2.0239169066272398,-0.03616796853710098,0.10959990617174908,0.0,0.0,0.1,0.0,0.0,0.0,-2.0448965634823497,0.8240265959449813,0.0,1.3877787807814457e-17
1011,0.0,1.2863060222070837,-0.20519631620713646,0.0,0.0,0.0,0.0,-0.5838468546778262,0.2816942532072795,0.0,0.0,0.0,0.0,0.0,0,0,-0.08020106409414571,0.7702642015497833,-0.05425135226377963,0.11045145741552422,0.0,0.0,0.1,0.0,0.0,0.0,0.7670483637798287,0.9275352320354089,0.0,1.3877787807814457e-17
1005,0.0,-1.5232252623070615,-1.0423756020958068,0.0,0.0,0.0,0.0,-0.47277993119015277,0.27725713780520794,0.0,0.0,0.0,0.0,0.0,0,0,-0.12026568763673161,-2.0521564401127033,-0.03616796853710098,0.10959990617174908,0.0,0.0,0.1,0.0,0.0,0.0,-2.074291195445511,0.8240265959449813,0.0,1.3877787807814457e-17
1009,0.0,-1.1052522009648276,-1.0795697513109628,0.0,0.0,0.0,0.0,0.15582487553334337,-0.06801076509945729,0.0,0.0,0.0,0.0,0.0,0,0,-0.24253565424242074,-1.7810567015428378,0.06617845086000028,0.0433376421752801,0.0,0.0,0.1,0.0,0.0,0.0,-1.8043638779913629,-0.12735355635840823,0.0,1.3877787807814457e-17
1005,0.0,-1.5618877373667788,-0.9444685526723721,0.0,0.0,0.0,0.0,-0.47277993119015277,0.27725713780520794,0.0,0.0,0.0,0.0,0.0,0,0,-0.12026568763673161,-1.9948990838567657,-0.03616796853710098,0.10959990617174908,0.0,0.0,0.1,0.0,0.0,0.0,-2.0145267152500046,0.8240265959449813,0.0,1.3877787807814457e-17
1017,0.0,-0.9726578400039874,1.3743346379191315,0.0,0.0,0.0,0.0,-0.12098974932658674,0.06328515003843688,0.0,0.0,0.0,0.0,0.0,0,0,-0.3052015650630588,0.5028683880951759,0.021108821439191735,0.0685353640525077,0.0,0.0,0.1,0.0,0.0,0.0,0.5207362085291575,0.3480469743403168,0.0,1.3877787807814457e-17
1006,0.0,0.906733916945321,-0.9513621510222863,0.0,0.0,0.0,0.0,-0.2986957053534649,-0.968502995578523,0.0,0.0,0.0,0.0,0.0,0,0,-0.08646173066417893,0.003530693789374554,-0.007824409917548562,-0.1294807791166789,0.0,0.0,0.1,0.0,0.0,0.0,0.0170816680266983,-1.6085288232897497,0.0,1.3877787807814457e-17
